Customer_ID,Actual_Default,Probability_of_Default,Risk_Score,Risk_Band,Main_Risk_Driver,Second_Risk_Driver,Third_Risk_Driver
25872,0,0.055321999815669,94,Low,Number of Delayed Months,Bill Balance Trend,BILL_AMT1
26119,0,0.0548454294778815,95,Low,PAY_AMT1,Education: Other,Payment Status Month 4
15425,1,0.6272795177840648,37,High,Recent Payment Status,Maximum Payment Delay,Average Payment Delay
23109,0,0.2326093881286165,77,Medium,Maximum Payment Delay,Credit Utilization,Number of Delayed Months
1638,0,0.6876289136868489,31,High,Recent Payment Status,Maximum Payment Delay,Average Payment Delay
27350,0,0.2935939816458581,71,High,Maximum Payment Delay,PAY_AMT3,Payment Trend
19997,1,0.1611018699987553,84,Medium,Credit Utilization,Credit Limit,BILL_AMT4
12687,0,0.0553215430029043,94,Low,Credit Utilization,Bill Balance Trend,BILL_AMT3
4190,0,0.5231776745926912,48,High,Average Payment Delay,Maximum Payment Delay,Number of Delayed Months
27426,1,0.0586702098454104,94,Low,PAY_AMT4,PAY_AMT6,BILL_AMT3
4828,0,0.1370741136981358,86,Medium,Credit Utilization,Credit Limit,BILL_AMT3
3791,1,0.1021344568047257,90,Medium,BILL_AMT1,Payment Trend,BILL_AMT3
24630,1,0.1381921383170349,86,Medium,BILL_AMT1,Payment Trend,Average Bill Amount
20902,0,0.0611689069596239,94,Low,Payment Trend,BILL_AMT4,PAY_AMT1
7839,0,0.1167454889542737,88,Medium,Credit Utilization,Payment-to-Bill Ratio,BILL_AMT4
6570,1,0.6541196042467247,35,High,Recent Payment Status,Maximum Payment Delay,Average Payment Delay
19417,1,0.3467952202698578,65,High,PAY_AMT3,Average Payment Amount,BILL_AMT1
18353,0,0.1689070900309779,83,Medium,BILL_AMT1,Average Bill Amount,PAY_AMT2
3280,0,0.0426456691082619,96,Low,Payment Trend,PAY_AMT4,Average Payment Amount
11818,0,0.6497461466778756,35,High,Recent Payment Status,Maximum Payment Delay,Average Payment Delay
2521,0,0.0806697715587544,92,Low,Credit Utilization,BILL_AMT3,Education: University
13516,1,0.3328684460078389,67,High,Credit Limit,BILL_AMT5,PAY_AMT3
26310,0,0.2135285359451348,79,Medium,BILL_AMT1,PAY_AMT2,Average Payment Amount
1147,1,0.7132349051643674,29,High,Recent Payment Status,Maximum Payment Delay,Number of Delayed Months
14216,0,0.1467231175230419,85,Medium,PAY_AMT3,BILL_AMT1,Average Payment Amount
9946,0,0.1213742903482323,88,Medium,BILL_AMT1,Payment Trend,Average Bill Amount
21422,0,0.0474646205994405,95,Low,Payment-to-Bill Ratio,PAY_AMT5,BILL_AMT3
25631,0,0.0495129428501195,95,Low,PAY_AMT6,BILL_AMT4,Education: Other
6498,0,0.3077686424287269,69,High,Maximum Payment Delay,Credit Utilization,Payment Trend
27670,0,0.4842480146518187,52,High,Maximum Payment Delay,Average Payment Delay,Number of Delayed Months
11850,0,0.2095251984461847,79,Medium,Maximum Payment Delay,Average Payment Delay,Number of Delayed Months
19286,1,0.1801101425729884,82,Medium,Bill Balance Trend,BILL_AMT1,PAY_AMT2
10519,0,0.0990860686273879,90,Low,Credit Utilization,PAY_AMT3,PAY_AMT4
16461,0,0.1184774907136948,88,Medium,Credit Utilization,BILL_AMT3,Payment-to-Bill Ratio
13331,1,0.3309805404463108,67,High,Maximum Payment Delay,Credit Limit,Bill Balance Trend
27032,0,0.1485925956689867,85,Medium,Maximum Payment Delay,Credit Utilization,PAY_AMT4
16867,0,0.143211302433223,86,Medium,BILL_AMT1,Average Payment Amount,Bill Balance Trend
12054,1,0.6264945572855547,37,High,Recent Payment Status,Maximum Payment Delay,Number of Delayed Months
15811,1,0.6782246658609398,32,High,Recent Payment Status,Maximum Payment Delay,Number of Delayed Months
4784,0,0.1239960566735547,88,Medium,Bill Balance Trend,BILL_AMT1,Number of Delayed Months
19495,0,0.1747281491600507,83,Medium,BILL_AMT1,PAY_AMT6,Payment-to-Bill Ratio
24920,0,0.3217564731345403,68,High,Maximum Payment Delay,Number of Delayed Months,BILL_AMT1
3320,0,0.2740846518298506,73,High,Maximum Payment Delay,Number of Delayed Months,BILL_AMT1
20453,1,0.111781025191132,89,Medium,Credit Utilization,Payment-to-Bill Ratio,Bill Balance Trend
24644,1,0.1157469962715895,88,Medium,Credit Utilization,Credit Limit,BILL_AMT3
22113,0,0.1113667027317012,89,Medium,Credit Limit,PAY_AMT2,PAY_AMT1
18243,0,0.3306947692767006,67,High,Maximum Payment Delay,Average Payment Delay,Number of Delayed Months
26596,0,0.2992798883159783,70,High,PAY_AMT3,Average Payment Amount,BILL_AMT1
28417,0,0.0650804132802903,93,Low,Average Bill Amount,PAY_AMT1,BILL_AMT3
5329,0,0.1626271416270602,84,Medium,BILL_AMT1,PAY_AMT2,PAY_AMT1
26790,0,0.3057008338608817,69,High,PAY_AMT3,Number of Delayed Months,Credit Limit
24096,0,0.1286105875050743,87,Medium,Credit Utilization,Average Bill Amount,Payment Trend
11488,0,0.0620051164831407,94,Low,Bill Balance Trend,BILL_AMT3,BILL_AMT4
19528,1,0.1822033190152283,82,Medium,Credit Limit,Credit Utilization,PAY_AMT2
19463,1,0.1571711408829122,84,Medium,Credit Limit,Credit Utilization,PAY_AMT1
21810,1,0.6260193279718439,37,High,Recent Payment Status,Maximum Payment Delay,Average Payment Delay
12360,0,0.2265073323712667,77,Medium,Credit Limit,Credit Utilization,Bill Balance Trend
11890,0,0.2999156306117751,70,High,PAY_AMT3,BILL_AMT5,Average Payment Amount
9062,0,0.6569874398812473,34,High,Recent Payment Status,Maximum Payment Delay,Average Payment Delay
13201,0,0.1474406719197359,85,Medium,BILL_AMT1,Payment Trend,Number of Delayed Months
19952,0,0.0954908005093476,90,Low,Credit Limit,PAY_AMT6,BILL_AMT5
12282,1,0.651581843605044,35,High,Recent Payment Status,Maximum Payment Delay,Average Payment Delay
27199,1,0.2819856460072638,72,High,Maximum Payment Delay,Payment Trend,Number of Delayed Months
4844,0,0.6678141211169177,33,High,Recent Payment Status,Maximum Payment Delay,Number of Delayed Months
24504,0,0.1092371571808482,89,Medium,PAY_AMT2,PAY_AMT1,BILL_AMT5
17980,0,0.1345068744602864,87,Medium,Credit Utilization,Credit Limit,PAY_AMT6
9883,0,0.1362339277727602,86,Medium,Maximum Payment Delay,Number of Delayed Months,Average Payment Delay
11133,0,0.2432595270708147,76,Medium,Number of Delayed Months,Average Payment Amount,BILL_AMT5
28401,0,0.3957515866963891,60,High,PAY_AMT3,Average Payment Amount,Number of Delayed Months
28935,0,0.1657444274370364,83,Medium,Credit Limit,Payment Trend,BILL_AMT1
972,0,0.1130512524687891,89,Medium,Credit Utilization,BILL_AMT3,BILL_AMT4
15920,0,0.6754645181286011,32,High,Recent Payment Status,Maximum Payment Delay,Credit Limit
14419,0,0.6715472128557364,33,High,Recent Payment Status,Maximum Payment Delay,Average Payment Delay
16012,0,0.133151383659479,87,Medium,PAY_AMT3,Average Payment Amount,BILL_AMT5
8738,0,0.0668218512956007,93,Low,Payment-to-Bill Ratio,PAY_AMT1,BILL_AMT4
3715,0,0.1653420420527271,83,Medium,Credit Limit,BILL_AMT5,PAY_AMT3
23025,0,0.0923782779900877,91,Low,Credit Utilization,BILL_AMT2,BILL_AMT6
21969,0,0.1284128320616078,87,Medium,PAY_AMT3,BILL_AMT5,BILL_AMT1
14593,0,0.0880204757471481,91,Low,Credit Limit,Average Bill Amount,PAY_AMT1
28254,0,0.1401620737247756,86,Medium,Credit Utilization,Credit Limit,BILL_AMT4
12697,0,0.1060461762478459,89,Medium,Average Payment Amount,Bill Balance Trend,Total Payment Amount
13064,1,0.0978774924908062,90,Low,Credit Utilization,BILL_AMT3,PAY_AMT1
2972,0,0.0695623989225,93,Low,Credit Limit,BILL_AMT3,Payment Status Month 3
12275,1,0.6780733784292471,32,High,Recent Payment Status,Maximum Payment Delay,Average Payment Delay
28415,0,0.0904829417534641,91,Low,Average Bill Amount,PAY_AMT5,BILL_AMT5
3662,0,0.103515645128807,90,Medium,BILL_AMT1,Payment Trend,PAY_AMT3
11222,0,0.2815028681212253,72,High,Credit Limit,Credit Utilization,PAY_AMT2
5235,0,0.0818203201961253,92,Low,PAY_AMT6,Average Bill Amount,BILL_AMT5
4388,1,0.3672658038957611,63,High,Maximum Payment Delay,Recent Payment Status,Number of Delayed Months
23994,0,0.3845328710125637,62,High,Credit Limit,BILL_AMT1,Average Bill Amount
14107,0,0.1779675731346886,82,Medium,BILL_AMT1,PAY_AMT3,Payment Trend
3340,1,0.1050967126753389,89,Medium,BILL_AMT5,PAY_AMT1,PAY_AMT5
13575,0,0.1025119250055225,90,Medium,Credit Limit,Credit Utilization,PAY_AMT1
6537,0,0.2275327499534073,77,Medium,Credit Utilization,Credit Limit,Payment-to-Bill Ratio
14413,0,0.1545788017731253,85,Medium,Bill Balance Trend,BILL_AMT1,Number of Delayed Months
26540,0,0.2573985524303021,74,High,PAY_AMT3,BILL_AMT1,Number of Delayed Months
26516,0,0.1002532203974831,90,Medium,Payment Trend,PAY_AMT1,BILL_AMT4
5282,1,0.16422846458192,84,Medium,Credit Utilization,Credit Limit,Payment-to-Bill Ratio
26548,0,0.0717130733817607,93,Low,Credit Utilization,Payment-to-Bill Ratio,Payment Trend
23323,1,0.2015669282935409,80,Medium,Maximum Payment Delay,Number of Delayed Months,PAY_AMT3
6962,0,0.6139517760608441,39,High,Average Payment Delay,Maximum Payment Delay,Number of Delayed Months
24047,0,0.0925089986442735,91,Low,PAY_AMT6,Average Payment Amount,PAY_AMT2
14365,0,0.1800791037978838,82,Medium,Maximum Payment Delay,Number of Delayed Months,Average Payment Delay
2386,0,0.0467677073031571,95,Low,BILL_AMT4,Payment Trend,Education: University
14445,0,0.1346338371767938,87,Medium,Credit Utilization,Payment-to-Bill Ratio,PAY_AMT4
12347,1,0.6932274725397648,31,High,Recent Payment Status,Maximum Payment Delay,Average Payment Delay
27455,0,0.4049513423675761,60,High,Maximum Payment Delay,Number of Delayed Months,Credit Utilization
18385,0,0.2918442576645991,71,High,Maximum Payment Delay,Credit Limit,Bill Balance Trend
23069,0,0.0738751946334834,93,Low,BILL_AMT1,BILL_AMT3,Average Bill Amount
27114,0,0.1462842466871656,85,Medium,Credit Limit,Credit Utilization,BILL_AMT3
15837,0,0.1559452614299174,84,Medium,Credit Utilization,Credit Limit,PAY_AMT1
28705,0,0.1715942571374968,83,Medium,BILL_AMT1,BILL_AMT5,Total Bill Amount
8447,1,0.1893721062302325,81,Medium,Maximum Payment Delay,Number of Delayed Months,Average Payment Delay
21304,1,0.1836943904796996,82,Medium,Credit Utilization,Payment-to-Bill Ratio,BILL_AMT2
15546,1,0.61694908180668,38,High,Recent Payment Status,Maximum Payment Delay,Number of Delayed Months
249,0,0.110837583993205,89,Medium,Maximum Payment Delay,Number of Delayed Months,PAY_AMT1
29372,0,0.156405802206259,84,Medium,BILL_AMT5,PAY_AMT3,Average Payment Amount
7375,1,0.1352107787397849,86,Medium,Maximum Payment Delay,Number of Delayed Months,PAY_AMT2
29546,1,0.1763496601270564,82,Medium,Credit Utilization,Credit Limit,Bill Balance Trend
15301,0,0.2056939058744688,79,Medium,Credit Utilization,PAY_AMT4,Bill Balance Trend
5167,0,0.1443959925364929,86,Medium,PAY_AMT3,BILL_AMT5,Payment-to-Bill Ratio
13873,0,0.5419187646755709,46,High,Recent Payment Status,Maximum Payment Delay,Number of Delayed Months
20736,0,0.3414739522903545,66,High,BILL_AMT1,Average Payment Amount,PAY_AMT3
5119,0,0.0507124864583456,95,Low,BILL_AMT6,PAY_AMT1,Education: Other
8931,0,0.0761860755284535,92,Low,Credit Utilization,Average Bill Amount,BILL_AMT3
715,0,0.1197005325013891,88,Medium,PAY_AMT2,PAY_AMT6,BILL_AMT1
8323,0,0.0630209419192473,94,Low,BILL_AMT1,BILL_AMT5,Payment Status Month 6
21072,0,0.0428144172937475,96,Low,BILL_AMT4,Total Payment Amount,BILL_AMT3
27203,0,0.1301684269899157,87,Medium,Credit Utilization,Payment-to-Bill Ratio,Bill Balance Trend
16122,1,0.5240491942301367,48,High,Average Payment Delay,Maximum Payment Delay,Number of Delayed Months
25347,0,0.1264324838064193,87,Medium,BILL_AMT1,BILL_AMT5,Payment-to-Bill Ratio
5738,0,0.1116509127884821,89,Medium,BILL_AMT1,BILL_AMT3,PAY_AMT5
12762,1,0.1306048300380011,87,Medium,Credit Limit,Average Payment Amount,PAY_AMT2
16824,0,0.078943355283361,92,Low,PAY_AMT2,PAY_AMT1,Education: University
18637,0,0.1264616860654294,87,Medium,Credit Limit,Credit Utilization,PAY_AMT1
1400,0,0.1931018552245126,81,Medium,Maximum Payment Delay,Number of Delayed Months,Credit Limit
10052,0,0.1266697079714953,87,Medium,Credit Utilization,BILL_AMT3,BILL_AMT5
6176,0,0.6681692386300426,33,High,Recent Payment Status,Maximum Payment Delay,Average Payment Delay
12885,0,0.3662979342711625,63,High,Maximum Payment Delay,Number of Delayed Months,PAY_AMT3
14985,0,0.1069319274170649,89,Medium,Payment Trend,BILL_AMT5,PAY_AMT3
11157,0,0.1042831839273882,90,Medium,BILL_AMT1,Payment Trend,Bill Balance Trend
24984,0,0.4363549976112468,56,High,PAY_AMT3,BILL_AMT5,Average Payment Amount
2142,0,0.2511474787265824,75,High,PAY_AMT3,BILL_AMT1,Bill Balance Trend
12728,0,0.0580528115264757,94,Low,Payment-to-Bill Ratio,BILL_AMT3,BILL_AMT4
20815,0,0.1030265932065785,90,Medium,Payment Trend,Credit Utilization,PAY_AMT3
27719,1,0.6802933297391371,32,High,Recent Payment Status,Maximum Payment Delay,Average Payment Delay
26255,0,0.1652982005829325,83,Medium,Credit Utilization,Credit Limit,PAY_AMT6
23823,1,0.5149639421447355,49,High,Maximum Payment Delay,Average Payment Delay,Number of Delayed Months
28781,0,0.0572766944039362,94,Low,Credit Utilization,Payment-to-Bill Ratio,Average Bill Amount
29721,0,0.0594440291145799,94,Low,PAY_AMT2,BILL_AMT3,PAY_AMT1
28556,0,0.0614128920451541,94,Low,Payment Trend,PAY_AMT2,BILL_AMT4
7162,1,0.1630627905966081,84,Medium,Credit Utilization,Payment-to-Bill Ratio,Bill Balance Trend
17394,1,0.6973957229374781,30,High,Recent Payment Status,Maximum Payment Delay,Average Payment Delay
10985,0,0.0869830381814227,91,Low,BILL_AMT1,PAY_AMT6,PAY_AMT2
27321,1,0.4033104826455888,60,High,Average Payment Delay,Maximum Payment Delay,Number of Delayed Months
5646,1,0.3434712929150449,66,High,BILL_AMT1,Average Payment Amount,Average Bill Amount
15667,0,0.2120089589528916,79,Medium,Maximum Payment Delay,Credit Utilization,Number of Delayed Months
407,0,0.102086214111034,90,Medium,BILL_AMT5,PAY_AMT3,PAY_AMT6
22043,0,0.2784873464417846,72,High,Bill Balance Trend,PAY_AMT3,Number of Delayed Months
26084,1,0.1647454730644364,84,Medium,PAY_AMT3,BILL_AMT5,Average Payment Amount
17077,1,0.696972309922817,30,High,Recent Payment Status,Maximum Payment Delay,Average Payment Delay
13277,0,0.0618748924250693,94,Low,PAY_AMT1,BILL_AMT4,Education: Other
9524,0,0.2331189214130633,77,Medium,Credit Limit,Bill Balance Trend,PAY_AMT2
19671,0,0.3483072214399055,65,High,Maximum Payment Delay,Number of Delayed Months,Credit Utilization
12574,1,0.3969508355997274,60,High,Maximum Payment Delay,Credit Limit,Number of Delayed Months
16855,0,0.2911266846296914,71,High,PAY_AMT3,Average Payment Amount,Number of Delayed Months
22419,0,0.0470261364225211,95,Low,PAY_AMT4,Bill Balance Trend,BILL_AMT6
12280,0,0.1126689283651042,89,Medium,BILL_AMT1,Payment Trend,Payment Status Month 6
16499,0,0.2228564396540377,78,Medium,Maximum Payment Delay,Number of Delayed Months,Credit Limit
7493,0,0.2079092003868757,79,Medium,Bill Balance Trend,Credit Limit,PAY_AMT2
17892,1,0.7021037884677873,30,High,Recent Payment Status,Maximum Payment Delay,Number of Delayed Months
29429,0,0.1952081011095723,80,Medium,Credit Utilization,Credit Limit,Bill Balance Trend
19884,0,0.0742807775460727,93,Low,Payment Trend,Average Bill Amount,PAY_AMT1
10088,0,0.1024088279578761,90,Medium,BILL_AMT5,BILL_AMT3,PAY_AMT2
12397,0,0.0793837208733184,92,Low,BILL_AMT1,Credit Limit,Bill Balance Trend
10800,0,0.1376656174335336,86,Medium,Credit Limit,Credit Utilization,PAY_AMT6
23809,0,0.1821038614477182,82,Medium,PAY_AMT3,Payment Trend,PAY_AMT4
20640,1,0.3379165754925055,66,High,Average Payment Delay,Maximum Payment Delay,Number of Delayed Months
3989,0,0.1280558283852745,87,Medium,BILL_AMT1,PAY_AMT2,Total Bill Amount
15168,0,0.1448355617221298,86,Medium,Credit Limit,Credit Utilization,PAY_AMT2
15780,0,0.1010866240701483,90,Medium,PAY_AMT2,PAY_AMT6,BILL_AMT3
5542,0,0.3998866821863516,60,High,Maximum Payment Delay,Number of Delayed Months,Payment Trend
9602,0,0.0714183353989699,93,Low,Bill Balance Trend,PAY_AMT2,PAY_AMT1
16478,1,0.7059836089016591,29,High,Recent Payment Status,Maximum Payment Delay,Average Payment Delay
16898,0,0.0479222225730728,95,Low,Credit Utilization,PAY_AMT4,Average Bill Amount
25136,0,0.0687068626572179,93,Low,PAY_AMT4,BILL_AMT1,Payment Trend
8404,0,0.0535208007925336,95,Low,Average Bill Amount,BILL_AMT3,BILL_AMT5
21059,0,0.0734466050926019,93,Low,Credit Limit,PAY_AMT6,Average Bill Amount
6110,0,0.1841838887739088,82,Medium,Credit Utilization,Payment-to-Bill Ratio,Bill Balance Trend
28519,0,0.1540884291355795,85,Medium,Credit Utilization,Credit Limit,Payment-to-Bill Ratio
26551,1,0.0887210119703095,91,Low,Credit Limit,Payment Trend,PAY_AMT5
1552,0,0.0633238604295471,94,Low,Bill Balance Trend,PAY_AMT1,BILL_AMT3
14074,0,0.1463105205407376,85,Medium,Credit Limit,Credit Utilization,Payment-to-Bill Ratio
6951,0,0.440965332548789,56,High,Average Payment Delay,Maximum Payment Delay,Number of Delayed Months
28079,1,0.2251133095389564,77,Medium,BILL_AMT1,BILL_AMT5,Credit Limit
1038,1,0.1982873740571596,80,Medium,Credit Utilization,Payment-to-Bill Ratio,BILL_AMT3
1797,0,0.0777700794935887,92,Low,Credit Utilization,Average Bill Amount,Payment Trend
23391,1,0.1318179909835413,87,Medium,PAY_AMT3,BILL_AMT1,PAY_AMT6
29383,0,0.2104569742527973,79,Medium,Maximum Payment Delay,Credit Utilization,Number of Delayed Months
27184,0,0.0465033775966705,95,Low,Payment Status Month 4,Education: Other,BILL_AMT4
22196,0,0.1139229359186725,89,Medium,Credit Utilization,BILL_AMT3,Credit Limit
101,0,0.1705915306312832,83,Medium,BILL_AMT1,Payment Trend,BILL_AMT5
4030,1,0.2594725749916122,74,High,BILL_AMT1,PAY_AMT3,Average Payment Amount
2256,0,0.6268395975615242,37,High,Recent Payment Status,Maximum Payment Delay,Number of Delayed Months
23128,0,0.0637995565354155,94,Low,BILL_AMT3,PAY_AMT1,Payment-to-Bill Ratio
19045,0,0.1059931905974119,89,Medium,Bill Balance Trend,BILL_AMT1,Payment Trend
12231,0,0.4604935608488725,54,High,Average Payment Delay,Maximum Payment Delay,Number of Delayed Months
20978,1,0.6736478642365945,33,High,Recent Payment Status,Maximum Payment Delay,Bill Balance Trend
4746,0,0.4773248529321734,52,High,Average Payment Delay,Maximum Payment Delay,Number of Delayed Months
17628,0,0.1735318389965793,83,Medium,Credit Limit,PAY_AMT3,Average Payment Amount
6013,1,0.1519349820936499,85,Medium,BILL_AMT1,PAY_AMT3,Bill Balance Trend
2444,0,0.4280406476424243,57,High,Maximum Payment Delay,Number of Delayed Months,Credit Utilization
18587,0,0.1995594864397056,80,Medium,BILL_AMT1,Average Payment Amount,PAY_AMT3
21226,0,0.5669378344418526,43,High,Maximum Payment Delay,Average Payment Delay,Number of Delayed Months
23290,0,0.1173193114212303,88,Medium,Payment Trend,PAY_AMT6,PAY_AMT3
17760,0,0.0821748520144602,92,Low,Credit Utilization,BILL_AMT3,Payment-to-Bill Ratio
29514,0,0.3108466410170401,69,High,Maximum Payment Delay,Number of Delayed Months,Credit Limit
3533,0,0.0790009816512483,92,Low,Credit Utilization,BILL_AMT3,Average Bill Amount
27608,0,0.0848735664031486,92,Low,Payment-to-Bill Ratio,BILL_AMT4,BILL_AMT3
19251,1,0.0742404341435456,93,Low,BILL_AMT5,BILL_AMT1,PAY_AMT3
5004,0,0.0875384219882177,91,Low,Credit Utilization,BILL_AMT3,PAY_AMT1
6526,0,0.0707583295527646,93,Low,BILL_AMT5,Bill Balance Trend,BILL_AMT4
5614,0,0.1780591979456657,82,Medium,Credit Limit,BILL_AMT5,PAY_AMT2
22215,0,0.0822761204764601,92,Low,PAY_AMT6,Average Bill Amount,BILL_AMT6
22812,0,0.2449628894088671,76,Medium,Maximum Payment Delay,Average Payment Delay,Number of Delayed Months
24437,0,0.1795001437783409,82,Medium,BILL_AMT1,Average Payment Amount,PAY_AMT3
6712,0,0.1505175370853526,85,Medium,BILL_AMT1,PAY_AMT6,PAY_AMT2
20228,0,0.0560476812720278,94,Low,PAY_AMT2,PAY_AMT1,BILL_AMT4
9282,0,0.0686588398130911,93,Low,Bill Balance Trend,BILL_AMT1,PAY_AMT2
12930,0,0.0585469324504517,94,Low,Education: University,Education: Other,Bill Balance Trend
981,0,0.1179436728372141,88,Medium,Credit Utilization,BILL_AMT3,Credit Limit
2121,0,0.078909460790616,92,Low,PAY_AMT1,Payment Trend,BILL_AMT2
1488,0,0.0905162380895964,91,Low,Credit Limit,PAY_AMT2,Education: University
2476,0,0.3938228391280179,61,High,Maximum Payment Delay,Average Payment Delay,Number of Delayed Months
7236,0,0.2466209448279141,75,Medium,Credit Limit,Bill Balance Trend,PAY_AMT2
22003,0,0.0675684993363493,93,Low,Payment Trend,PAY_AMT3,Average Bill Amount
3860,1,0.6646880180846536,34,High,Recent Payment Status,Maximum Payment Delay,Average Payment Delay
9074,0,0.4695427603883798,53,High,Maximum Payment Delay,PAY_AMT3,Number of Delayed Months
27279,1,0.1410456493999707,86,Medium,BILL_AMT1,PAY_AMT3,PAY_AMT6
26331,0,0.0729638279532929,93,Low,BILL_AMT1,PAY_AMT1,PAY_AMT5
15144,0,0.0525228127474709,95,Low,BILL_AMT1,Bill Balance Trend,Payment Trend
18367,0,0.2015809406913605,80,Medium,Credit Limit,BILL_AMT1,Average Payment Amount
11795,1,0.3286930787095508,67,High,Maximum Payment Delay,Credit Limit,Number of Delayed Months
5520,0,0.1845825436964383,82,Medium,PAY_AMT3,Average Payment Amount,BILL_AMT1
29989,0,0.1497720710862263,85,Medium,Credit Utilization,Payment Trend,Average Bill Amount
12872,0,0.1903802259618029,81,Medium,BILL_AMT5,Payment Trend,PAY_AMT3
16948,0,0.0545080559185541,95,Low,Credit Limit,BILL_AMT5,PAY_AMT2
21178,0,0.0512805842329925,95,Low,Bill Balance Trend,BILL_AMT3,Education: Other
9942,0,0.2130188701290151,79,Medium,Maximum Payment Delay,Credit Limit,Credit Utilization
5787,1,0.7087535033945227,29,High,Recent Payment Status,Maximum Payment Delay,Average Payment Delay
16639,0,0.1113032555687002,89,Medium,BILL_AMT5,Credit Limit,Credit Utilization
15729,0,0.0866396257799434,91,Low,Credit Limit,PAY_AMT6,BILL_AMT3
2776,0,0.1062429573593664,89,Medium,BILL_AMT1,Bill Balance Trend,Payment Trend
110,0,0.3598456694873786,64,High,PAY_AMT3,Average Payment Amount,Number of Delayed Months
14961,0,0.0682428384134135,93,Low,Payment-to-Bill Ratio,BILL_AMT3,BILL_AMT4
1740,0,0.2836941728433556,72,High,Average Payment Delay,Maximum Payment Delay,Number of Delayed Months
872,0,0.0928749277955947,91,Low,Bill Balance Trend,PAY_AMT1,Credit Utilization
13706,0,0.1459055991440165,85,Medium,Credit Utilization,Credit Limit,Payment-to-Bill Ratio
29859,0,0.3269389353031224,67,High,Maximum Payment Delay,Credit Utilization,Bill Balance Trend
6805,0,0.3474083264952943,65,High,PAY_AMT3,Average Payment Amount,BILL_AMT1
26270,0,0.0828213577479254,92,Low,Credit Utilization,BILL_AMT4,BILL_AMT3
16374,0,0.0494684899326441,95,Low,PAY_AMT1,BILL_AMT3,Education: University
11697,1,0.3698213757762003,63,High,Maximum Payment Delay,BILL_AMT1,Number of Delayed Months
6179,0,0.107576144569616,89,Medium,Payment Trend,BILL_AMT1,BILL_AMT5
9428,0,0.2036977790977653,80,Medium,Credit Limit,BILL_AMT5,PAY_AMT3
13679,0,0.2080803772927402,79,Medium,Credit Utilization,Credit Limit,PAY_AMT2
23462,0,0.093183323391262,91,Low,Payment Trend,BILL_AMT1,Average Payment Amount
19614,0,0.235842828862132,76,Medium,Maximum Payment Delay,Payment Trend,BILL_AMT3
20482,0,0.2374060627224871,76,Medium,Maximum Payment Delay,Credit Limit,Payment Trend
26811,0,0.1579430347205623,84,Medium,Credit Utilization,Credit Limit,BILL_AMT3
7335,0,0.4196797607951825,58,High,Maximum Payment Delay,Number of Delayed Months,Bill Balance Trend
16896,1,0.3786587534696724,62,High,Maximum Payment Delay,Credit Utilization,Number of Delayed Months
29934,0,0.4088659994280161,59,High,Maximum Payment Delay,Number of Delayed Months,PAY_AMT3
19505,0,0.1989392250491329,80,Medium,PAY_AMT3,Average Payment Amount,Credit Limit
14769,0,0.075916104406034,92,Low,Payment-to-Bill Ratio,Average Bill Amount,BILL_AMT1
2553,1,0.176945765646801,82,Medium,Credit Limit,Credit Utilization,PAY_AMT2
29086,0,0.2159095443209088,78,Medium,PAY_AMT3,Number of Delayed Months,BILL_AMT1
14440,1,0.6815048190277677,32,High,Recent Payment Status,Maximum Payment Delay,Number of Delayed Months
24463,0,0.0681657013651625,93,Low,Bill Balance Trend,PAY_AMT1,Payment Trend
7285,0,0.2192077181751985,78,Medium,Maximum Payment Delay,Average Payment Delay,Number of Delayed Months
23625,0,0.0400739007444748,96,Low,PAY_AMT4,Education: Other,Education: High School
18231,0,0.0581931266351787,94,Low,Payment-to-Bill Ratio,PAY_AMT6,PAY_AMT5
24401,1,0.6845132599706544,32,High,Recent Payment Status,Maximum Payment Delay,Average Payment Delay
1350,1,0.4980666617078369,50,High,Maximum Payment Delay,Credit Limit,Number of Delayed Months
12040,1,0.6822816599064695,32,High,Recent Payment Status,Maximum Payment Delay,Number of Delayed Months
10734,0,0.0509320865524878,95,Low,Payment-to-Bill Ratio,PAY_AMT1,BILL_AMT4
15084,0,0.0490324473618605,95,Low,Bill Balance Trend,Average Bill Amount,BILL_AMT3
21902,0,0.0695580618125937,93,Low,Payment Trend,Bill Balance Trend,PAY_AMT1
19434,1,0.3946759369397618,61,High,PAY_AMT3,Average Payment Amount,Number of Delayed Months
7200,0,0.0555635810050696,94,Low,PAY_AMT6,BILL_AMT4,Education: University
28539,0,0.0727100601189906,93,Low,BILL_AMT1,PAY_AMT2,Average Bill Amount
2961,0,0.1390970110963954,86,Medium,Credit Utilization,Credit Limit,PAY_AMT2
15910,0,0.5680984032838065,43,High,Average Payment Delay,Maximum Payment Delay,Number of Delayed Months
23110,0,0.3998602495362077,60,High,Average Payment Delay,Maximum Payment Delay,Number of Delayed Months
15450,0,0.04731793136414,95,Low,Payment Trend,PAY_AMT1,PAY_AMT3
11205,0,0.4515178171295276,55,High,Average Payment Delay,Maximum Payment Delay,Number of Delayed Months
18561,0,0.0515420781819673,95,Low,BILL_AMT1,Bill Balance Trend,BILL_AMT4
24756,0,0.0988977426690377,90,Low,PAY_AMT4,BILL_AMT1,PAY_AMT1
25390,0,0.0738059180693268,93,Low,BILL_AMT5,Bill Balance Trend,Payment-to-Bill Ratio
14764,1,0.6506355434400234,35,High,Recent Payment Status,Maximum Payment Delay,Average Payment Delay
2205,0,0.1529977767977683,85,Medium,Credit Utilization,Credit Limit,Bill Balance Trend
6811,0,0.1992038974873819,80,Medium,Credit Limit,Credit Utilization,PAY_AMT2
10450,0,0.221091565021699,78,Medium,PAY_AMT3,Bill Balance Trend,BILL_AMT1
29662,0,0.0657439485918686,93,Low,Bill Balance Trend,Payment Trend,BILL_AMT6
16713,0,0.2373431300133128,76,Medium,Credit Limit,Credit Utilization,PAY_AMT2
14889,0,0.4766613703708229,52,High,PAY_AMT3,Average Payment Amount,BILL_AMT1
9036,0,0.1851120773052472,81,Medium,Maximum Payment Delay,BILL_AMT5,Number of Delayed Months
10606,0,0.1892532769683557,81,Medium,Maximum Payment Delay,Number of Delayed Months,Credit Limit
8933,1,0.3499737779798699,65,High,Maximum Payment Delay,Average Payment Delay,Number of Delayed Months
29781,0,0.1306944386659484,87,Medium,BILL_AMT5,PAY_AMT1,BILL_AMT4
27641,0,0.1838367227808819,82,Medium,Credit Limit,Credit Utilization,PAY_AMT1
27089,1,0.1830330664357503,82,Medium,PAY_AMT3,BILL_AMT5,BILL_AMT1
21437,0,0.1666768266347342,83,Medium,Credit Limit,BILL_AMT1,PAY_AMT2
21795,0,0.0700457395125132,93,Low,Payment Trend,PAY_AMT1,Bill Balance Trend
11729,0,0.0588482466270347,94,Low,Average Bill Amount,BILL_AMT5,BILL_AMT2
25448,0,0.1052808839366302,89,Medium,BILL_AMT5,PAY_AMT3,PAY_AMT2
21311,1,0.4267441498210118,57,High,Maximum Payment Delay,Average Payment Delay,Number of Delayed Months
25243,0,0.1316169980124252,87,Medium,Credit Limit,BILL_AMT1,Bill Balance Trend
15785,1,0.6369730953746537,36,High,Recent Payment Status,Maximum Payment Delay,Average Payment Delay
9053,0,0.0474007202730874,95,Low,PAY_AMT4,PAY_AMT2,Payment Trend
28686,1,0.1386571175811464,86,Medium,Credit Utilization,Payment Trend,BILL_AMT3
6972,0,0.0712130510479405,93,Low,Credit Limit,BILL_AMT3,PAY_AMT6
17129,0,0.2811809321003932,72,High,Maximum Payment Delay,Credit Utilization,Number of Delayed Months
19059,0,0.2493647235138608,75,Medium,Maximum Payment Delay,Credit Utilization,Number of Delayed Months
11839,0,0.0519228461303763,95,Low,Payment Trend,PAY_AMT6,PAY_AMT5
19852,0,0.0506171457101746,95,Low,BILL_AMT3,PAY_AMT1,BILL_AMT4
22497,1,0.1215541956101959,88,Medium,Credit Limit,Credit Utilization,PAY_AMT1
8062,0,0.1529752114025434,85,Medium,Credit Utilization,Credit Limit,PAY_AMT6
1351,0,0.4143912114376054,59,High,PAY_AMT3,Average Payment Amount,Number of Delayed Months
11244,0,0.6438815132299559,36,High,Recent Payment Status,Maximum Payment Delay,Average Payment Delay
22105,0,0.1272364939725609,87,Medium,Payment Trend,BILL_AMT3,PAY_AMT2
19926,1,0.4629286367257454,54,High,Maximum Payment Delay,BILL_AMT1,Number of Delayed Months
4557,0,0.3947786865741894,61,High,PAY_AMT3,Average Payment Amount,Number of Delayed Months
25032,0,0.1072383906658272,89,Medium,Credit Utilization,BILL_AMT4,BILL_AMT3
5989,0,0.3267278705463214,67,High,Maximum Payment Delay,Credit Utilization,Number of Delayed Months
536,0,0.1736099980231274,83,Medium,BILL_AMT1,Credit Limit,Bill Balance Trend
4068,1,0.1261807659702274,87,Medium,BILL_AMT5,Credit Limit,Average Payment Amount
5002,1,0.0487431876777501,95,Low,Payment Trend,BILL_AMT1,BILL_AMT3
17694,0,0.5776727287300144,42,High,Maximum Payment Delay,Average Payment Delay,Number of Delayed Months
18236,0,0.1028515420818892,90,Medium,BILL_AMT3,Credit Utilization,PAY_AMT1
6103,0,0.0637458289339474,94,Low,Credit Limit,PAY_AMT6,PAY_AMT1
8696,0,0.1551962322240691,84,Medium,BILL_AMT5,PAY_AMT3,PAY_AMT2
6739,1,0.3806710592105766,62,High,PAY_AMT3,Average Payment Amount,BILL_AMT1
2216,0,0.284912504854264,72,High,Maximum Payment Delay,Payment Trend,Number of Delayed Months
26057,0,0.0871818075100796,91,Low,Credit Utilization,Bill Balance Trend,BILL_AMT3
28582,0,0.6975532253559088,30,High,Recent Payment Status,Maximum Payment Delay,Average Payment Delay
28532,1,0.7231551194918566,28,High,Recent Payment Status,Maximum Payment Delay,Average Payment Delay
15387,0,0.3367861727903412,66,High,Credit Limit,Bill Balance Trend,Average Payment Amount
9333,0,0.0613172946146468,94,Low,BILL_AMT5,Payment Trend,Bill Balance Trend
23071,1,0.1291492844649329,87,Medium,PAY_AMT3,BILL_AMT1,BILL_AMT5
15105,0,0.0657012981905142,93,Low,Credit Utilization,Bill Balance Trend,BILL_AMT1
68,0,0.2786578256553682,72,High,Maximum Payment Delay,Recent Payment Status,Bill Balance Trend
4035,0,0.4533778112715874,55,High,Maximum Payment Delay,Credit Limit,Bill Balance Trend
5692,0,0.0782835292469614,92,Low,Payment-to-Bill Ratio,Payment Trend,BILL_AMT1
27057,0,0.3780953207160957,62,High,Maximum Payment Delay,Number of Delayed Months,Credit Limit
13776,0,0.0855732451277138,91,Low,Maximum Payment Delay,Number of Delayed Months,BILL_AMT3
4383,1,0.2411167590050424,76,Medium,PAY_AMT4,Credit Limit,Bill Balance Trend
8584,0,0.1988720901660476,80,Medium,Maximum Payment Delay,Credit Utilization,Number of Delayed Months
12627,0,0.1477528364570453,85,Medium,Credit Utilization,PAY_AMT6,BILL_AMT3
28896,0,0.1409733954877713,86,Medium,PAY_AMT3,Average Payment Amount,BILL_AMT1
14331,1,0.6789068691695589,32,High,Recent Payment Status,Maximum Payment Delay,Average Payment Delay
29793,0,0.162790664389588,84,Medium,PAY_AMT3,BILL_AMT5,BILL_AMT1
27723,0,0.4992393912199428,50,High,Recent Payment Status,Maximum Payment Delay,Average Payment Delay
28988,0,0.1788587867800265,82,Medium,Maximum Payment Delay,Credit Utilization,Bill Balance Trend
18474,0,0.0575700583686787,94,Low,PAY_AMT1,Payment-to-Bill Ratio,Education: University
16717,0,0.0965350985056641,90,Low,BILL_AMT5,BILL_AMT1,PAY_AMT2
26750,1,0.6570793759732247,34,High,Recent Payment Status,Maximum Payment Delay,Number of Delayed Months
26,0,0.149012758835478,85,Medium,Credit Utilization,Credit Limit,PAY_AMT2
7336,0,0.0877727324200191,91,Low,BILL_AMT1,PAY_AMT1,Bill Balance Trend
2449,0,0.076728854014075,92,Low,PAY_AMT2,PAY_AMT1,BILL_AMT3
26639,0,0.2452506940795942,75,Medium,Credit Limit,Bill Balance Trend,BILL_AMT1
8660,0,0.4143912114376054,59,High,PAY_AMT3,Average Payment Amount,Number of Delayed Months
24732,0,0.0429284773231552,96,Low,Average Payment Amount,BILL_AMT4,Payment Status Month 5
1349,0,0.0577958793530537,94,Low,Average Bill Amount,BILL_AMT3,Payment Trend
23687,0,0.0581771733936732,94,Low,Average Payment Amount,Bill Balance Trend,PAY_AMT4
4913,0,0.2973667116896348,70,High,BILL_AMT1,PAY_AMT3,Average Payment Amount
22544,1,0.2436077177746574,76,Medium,PAY_AMT3,BILL_AMT1,Number of Delayed Months
1138,0,0.1324635726555539,87,Medium,Credit Limit,PAY_AMT2,Average Payment Amount
9590,1,0.2110784087560679,79,Medium,PAY_AMT3,BILL_AMT1,Number of Delayed Months
28368,0,0.0761954672262721,92,Low,Bill Balance Trend,PAY_AMT6,PAY_AMT1
3966,0,0.0498669103598417,95,Low,Payment Trend,BILL_AMT6,Bill Balance Trend
2426,0,0.4472131567125534,55,High,Maximum Payment Delay,Average Payment Delay,Number of Delayed Months
26190,0,0.1345519400769887,87,Medium,BILL_AMT1,Bill Balance Trend,BILL_AMT5
4254,0,0.1213724813220978,88,Medium,Credit Utilization,Credit Limit,Education: University
6991,0,0.674559623541302,33,High,Recent Payment Status,Maximum Payment Delay,Average Payment Delay
18487,0,0.0964655702373614,90,Low,BILL_AMT5,BILL_AMT3,Payment Trend
2025,0,0.1378915559518926,86,Medium,Credit Utilization,BILL_AMT3,BILL_AMT4
27926,0,0.6773430918716525,32,High,Recent Payment Status,Maximum Payment Delay,Number of Delayed Months
2509,0,0.1126638038836317,89,Medium,Credit Limit,Bill Balance Trend,PAY_AMT1
12240,1,0.113027756394832,89,Medium,Credit Utilization,Average Bill Amount,Payment Trend
29681,0,0.5570654764654187,44,High,Maximum Payment Delay,Average Payment Delay,Number of Delayed Months
26459,0,0.0863215201174821,91,Low,Credit Utilization,BILL_AMT3,BILL_AMT4
13051,1,0.6320424340275311,37,High,Recent Payment Status,Maximum Payment Delay,Number of Delayed Months
17679,0,0.0459538668372573,95,Low,PAY_AMT4,Payment Trend,BILL_AMT3
8925,0,0.0603343852003644,94,Low,PAY_AMT1,BILL_AMT4,PAY_AMT6
991,0,0.1132269087450014,89,Medium,Maximum Payment Delay,Credit Utilization,Number of Delayed Months
15791,0,0.0770965576378065,92,Low,PAY_AMT6,PAY_AMT1,Education: University
28542,0,0.1120455864173244,89,Medium,Bill Balance Trend,BILL_AMT1,PAY_AMT1
20337,1,0.1933745552560217,81,Medium,Credit Utilization,Credit Limit,Bill Balance Trend
3035,0,0.0487391015054102,95,Low,BILL_AMT1,PAY_AMT5,PAY_AMT4
3784,0,0.1911986152154526,81,Medium,Credit Limit,Credit Utilization,PAY_AMT6
9757,0,0.123830812711324,88,Medium,Payment Trend,Credit Limit,Credit Utilization
26490,0,0.0724449301960904,93,Low,Credit Utilization,BILL_AMT3,Education: University
2867,0,0.0954778516210996,90,Low,Credit Utilization,BILL_AMT3,PAY_AMT1
11614,0,0.2213260202074892,78,Medium,BILL_AMT5,Credit Utilization,Credit Limit
17177,0,0.0704535740247521,93,Low,Credit Utilization,Payment-to-Bill Ratio,BILL_AMT3
15026,0,0.1195671102213335,88,Medium,Credit Utilization,BILL_AMT3,BILL_AMT4
26355,0,0.2221211730187245,78,Medium,Maximum Payment Delay,Payment Trend,BILL_AMT1
2681,0,0.0706166545122049,93,Low,BILL_AMT3,Payment-to-Bill Ratio,PAY_AMT1
14815,0,0.0777351356474228,92,Low,Payment Trend,PAY_AMT2,PAY_AMT1
25977,1,0.1635714459919721,84,Medium,Credit Limit,Credit Utilization,Bill Balance Trend
974,0,0.0918495598287598,91,Low,PAY_AMT3,BILL_AMT1,PAY_AMT5
7956,0,0.6372964460387983,36,High,Recent Payment Status,Maximum Payment Delay,Number of Delayed Months
8221,0,0.0595090400614534,94,Low,Payment Trend,Credit Utilization,Bill Balance Trend
9876,0,0.1005898092377479,90,Medium,BILL_AMT1,BILL_AMT5,PAY_AMT6
26315,1,0.5950621393193704,40,High,Average Payment Delay,Maximum Payment Delay,Number of Delayed Months
22567,0,0.7026521601938613,30,High,Recent Payment Status,Maximum Payment Delay,Average Payment Delay
1544,0,0.1384057812714718,86,Medium,BILL_AMT5,Credit Limit,Average Payment Amount
9079,1,0.2569436377858548,74,High,Credit Limit,BILL_AMT5,PAY_AMT3
15268,0,0.5216380899614804,48,High,Maximum Payment Delay,Average Payment Delay,Number of Delayed Months
2724,0,0.0596005842519564,94,Low,Payment Trend,PAY_AMT1,Average Bill Amount
27444,0,0.1611534912656557,84,Medium,Maximum Payment Delay,Number of Delayed Months,BILL_AMT1
1838,1,0.1363196733016945,86,Medium,Payment-to-Bill Ratio,Credit Utilization,Average Bill Amount
20520,0,0.1098836870138679,89,Medium,Credit Limit,PAY_AMT2,Average Payment Amount
28921,1,0.45406248397579,55,High,PAY_AMT3,Average Payment Amount,BILL_AMT1
4852,1,0.4790998035213812,52,High,Maximum Payment Delay,Average Payment Delay,Number of Delayed Months
3049,0,0.0797538670691006,92,Low,Credit Utilization,Payment-to-Bill Ratio,BILL_AMT2
3912,0,0.4159058350372807,58,High,PAY_AMT3,Average Payment Amount,Number of Delayed Months
15618,0,0.3155654714470648,68,High,PAY_AMT3,Average Payment Amount,BILL_AMT1
14138,0,0.0548962516272214,95,Low,Credit Limit,PAY_AMT3,BILL_AMT5
24345,0,0.0683205071499103,93,Low,Payment Trend,Credit Utilization,BILL_AMT3
20683,0,0.2481363882088905,75,Medium,Credit Limit,BILL_AMT5,PAY_AMT2
6565,0,0.2608796211633032,74,High,Maximum Payment Delay,Credit Utilization,Number of Delayed Months
29906,1,0.5188023448829543,48,High,Maximum Payment Delay,Average Payment Delay,Number of Delayed Months
7725,1,0.3924615399489791,61,High,Maximum Payment Delay,Average Payment Delay,Number of Delayed Months
4705,1,0.3743107223582125,63,High,Maximum Payment Delay,Bill Balance Trend,Credit Limit
4726,0,0.1017032276900309,90,Medium,Credit Utilization,Bill Balance Trend,BILL_AMT3
15887,0,0.4372276977667497,56,High,Maximum Payment Delay,Number of Delayed Months,PAY_AMT3
7852,0,0.1917952827956132,81,Medium,BILL_AMT1,Bill Balance Trend,BILL_AMT5
13435,0,0.1040425128060131,90,Medium,Average Payment Amount,PAY_AMT3,Payment-to-Bill Ratio
24876,0,0.1655136623774069,83,Medium,PAY_AMT4,Credit Limit,PAY_AMT3
13668,0,0.1197476305327093,88,Medium,BILL_AMT5,PAY_AMT3,Average Payment Amount
10283,0,0.1259330345762086,87,Medium,Credit Utilization,BILL_AMT3,Payment-to-Bill Ratio
16054,0,0.1214312078756943,88,Medium,Payment Trend,PAY_AMT1,Average Payment Amount
14642,0,0.2240165536849048,78,Medium,Maximum Payment Delay,Number of Delayed Months,Credit Limit
15089,0,0.6633007893060576,34,High,Recent Payment Status,Maximum Payment Delay,Average Payment Delay
4496,0,0.1644791407184676,84,Medium,Credit Utilization,Credit Limit,Payment-to-Bill Ratio
15891,1,0.6579591808219457,34,High,Recent Payment Status,Maximum Payment Delay,Number of Delayed Months
23250,0,0.1680923257669552,83,Medium,BILL_AMT1,Average Payment Amount,PAY_AMT2
9525,0,0.0882761410453504,91,Low,Bill Balance Trend,PAY_AMT6,PAY_AMT1
8761,0,0.092635294352056,91,Low,Credit Limit,PAY_AMT2,Payment Trend
19247,0,0.692098423720751,31,High,Recent Payment Status,Maximum Payment Delay,Average Payment Delay
26460,1,0.2998825061578508,70,High,Credit Limit,Credit Utilization,Bill Balance Trend
5027,0,0.1582682169976939,84,Medium,Credit Utilization,Credit Limit,PAY_AMT1
325,0,0.0427548763967477,96,Low,Bill Balance Trend,BILL_AMT3,BILL_AMT4
8144,0,0.3499938115908878,65,High,Maximum Payment Delay,BILL_AMT1,Number of Delayed Months
16679,0,0.467032447516769,53,High,Maximum Payment Delay,Number of Delayed Months,Credit Limit
400,0,0.6466568559273285,35,High,Recent Payment Status,Maximum Payment Delay,Average Payment Delay
2422,1,0.6959950302539605,30,High,Recent Payment Status,Maximum Payment Delay,Average Payment Delay
9917,0,0.0821495987887249,92,Low,Payment Trend,Bill Balance Trend,BILL_AMT1
2734,0,0.2317628925575106,77,Medium,Maximum Payment Delay,Recent Payment Status,Number of Delayed Months
1574,1,0.1033846328593774,90,Medium,Credit Utilization,Credit Limit,BILL_AMT3
20205,0,0.3095107010042457,69,High,Maximum Payment Delay,Credit Limit,Credit Utilization
7603,1,0.2761301218193796,72,High,Credit Limit,BILL_AMT1,PAY_AMT2
24410,1,0.1287464793032919,87,Medium,Credit Utilization,Credit Limit,BILL_AMT3
28130,0,0.1811540767622788,82,Medium,Credit Limit,Credit Utilization,PAY_AMT2
8073,0,0.1231210296352265,88,Medium,BILL_AMT5,Payment-to-Bill Ratio,PAY_AMT6
16757,0,0.1524260779686817,85,Medium,Payment-to-Bill Ratio,Credit Utilization,BILL_AMT3
199,0,0.1495863792604147,85,Medium,BILL_AMT1,Payment Trend,Credit Limit
22905,0,0.2651518092268113,73,High,Maximum Payment Delay,PAY_AMT3,Payment Trend
8401,0,0.7082607845544177,29,High,Recent Payment Status,Maximum Payment Delay,Average Payment Delay
8999,1,0.5215990291927636,48,High,Maximum Payment Delay,Average Payment Delay,Number of Delayed Months
22307,1,0.347934780039412,65,High,Maximum Payment Delay,BILL_AMT1,Number of Delayed Months
18626,1,0.5784313098003938,42,High,Average Payment Delay,Maximum Payment Delay,Number of Delayed Months
11362,1,0.3155479378790454,68,High,Maximum Payment Delay,Credit Utilization,Number of Delayed Months
13994,0,0.0670208247785006,93,Low,BILL_AMT5,BILL_AMT1,Average Bill Amount
5192,1,0.3760950617532199,62,High,BILL_AMT1,PAY_AMT3,Average Bill Amount
8580,0,0.1901546106102634,81,Medium,Credit Limit,Credit Utilization,PAY_AMT2
3043,0,0.1069776873383653,89,Medium,Bill Balance Trend,BILL_AMT1,Payment Trend
28107,0,0.0867843688142233,91,Low,PAY_AMT3,Payment Trend,PAY_AMT6
27771,0,0.1628152613140926,84,Medium,Credit Utilization,PAY_AMT6,BILL_AMT3
29256,1,0.2390728627055343,76,Medium,Credit Limit,Bill Balance Trend,PAY_AMT2
11345,0,0.2852138426727339,71,High,PAY_AMT3,BILL_AMT5,BILL_AMT1
712,0,0.1799800807738518,82,Medium,Credit Utilization,Credit Limit,PAY_AMT2
16322,0,0.268830862500001,73,High,Maximum Payment Delay,Payment Trend,Number of Delayed Months
18898,0,0.0533176829564052,95,Low,PAY_AMT4,Payment Trend,PAY_AMT1
24939,1,0.6715922852249975,33,High,Recent Payment Status,Maximum Payment Delay,Average Payment Delay
20645,1,0.3979391031330308,60,High,Maximum Payment Delay,BILL_AMT1,Number of Delayed Months
16132,0,0.1879044664548006,81,Medium,PAY_AMT3,BILL_AMT5,Average Payment Amount
28586,0,0.4110616717312014,59,High,Maximum Payment Delay,Average Payment Delay,Number of Delayed Months
24775,1,0.0916192344238408,91,Low,Credit Utilization,PAY_AMT6,Average Bill Amount
21766,0,0.2100590411349093,79,Medium,BILL_AMT5,Number of Delayed Months,BILL_AMT1
2849,0,0.0524699445286405,95,Low,PAY_AMT1,Payment Status Month 4,Education: Other
8720,0,0.0763700501095729,92,Low,Credit Utilization,BILL_AMT3,PAY_AMT3
9836,0,0.3720892513373444,63,High,Maximum Payment Delay,Number of Delayed Months,Average Payment Delay
20518,0,0.1097575657556093,89,Medium,Credit Utilization,Bill Balance Trend,BILL_AMT3
24993,1,0.2540734857353554,75,High,PAY_AMT3,Credit Limit,BILL_AMT1
12014,0,0.0534212530572002,95,Low,Payment Trend,PAY_AMT6,Bill Balance Trend
16572,0,0.6936689277268631,31,High,Recent Payment Status,Maximum Payment Delay,Average Payment Delay
2523,0,0.080782785027877,92,Low,Credit Limit,PAY_AMT1,Credit Utilization
22998,0,0.0496739336266582,95,Low,Bill Balance Trend,Payment Trend,BILL_AMT3
2255,0,0.1355257964699171,86,Medium,BILL_AMT1,PAY_AMT4,PAY_AMT2
19916,0,0.0377607858934001,96,Low,Average Payment Amount,Average Bill Amount,Total Payment Amount
13221,0,0.2055441734176898,79,Medium,Credit Limit,Credit Utilization,Bill Balance Trend
20693,0,0.1315182861209874,87,Medium,Credit Limit,PAY_AMT6,PAY_AMT2
23396,0,0.1067688106886419,89,Medium,BILL_AMT5,PAY_AMT2,PAY_AMT6
18579,0,0.07366091670432,93,Low,PAY_AMT4,Credit Utilization,Bill Balance Trend
22448,0,0.1592592786757605,84,Medium,Credit Utilization,Credit Limit,PAY_AMT1
7868,0,0.2142579548991911,79,Medium,BILL_AMT5,Credit Limit,BILL_AMT3
13523,0,0.1277959654927567,87,Medium,BILL_AMT1,PAY_AMT6,Bill Balance Trend
16080,0,0.1147599609574658,89,Medium,Credit Utilization,BILL_AMT3,Payment-to-Bill Ratio
16323,1,0.2190432390603717,78,Medium,BILL_AMT1,BILL_AMT5,Number of Delayed Months
7289,0,0.1388425810383582,86,Medium,PAY_AMT3,BILL_AMT5,Credit Limit
10891,1,0.3148577973711732,69,High,Maximum Payment Delay,Number of Delayed Months,Payment Trend
7437,1,0.6794358796404856,32,High,Recent Payment Status,Maximum Payment Delay,Average Payment Delay
28566,0,0.0890210093246449,91,Low,Maximum Payment Delay,Number of Delayed Months,Bill Balance Trend
5293,0,0.142618400706021,86,Medium,Credit Utilization,Credit Limit,PAY_AMT1
18540,1,0.668846468928458,33,High,Recent Payment Status,Maximum Payment Delay,Average Payment Delay
7292,1,0.6970547911706054,30,High,Recent Payment Status,Maximum Payment Delay,Average Payment Delay
13267,1,0.2080547683980519,79,Medium,Maximum Payment Delay,Number of Delayed Months,PAY_AMT4
7132,0,0.0701653135177947,93,Low,Credit Utilization,BILL_AMT4,BILL_AMT3
8802,1,0.3952219139232374,60,High,Maximum Payment Delay,Number of Delayed Months,BILL_AMT5
10415,0,0.1902944927826762,81,Medium,BILL_AMT5,Credit Limit,Number of Delayed Months
28443,0,0.5635676663753569,44,High,Recent Payment Status,Maximum Payment Delay,Average Payment Delay
2086,0,0.4201766546722942,58,High,PAY_AMT3,Average Payment Amount,Number of Delayed Months
22322,0,0.163675676453055,84,Medium,Payment Trend,BILL_AMT1,Bill Balance Trend
14102,0,0.225043041220994,77,Medium,Maximum Payment Delay,Credit Utilization,Number of Delayed Months
3349,0,0.6868864833045755,31,High,Recent Payment Status,Maximum Payment Delay,Average Payment Delay
17932,1,0.5542292287652236,45,High,Recent Payment Status,Maximum Payment Delay,Average Payment Delay
5037,0,0.2641966768203587,74,High,Maximum Payment Delay,BILL_AMT1,PAY_AMT3
23614,0,0.2017882319084815,80,Medium,BILL_AMT1,BILL_AMT5,Number of Delayed Months
1273,0,0.052247297161899,95,Low,PAY_AMT6,PAY_AMT5,BILL_AMT3
15778,1,0.520711492630611,48,High,Maximum Payment Delay,Average Payment Delay,Number of Delayed Months
28783,0,0.1087749369101449,89,Medium,PAY_AMT3,Average Payment Amount,PAY_AMT4
8661,0,0.0925175757635242,91,Low,Credit Utilization,BILL_AMT3,Payment-to-Bill Ratio
11413,0,0.1490620150273813,85,Medium,Credit Utilization,Credit Limit,PAY_AMT1
8840,0,0.080401509433835,92,Low,Average Bill Amount,BILL_AMT3,Payment-to-Bill Ratio
13397,0,0.1055762873662759,89,Medium,Maximum Payment Delay,Number of Delayed Months,PAY_AMT6
9551,0,0.6697283473996111,33,High,Recent Payment Status,Maximum Payment Delay,Average Payment Delay
16657,0,0.2093340936288221,79,Medium,BILL_AMT1,Number of Delayed Months,BILL_AMT5
16124,0,0.1161689355910675,88,Medium,BILL_AMT5,PAY_AMT3,Average Payment Amount
12637,0,0.1223300362004005,88,Medium,Number of Delayed Months,BILL_AMT1,PAY_AMT1
7944,0,0.2021531376085751,80,Medium,Credit Limit,Credit Utilization,PAY_AMT6
26992,0,0.0790423035777627,92,Low,Bill Balance Trend,PAY_AMT2,PAY_AMT1
27236,0,0.5550521684531428,44,High,Maximum Payment Delay,Average Payment Delay,Number of Delayed Months
26079,0,0.1824656941441158,82,Medium,Bill Balance Trend,BILL_AMT1,Number of Delayed Months
25178,0,0.4606546200928418,54,High,Average Payment Delay,Maximum Payment Delay,Number of Delayed Months
18099,0,0.421762421282214,58,High,Average Payment Delay,Maximum Payment Delay,Number of Delayed Months
13351,0,0.0694536256064178,93,Low,Payment Trend,Bill Balance Trend,Average Bill Amount
5634,0,0.0783510227174476,92,Low,Credit Utilization,Bill Balance Trend,Average Bill Amount
4124,0,0.0852120437583539,91,Low,Average Payment Amount,PAY_AMT2,BILL_AMT4
23545,0,0.1065705729798717,89,Medium,Credit Utilization,Average Payment Amount,Bill Balance Trend
16022,0,0.390604115691616,61,High,Maximum Payment Delay,BILL_AMT1,Number of Delayed Months
23657,0,0.3092925726478194,69,High,Maximum Payment Delay,Number of Delayed Months,Credit Utilization
26926,1,0.61184906344482,39,High,Recent Payment Status,Maximum Payment Delay,Average Payment Delay
10239,0,0.1330011194546271,87,Medium,Credit Utilization,Credit Limit,PAY_AMT1
17167,0,0.1466183817895901,85,Medium,Credit Limit,Credit Utilization,PAY_AMT1
28232,1,0.5453822201887886,45,High,Maximum Payment Delay,Average Payment Delay,Number of Delayed Months
19216,0,0.0965310485967381,90,Low,Credit Limit,PAY_AMT6,PAY_AMT2
25604,0,0.1554518957019534,84,Medium,BILL_AMT1,PAY_AMT2,Average Payment Amount
25909,0,0.1975180028461248,80,Medium,PAY_AMT3,Average Payment Amount,BILL_AMT5
23847,0,0.096681313092306,90,Low,Maximum Payment Delay,Average Payment Delay,Number of Delayed Months
11800,0,0.0957994325295756,90,Low,PAY_AMT6,BILL_AMT1,PAY_AMT4
11459,0,0.1249799576841673,88,Medium,Credit Utilization,Credit Limit,PAY_AMT1
522,0,0.0509433367404551,95,Low,Number of Delayed Months,BILL_AMT1,PAY_AMT4
15753,0,0.4785879006877958,52,High,Maximum Payment Delay,Average Payment Delay,Number of Delayed Months
18503,0,0.0747589300725184,93,Low,PAY_AMT2,Payment Trend,Bill Balance Trend
23932,0,0.3580731686822236,64,High,Average Payment Delay,Maximum Payment Delay,Number of Delayed Months
5727,1,0.6825886853693879,32,High,Recent Payment Status,Maximum Payment Delay,Average Payment Delay
22761,0,0.0502639510907982,95,Low,PAY_AMT4,Average Bill Amount,Bill Balance Trend
23922,0,0.2322326102542339,77,Medium,BILL_AMT5,PAY_AMT3,Average Payment Amount
5462,0,0.1343309016222434,87,Medium,Credit Utilization,Average Bill Amount,Payment-to-Bill Ratio
18284,0,0.1512758744728861,85,Medium,Credit Utilization,Payment-to-Bill Ratio,Average Bill Amount
28140,0,0.0787206008434244,92,Low,PAY_AMT4,PAY_AMT6,BILL_AMT1
9031,0,0.0991618534001295,90,Low,Credit Utilization,BILL_AMT3,Payment Trend
25031,0,0.0508472733908861,95,Low,Bill Balance Trend,BILL_AMT3,PAY_AMT1
17680,0,0.0664048252411953,93,Low,Credit Limit,Credit Utilization,BILL_AMT4
924,0,0.3558363098251483,64,High,Maximum Payment Delay,Credit Limit,Payment Trend
264,0,0.1185189653185393,88,Medium,Payment Trend,BILL_AMT1,PAY_AMT6
25451,0,0.1449123904999247,86,Medium,BILL_AMT5,Credit Limit,PAY_AMT6
20918,1,0.469217550007329,53,High,Maximum Payment Delay,Number of Delayed Months,Credit Limit
16072,0,0.1035005966167531,90,Medium,Credit Limit,Credit Utilization,BILL_AMT3
1753,0,0.056590718494909,94,Low,Credit Limit,PAY_AMT3,PAY_AMT2
17582,1,0.6494104806442036,35,High,Recent Payment Status,Maximum Payment Delay,Number of Delayed Months
29310,1,0.4666521294572038,53,High,Maximum Payment Delay,Average Payment Delay,Number of Delayed Months
27059,0,0.1329019640844194,87,Medium,BILL_AMT5,PAY_AMT2,Average Payment Amount
27536,1,0.6683682369442433,33,High,Recent Payment Status,Maximum Payment Delay,Average Payment Delay
7123,1,0.6178831441355138,38,High,Recent Payment Status,Maximum Payment Delay,Average Payment Delay
22282,0,0.2003665294343458,80,Medium,PAY_AMT3,BILL_AMT1,BILL_AMT5
21707,0,0.099715774820256,90,Low,Credit Utilization,BILL_AMT4,PAY_AMT3
6592,0,0.5953733114840808,40,High,Recent Payment Status,Maximum Payment Delay,Number of Delayed Months
1236,1,0.1466752354214619,85,Medium,Credit Limit,Credit Utilization,PAY_AMT1
24091,0,0.0665088249778555,93,Low,BILL_AMT1,PAY_AMT6,BILL_AMT5
16471,0,0.070934233015519,93,Low,BILL_AMT3,Average Bill Amount,Payment Status Month 5
29109,1,0.621131067887719,38,High,Recent Payment Status,Maximum Payment Delay,Number of Delayed Months
9796,1,0.0493717297220535,95,Low,BILL_AMT4,BILL_AMT3,Bill Balance Trend
17379,0,0.0758681286983039,92,Low,BILL_AMT5,Bill Balance Trend,PAY_AMT3
25060,1,0.2075028410272195,79,Medium,Maximum Payment Delay,Number of Delayed Months,BILL_AMT1
12784,0,0.2078794616854687,79,Medium,BILL_AMT5,PAY_AMT3,Average Payment Amount
8523,0,0.1850594706878464,81,Medium,PAY_AMT3,BILL_AMT5,Average Payment Amount
8432,0,0.1106295332343952,89,Medium,BILL_AMT1,BILL_AMT5,Average Bill Amount
15090,0,0.1477753232557045,85,Medium,Credit Utilization,Payment-to-Bill Ratio,BILL_AMT3
10784,0,0.0721714276576694,93,Low,Credit Utilization,Payment-to-Bill Ratio,BILL_AMT3
23736,0,0.097980398621835,90,Low,Credit Utilization,Payment Trend,Average Bill Amount
6309,0,0.0800027723093289,92,Low,PAY_AMT2,Credit Limit,PAY_AMT1
6378,0,0.1413355704101036,86,Medium,Credit Limit,Credit Utilization,PAY_AMT6
26709,0,0.0770500172296768,92,Low,Credit Limit,PAY_AMT1,BILL_AMT3
14647,0,0.6427026682268238,36,High,Recent Payment Status,Maximum Payment Delay,Average Payment Delay
7567,0,0.3080655935887808,69,High,Maximum Payment Delay,Bill Balance Trend,Credit Utilization
9019,0,0.0957395460286057,90,Low,BILL_AMT1,PAY_AMT5,PAY_AMT2
27917,0,0.0521528940970942,95,Low,Credit Utilization,BILL_AMT4,BILL_AMT3
28204,0,0.1230192609295028,88,Medium,BILL_AMT1,Payment Trend,Bill Balance Trend
10650,1,0.0572720245556477,94,Low,PAY_AMT4,BILL_AMT3,BILL_AMT1
20889,0,0.2173746747532132,78,Medium,BILL_AMT1,PAY_AMT3,Average Payment Amount
4935,0,0.6574843102982942,34,High,Recent Payment Status,Maximum Payment Delay,Number of Delayed Months
2713,0,0.2104523199435217,79,Medium,Maximum Payment Delay,Credit Utilization,Number of Delayed Months
8600,1,0.5093838456137539,49,High,Maximum Payment Delay,Average Payment Delay,Number of Delayed Months
5757,1,0.4219858700600818,58,High,Maximum Payment Delay,Number of Delayed Months,Average Payment Delay
23261,1,0.3303581742326636,67,High,Maximum Payment Delay,Recent Payment Status,Number of Delayed Months
14286,0,0.0451930205034581,95,Low,PAY_AMT3,Total Payment Amount,Payment Status Month 6
17274,0,0.2876220521894345,71,High,Maximum Payment Delay,Credit Limit,Credit Utilization
8758,0,0.2229584715245462,78,Medium,BILL_AMT1,Average Payment Amount,BILL_AMT5
11756,0,0.1471657250883622,85,Medium,Credit Utilization,Credit Limit,PAY_AMT4
2786,0,0.1049191464435973,90,Medium,Credit Limit,PAY_AMT2,BILL_AMT6
29057,0,0.6595058564319353,34,High,Recent Payment Status,Maximum Payment Delay,Number of Delayed Months
23206,1,0.3007943517083679,70,High,Maximum Payment Delay,Average Payment Delay,Number of Delayed Months
6960,0,0.1008423547415014,90,Medium,PAY_AMT3,PAY_AMT6,BILL_AMT5
29904,0,0.0519282718548096,95,Low,Payment Trend,BILL_AMT5,Average Payment Amount
29263,0,0.1914002470049025,81,Medium,Credit Limit,Credit Utilization,BILL_AMT1
26810,0,0.0468761657312089,95,Low,BILL_AMT3,Education: Other,Payment Status Month 3
16359,0,0.1889701928620562,81,Medium,PAY_AMT3,Number of Delayed Months,BILL_AMT1
1316,1,0.3054928810772888,69,High,Maximum Payment Delay,BILL_AMT1,PAY_AMT3
28420,1,0.2839919568960849,72,High,Maximum Payment Delay,Bill Balance Trend,Number of Delayed Months
193,0,0.1198160309840722,88,Medium,PAY_AMT3,PAY_AMT4,Payment Trend
12844,0,0.113815390437427,89,Medium,PAY_AMT6,BILL_AMT1,BILL_AMT5
24895,0,0.125611771578777,87,Medium,Bill Balance Trend,BILL_AMT1,BILL_AMT2
20390,0,0.5877322912168532,41,High,Maximum Payment Delay,Average Payment Delay,Number of Delayed Months
15374,0,0.1219514297566926,88,Medium,Bill Balance Trend,PAY_AMT2,Average Payment Amount
24070,0,0.2736575133405461,73,High,Maximum Payment Delay,Credit Utilization,Number of Delayed Months
13268,0,0.0674036230298952,93,Low,PAY_AMT2,PAY_AMT1,PAY_AMT3
8969,0,0.1597340896350372,84,Medium,Bill Balance Trend,PAY_AMT2,BILL_AMT1
17370,0,0.1509093534071544,85,Medium,Credit Utilization,Credit Limit,BILL_AMT3
6903,0,0.0973151804702321,90,Low,BILL_AMT1,Average Bill Amount,BILL_AMT4
12091,0,0.3873929448063302,61,High,Maximum Payment Delay,Credit Utilization,Number of Delayed Months
16462,1,0.7047199155974669,30,High,Recent Payment Status,Maximum Payment Delay,Average Payment Delay
20415,0,0.111593081566278,89,Medium,Credit Utilization,BILL_AMT3,Payment-to-Bill Ratio
22073,0,0.0727828359491574,93,Low,Payment-to-Bill Ratio,BILL_AMT3,Bill Balance Trend
24708,0,0.0548262898186021,95,Low,PAY_AMT4,BILL_AMT1,BILL_AMT3
14433,0,0.0738532797529523,93,Low,Credit Utilization,Payment Trend,PAY_AMT6
2033,0,0.0374635851994685,96,Low,Bill Balance Trend,Education: Other,Payment Status Month 4
4933,0,0.1828155652617207,82,Medium,Credit Utilization,Credit Limit,BILL_AMT4
26325,1,0.0932365698554594,91,Low,Payment Trend,Bill Balance Trend,PAY_AMT4
28446,0,0.0777476362797286,92,Low,Payment Trend,Bill Balance Trend,PAY_AMT3
7377,0,0.5034264875099691,50,High,Maximum Payment Delay,Average Payment Delay,Number of Delayed Months
12686,0,0.2758930004640116,72,High,Maximum Payment Delay,Number of Delayed Months,Average Payment Delay
3303,1,0.5526054359269384,45,High,Average Payment Delay,Maximum Payment Delay,Number of Delayed Months
2773,1,0.6855800093324788,31,High,Recent Payment Status,Maximum Payment Delay,Average Payment Delay
29016,1,0.6703621022971465,33,High,Recent Payment Status,Maximum Payment Delay,Number of Delayed Months
22768,0,0.0976074143890156,90,Low,BILL_AMT1,Payment Trend,PAY_AMT3
6583,1,0.682895292941351,32,High,Recent Payment Status,Maximum Payment Delay,Average Payment Delay
25114,0,0.1639622695853981,84,Medium,Credit Utilization,Credit Limit,BILL_AMT3
14332,0,0.0526002219202277,95,Low,Payment Trend,Average Payment Amount,PAY_AMT3
21274,1,0.7018430772786645,30,High,Recent Payment Status,Maximum Payment Delay,Average Payment Delay
12977,0,0.2762501464547588,72,High,PAY_AMT3,Number of Delayed Months,BILL_AMT5
28057,0,0.4182682195059717,58,High,Maximum Payment Delay,Number of Delayed Months,Bill Balance Trend
18056,0,0.1749741279441576,83,Medium,Credit Utilization,Credit Limit,PAY_AMT6
11409,0,0.5538133798941759,45,High,Average Payment Delay,Maximum Payment Delay,Number of Delayed Months
28209,0,0.0493269080429315,95,Low,Payment Trend,BILL_AMT3,Education: University
8131,0,0.1101275881376868,89,Medium,Credit Utilization,BILL_AMT3,Payment-to-Bill Ratio
6363,0,0.4304522877961327,57,High,Maximum Payment Delay,Number of Delayed Months,Credit Limit
24450,0,0.4365378391055963,56,High,Maximum Payment Delay,Number of Delayed Months,Average Payment Delay
13240,1,0.5192057602842747,48,High,Maximum Payment Delay,Credit Limit,Number of Delayed Months
24633,0,0.1128397633432456,89,Medium,BILL_AMT1,BILL_AMT3,PAY_AMT1
26792,0,0.0466174285477899,95,Low,Bill Balance Trend,PAY_AMT1,Payment Trend
3058,0,0.2087354753709972,79,Medium,Credit Utilization,Credit Limit,PAY_AMT2
3357,0,0.2383329978280916,76,Medium,Maximum Payment Delay,Number of Delayed Months,Bill Balance Trend
17622,0,0.2951033658018165,70,High,Credit Limit,BILL_AMT1,Average Payment Amount
9819,0,0.1006356144700602,90,Medium,Credit Limit,Payment Trend,PAY_AMT6
28497,0,0.1697881678724906,83,Medium,Credit Utilization,Payment-to-Bill Ratio,BILL_AMT6
29964,0,0.1756907327397739,82,Medium,Maximum Payment Delay,Average Payment Amount,PAY_AMT3
14623,0,0.0514303328656828,95,Low,PAY_AMT1,BILL_AMT4,Education: Other
15076,0,0.0475821979405558,95,Low,Payment-to-Bill Ratio,Average Bill Amount,PAY_AMT5
6695,0,0.2523611863861376,75,High,PAY_AMT6,Average Payment Amount,Credit Limit
13498,1,0.2430095427337403,76,Medium,Credit Limit,BILL_AMT1,PAY_AMT2
26842,0,0.0809894256475699,92,Low,Credit Utilization,PAY_AMT4,Payment Trend
15060,0,0.0941171896860914,91,Low,Credit Utilization,Credit Limit,BILL_AMT3
22044,0,0.0500682990684812,95,Low,BILL_AMT4,Education: Other,Payment Status Month 4
11837,0,0.1527402547703018,85,Medium,PAY_AMT4,BILL_AMT1,Number of Delayed Months
21130,0,0.3472302168925627,65,High,Maximum Payment Delay,Credit Utilization,Payment-to-Bill Ratio
5053,0,0.0615776137109698,94,Low,PAY_AMT4,BILL_AMT5,Average Bill Amount
817,1,0.6277896565631782,37,High,Recent Payment Status,Maximum Payment Delay,Number of Delayed Months
17627,0,0.180771418024143,82,Medium,Maximum Payment Delay,Credit Utilization,Number of Delayed Months
3295,0,0.0392980326429642,96,Low,BILL_AMT3,Education: Other,Payment Status Month 3
18026,0,0.1789464276468081,82,Medium,Credit Limit,PAY_AMT2,PAY_AMT6
459,0,0.0781715642820612,92,Low,BILL_AMT1,Payment Trend,Average Bill Amount
26151,1,0.6437276035562373,36,High,Recent Payment Status,Maximum Payment Delay,Average Payment Delay
9770,0,0.0486920220304152,95,Low,BILL_AMT1,Bill Balance Trend,BILL_AMT4
7922,1,0.2572398390279675,74,High,Credit Limit,Bill Balance Trend,Credit Utilization
11315,1,0.6104415154243547,39,High,Recent Payment Status,Maximum Payment Delay,Number of Delayed Months
22937,0,0.1841768807503618,82,Medium,Maximum Payment Delay,Number of Delayed Months,Payment-to-Bill Ratio
17436,0,0.168022857348472,83,Medium,Credit Utilization,PAY_AMT4,Average Bill Amount
25599,0,0.185040509503032,81,Medium,Credit Utilization,Credit Limit,Payment-to-Bill Ratio
17454,0,0.2514521368517516,75,High,Maximum Payment Delay,Number of Delayed Months,Payment Trend
23547,0,0.0532808274534853,95,Low,PAY_AMT5,Payment Trend,Average Payment Amount
29965,0,0.0964962254079663,90,Low,BILL_AMT1,PAY_AMT6,Average Bill Amount
16809,0,0.0748860336011283,93,Low,PAY_AMT1,Education: University,Education: Other
9133,0,0.0578467849343575,94,Low,Credit Utilization,BILL_AMT3,Education: University
2608,1,0.2171058694308713,78,Medium,BILL_AMT1,PAY_AMT3,Average Payment Amount
15549,1,0.0582103295574862,94,Low,Payment-to-Bill Ratio,Average Bill Amount,Education: University
11622,1,0.1675866406920958,83,Medium,Credit Utilization,PAY_AMT3,Payment Trend
6631,0,0.1001539923517653,90,Medium,Payment Trend,Bill Balance Trend,BILL_AMT3
17840,0,0.0761428150516011,92,Low,BILL_AMT5,PAY_AMT3,PAY_AMT4
6974,0,0.4431094785602825,56,High,Average Payment Delay,Maximum Payment Delay,Number of Delayed Months
263,0,0.1960563327441307,80,Medium,Maximum Payment Delay,Number of Delayed Months,BILL_AMT1
10373,0,0.2019961297410679,80,Medium,PAY_AMT3,BILL_AMT1,BILL_AMT5
22379,0,0.0664605748415645,93,Low,Credit Utilization,Payment-to-Bill Ratio,Average Bill Amount
27168,1,0.1843041937656064,82,Medium,Credit Limit,Credit Utilization,PAY_AMT6
9520,0,0.5371020504485404,46,High,Average Payment Delay,Maximum Payment Delay,Number of Delayed Months
23533,1,0.4702697083653015,53,High,Maximum Payment Delay,Average Payment Delay,Number of Delayed Months
22041,0,0.0773057778020065,92,Low,BILL_AMT3,PAY_AMT5,Average Bill Amount
28231,0,0.1450008708574346,85,Medium,PAY_AMT3,BILL_AMT1,Bill Balance Trend
12983,0,0.4747068236386113,53,High,Maximum Payment Delay,Average Payment Delay,Number of Delayed Months
8121,0,0.114473680388388,89,Medium,Payment Trend,PAY_AMT3,BILL_AMT5
18490,1,0.6698326215015408,33,High,Recent Payment Status,Maximum Payment Delay,Number of Delayed Months
19646,0,0.0577042150244697,94,Low,BILL_AMT1,Average Bill Amount,Payment Trend
11241,0,0.5763443821097377,42,High,Recent Payment Status,Maximum Payment Delay,Average Payment Delay
26146,0,0.0775997520932047,92,Low,Credit Utilization,BILL_AMT2,Average Bill Amount
14883,0,0.2421992431651398,76,Medium,BILL_AMT5,BILL_AMT1,Number of Delayed Months
26707,1,0.6375223319072539,36,High,Recent Payment Status,Maximum Payment Delay,Average Payment Delay
29391,0,0.09580257915885,90,Low,Payment Trend,BILL_AMT5,BILL_AMT4
14956,0,0.1277761975971019,87,Medium,Credit Limit,PAY_AMT2,PAY_AMT6
2361,0,0.3740293665231773,63,High,Maximum Payment Delay,Credit Limit,Number of Delayed Months
14862,1,0.7204749164231016,28,High,Recent Payment Status,Maximum Payment Delay,Number of Delayed Months
2104,0,0.0704261511617534,93,Low,BILL_AMT4,Bill Balance Trend,BILL_AMT3
26222,0,0.2113372304527619,79,Medium,PAY_AMT4,BILL_AMT1,Number of Delayed Months
2433,1,0.6610754709531523,34,High,Recent Payment Status,Maximum Payment Delay,Average Payment Delay
14581,0,0.0576271405144085,94,Low,PAY_AMT1,Education: Other,Payment Status Month 4
7055,0,0.1226673981843623,88,Medium,Credit Utilization,Credit Limit,Payment-to-Bill Ratio
2837,0,0.0904295473640398,91,Low,Payment-to-Bill Ratio,BILL_AMT3,BILL_AMT4
13117,0,0.0675332722045009,93,Low,Average Payment Amount,Payment Trend,Bill Balance Trend
7714,0,0.044374143800183,96,Low,BILL_AMT4,BILL_AMT3,PAY_AMT5
7034,0,0.0649891077056557,94,Low,PAY_AMT6,PAY_AMT1,BILL_AMT4
6066,0,0.6377789043829959,36,High,Recent Payment Status,Maximum Payment Delay,Number of Delayed Months
5430,0,0.1144217829020044,89,Medium,Credit Utilization,Payment-to-Bill Ratio,BILL_AMT3
6899,0,0.2015242065560188,80,Medium,Maximum Payment Delay,Credit Utilization,Number of Delayed Months
27785,0,0.0508504363215853,95,Low,BILL_AMT3,Education: University,Education: Other
28970,0,0.1900932070531179,81,Medium,Credit Utilization,Credit Limit,Payment Trend
29581,0,0.0608148226303071,94,Low,PAY_AMT6,BILL_AMT3,BILL_AMT4
18296,1,0.3969901488986262,60,High,PAY_AMT3,Average Payment Amount,BILL_AMT1
7210,0,0.0450092353573622,95,Low,Average Payment Amount,Total Payment Amount,PAY_AMT2
26280,0,0.2927033085016,71,High,PAY_AMT3,Average Payment Amount,Number of Delayed Months
26500,0,0.0673214218095797,93,Low,BILL_AMT5,Credit Limit,Average Payment Amount
16196,1,0.0659641249303523,93,Low,BILL_AMT1,Bill Balance Trend,PAY_AMT4
1568,0,0.1499343343831149,85,Medium,Credit Utilization,BILL_AMT4,Bill Balance Trend
4574,0,0.0392293242103088,96,Low,BILL_AMT3,Education: Other,BILL_AMT4
28218,0,0.0715958743072193,93,Low,Credit Utilization,BILL_AMT3,Total Payment Amount
24390,0,0.0830236217028594,92,Low,Credit Utilization,Payment-to-Bill Ratio,BILL_AMT3
534,1,0.6741179075267181,33,High,Recent Payment Status,Maximum Payment Delay,Average Payment Delay
6119,0,0.1202708728944022,88,Medium,PAY_AMT3,Bill Balance Trend,BILL_AMT1
22447,0,0.1404576138490618,86,Medium,PAY_AMT3,BILL_AMT1,Average Payment Amount
8514,1,0.0703066228458145,93,Low,Payment-to-Bill Ratio,BILL_AMT4,PAY_AMT3
1421,0,0.0587500564932952,94,Low,PAY_AMT4,Payment Trend,PAY_AMT1
14435,1,0.4476577219487377,55,High,Maximum Payment Delay,Credit Limit,Number of Delayed Months
14357,0,0.1529092928579437,85,Medium,Credit Utilization,Payment-to-Bill Ratio,BILL_AMT3
7887,0,0.101180328780319,90,Medium,Maximum Payment Delay,Average Payment Amount,Number of Delayed Months
17924,1,0.6295161930304985,37,High,Recent Payment Status,Maximum Payment Delay,Number of Delayed Months
6594,0,0.1917627839902485,81,Medium,Credit Utilization,Credit Limit,Payment-to-Bill Ratio
23270,0,0.0635199589470868,94,Low,BILL_AMT4,PAY_AMT1,BILL_AMT3
15184,0,0.0949643551048052,91,Low,Bill Balance Trend,BILL_AMT1,BILL_AMT3
3769,0,0.3083830253273293,69,High,PAY_AMT3,Average Payment Amount,BILL_AMT1
18270,0,0.0757787259477952,92,Low,Bill Balance Trend,BILL_AMT1,Average Bill Amount
23510,0,0.4483417978545075,55,High,Maximum Payment Delay,Number of Delayed Months,Average Payment Delay
13997,0,0.05169740786741,95,Low,Payment-to-Bill Ratio,BILL_AMT3,BILL_AMT4
22781,0,0.1563239157159411,84,Medium,Credit Utilization,Credit Limit,PAY_AMT1
11880,0,0.071894670593262,93,Low,BILL_AMT5,Credit Limit,PAY_AMT1
21553,0,0.2087402081944287,79,Medium,BILL_AMT1,BILL_AMT5,Credit Limit
29676,0,0.0718264404116123,93,Low,Bill Balance Trend,Payment Trend,PAY_AMT1
25236,1,0.40757889429993,59,High,Maximum Payment Delay,Number of Delayed Months,PAY_AMT3
29885,0,0.2660866611014781,73,High,Maximum Payment Delay,Average Payment Delay,Number of Delayed Months
11284,0,0.583832567656442,42,High,Average Payment Delay,Maximum Payment Delay,Number of Delayed Months
28856,0,0.158568060230246,84,Medium,Credit Utilization,Payment-to-Bill Ratio,BILL_AMT3
12679,0,0.6145244176517671,39,High,Recent Payment Status,Maximum Payment Delay,Number of Delayed Months
14129,0,0.3176472972494526,68,High,Maximum Payment Delay,BILL_AMT1,Number of Delayed Months
26269,0,0.1550431869633783,84,Medium,Credit Limit,Credit Utilization,Bill Balance Trend
28650,0,0.0587134867244663,94,Low,BILL_AMT1,PAY_AMT5,PAY_AMT1
26395,0,0.6705004241075261,33,High,Recent Payment Status,Maximum Payment Delay,Average Payment Delay
7948,0,0.3532135535345519,65,High,PAY_AMT3,Average Payment Amount,BILL_AMT1
4814,0,0.0514050073002688,95,Low,Education: University,PAY_AMT5,BILL_AMT4
9480,1,0.45406248397579,55,High,PAY_AMT3,Average Payment Amount,BILL_AMT1
7392,0,0.2728729454920153,73,High,Average Payment Amount,PAY_AMT2,BILL_AMT1
20579,0,0.1052414067889819,89,Medium,BILL_AMT3,BILL_AMT4,PAY_AMT1
27162,0,0.0620065062382793,94,Low,Bill Balance Trend,Total Payment Amount,Education: Other
10240,0,0.2698165642137909,73,High,Maximum Payment Delay,Credit Utilization,Number of Delayed Months
25432,0,0.126613334436512,87,Medium,Credit Utilization,Average Payment Amount,Payment Trend
11533,0,0.1140890872620707,89,Medium,PAY_AMT6,PAY_AMT2,Average Bill Amount
3561,1,0.6997407786726543,30,High,Recent Payment Status,Maximum Payment Delay,Average Payment Delay
22291,1,0.7029495454255857,30,High,Recent Payment Status,Maximum Payment Delay,Average Payment Delay
10247,0,0.0645482811138815,94,Low,Payment Trend,BILL_AMT3,BILL_AMT6
28855,0,0.0485585916517249,95,Low,BILL_AMT3,Education: Other,Payment Status Month 4
24248,0,0.0813322095427237,92,Low,PAY_AMT4,Bill Balance Trend,PAY_AMT2
20076,0,0.044438191210491,96,Low,Payment Trend,Bill Balance Trend,BILL_AMT6
1656,0,0.1261722968894995,87,Medium,PAY_AMT3,BILL_AMT5,PAY_AMT2
11576,0,0.0482472603695846,95,Low,Average Payment Amount,Education: Other,Payment Status Month 4
20132,0,0.0822700240355058,92,Low,Payment Trend,BILL_AMT1,PAY_AMT1
5978,0,0.6474608318618216,35,High,Recent Payment Status,Maximum Payment Delay,Number of Delayed Months
16313,0,0.2668701034518144,73,High,Credit Utilization,Payment-to-Bill Ratio,BILL_AMT3
27996,0,0.0941267982356812,91,Low,BILL_AMT1,PAY_AMT5,PAY_AMT1
17319,0,0.559856443940212,44,High,Recent Payment Status,Maximum Payment Delay,Number of Delayed Months
13601,0,0.1025414518687104,90,Medium,Credit Limit,PAY_AMT6,Credit Utilization
8699,0,0.123557619670865,88,Medium,Maximum Payment Delay,Number of Delayed Months,Payment-to-Bill Ratio
11754,0,0.057483876230414,94,Low,Credit Utilization,Bill Balance Trend,BILL_AMT3
1190,0,0.0754573191157292,92,Low,Credit Utilization,Average Bill Amount,Bill Balance Trend
9567,1,0.4972326110310631,50,High,Maximum Payment Delay,Credit Limit,Number of Delayed Months
21542,0,0.1550820304231001,84,Medium,Credit Limit,BILL_AMT5,PAY_AMT2
28714,0,0.14986343033228,85,Medium,BILL_AMT1,BILL_AMT5,PAY_AMT4
13400,1,0.41117827060785,59,High,PAY_AMT3,Average Payment Amount,Number of Delayed Months
11450,0,0.2269340730677345,77,Medium,Maximum Payment Delay,Credit Utilization,Credit Limit
8449,0,0.057590608384791,94,Low,PAY_AMT1,Average Bill Amount,Payment Status Month 6
10046,0,0.1452079330147954,85,Medium,Credit Limit,Credit Utilization,PAY_AMT1
24526,1,0.1141523780056866,89,Medium,Credit Utilization,Payment-to-Bill Ratio,Average Bill Amount
16734,1,0.1545904913799269,85,Medium,Credit Utilization,Credit Limit,BILL_AMT3
5958,0,0.1290086918576458,87,Medium,Credit Utilization,Payment-to-Bill Ratio,BILL_AMT3
5175,0,0.1262613018521031,87,Medium,Credit Utilization,Payment-to-Bill Ratio,BILL_AMT3
29812,0,0.0702371768419272,93,Low,Credit Limit,Credit Utilization,PAY_AMT6
29791,0,0.073541807837941,93,Low,BILL_AMT1,Average Bill Amount,BILL_AMT5
19401,0,0.2414027904979206,76,Medium,Maximum Payment Delay,Average Payment Delay,Number of Delayed Months
7407,1,0.1255432573479828,87,Medium,BILL_AMT5,Average Payment Amount,PAY_AMT3
18414,0,0.0767427316407282,92,Low,Credit Limit,Credit Utilization,Bill Balance Trend
24438,0,0.0872683657677208,91,Low,Credit Utilization,Bill Balance Trend,BILL_AMT3
26960,0,0.0485831738001188,95,Low,Payment-to-Bill Ratio,BILL_AMT3,BILL_AMT4
4767,0,0.0712275366567081,93,Low,PAY_AMT3,PAY_AMT6,PAY_AMT2
4958,1,0.1939380926590148,81,Medium,Maximum Payment Delay,Number of Delayed Months,Bill Balance Trend
23336,0,0.1579983693746648,84,Medium,BILL_AMT1,Bill Balance Trend,Payment Trend
10796,0,0.0799767637469535,92,Low,Credit Utilization,Payment Trend,BILL_AMT3
24598,0,0.0539108919923519,95,Low,Payment Trend,Average Bill Amount,PAY_AMT3
202,0,0.1606665596732776,84,Medium,Maximum Payment Delay,Number of Delayed Months,Average Payment Delay
19866,0,0.4743425501417626,53,High,Average Payment Delay,Maximum Payment Delay,Number of Delayed Months
10888,0,0.1032179165809655,90,Medium,Credit Limit,Bill Balance Trend,PAY_AMT6
18463,0,0.2576939308679702,74,High,Maximum Payment Delay,Credit Limit,Number of Delayed Months
11090,1,0.0477626460260853,95,Low,Average Payment Amount,Total Payment Amount,BILL_AMT3
1160,0,0.5029832430180227,50,High,Maximum Payment Delay,Average Payment Delay,Number of Delayed Months
28803,0,0.1307938622611064,87,Medium,Bill Balance Trend,BILL_AMT1,PAY_AMT3
189,0,0.1411728053637345,86,Medium,Bill Balance Trend,BILL_AMT1,Number of Delayed Months
27423,0,0.1584844076670178,84,Medium,Credit Utilization,Payment Trend,Bill Balance Trend
5767,0,0.1370472980932514,86,Medium,Bill Balance Trend,PAY_AMT2,Average Payment Amount
114,0,0.0928060376074229,91,Low,Credit Utilization,Bill Balance Trend,BILL_AMT4
29650,0,0.1271470164065566,87,Medium,Credit Utilization,Average Payment Amount,Payment Trend
14270,0,0.0519677521967136,95,Low,BILL_AMT4,BILL_AMT3,PAY_AMT1
22683,0,0.1016352104685359,90,Medium,BILL_AMT5,PAY_AMT3,Total Bill Amount
9241,0,0.1000696723883337,90,Medium,Bill Balance Trend,BILL_AMT1,PAY_AMT1
15860,0,0.1283608340298082,87,Medium,BILL_AMT1,Number of Delayed Months,PAY_AMT5
18215,0,0.2692165543050412,73,High,Maximum Payment Delay,Credit Utilization,Average Payment Delay
5679,0,0.0697139631386444,93,Low,Bill Balance Trend,PAY_AMT1,Payment Status Month 4
8617,1,0.1552200538089276,84,Medium,BILL_AMT1,PAY_AMT4,PAY_AMT2
11823,0,0.1424950835239886,86,Medium,BILL_AMT1,PAY_AMT2,PAY_AMT5
297,0,0.1907422041910127,81,Medium,BILL_AMT1,BILL_AMT5,Total Bill Amount
25089,0,0.0826826496141878,92,Low,PAY_AMT4,BILL_AMT1,PAY_AMT3
1226,1,0.2241808522705456,78,Medium,Credit Limit,BILL_AMT5,PAY_AMT3
6442,0,0.1163784377638416,88,Medium,Credit Utilization,BILL_AMT3,Credit Limit
13619,0,0.1478163870091976,85,Medium,Credit Limit,PAY_AMT6,PAY_AMT2
12213,0,0.1638630718768227,84,Medium,BILL_AMT1,PAY_AMT2,Total Bill Amount
24319,0,0.2705567561665314,73,High,PAY_AMT3,BILL_AMT1,BILL_AMT5
853,0,0.1230819286682254,88,Medium,BILL_AMT5,PAY_AMT3,PAY_AMT2
893,0,0.1052065278573411,89,Medium,BILL_AMT5,Average Payment Amount,PAY_AMT2
11722,0,0.0874833323093079,91,Low,Credit Utilization,Average Bill Amount,Payment-to-Bill Ratio
26157,0,0.0612696969059642,94,Low,Payment-to-Bill Ratio,BILL_AMT3,Education: University
22859,1,0.2436373579747288,76,Medium,Average Payment Delay,Maximum Payment Delay,Number of Delayed Months
29212,0,0.1664869441429373,83,Medium,Credit Utilization,Credit Limit,PAY_AMT6
20291,0,0.6598721999993192,34,High,Recent Payment Status,Maximum Payment Delay,Number of Delayed Months
21993,0,0.1126319258351445,89,Medium,PAY_AMT4,BILL_AMT3,Payment Trend
23402,1,0.3424988829201135,66,High,Credit Limit,BILL_AMT5,PAY_AMT3
13796,0,0.0739538966103608,93,Low,PAY_AMT4,PAY_AMT1,PAY_AMT6
24602,1,0.5885652150862993,41,High,Recent Payment Status,Maximum Payment Delay,Number of Delayed Months
9874,0,0.104183437131409,90,Medium,Credit Utilization,BILL_AMT4,BILL_AMT3
10115,0,0.0886406623554275,91,Low,Credit Limit,PAY_AMT2,PAY_AMT1
8343,0,0.0815922733261547,92,Low,Credit Utilization,Payment-to-Bill Ratio,Average Bill Amount
6657,0,0.1670010619313138,83,Medium,BILL_AMT1,Number of Delayed Months,Bill Balance Trend
6077,1,0.6465483363132868,35,High,Recent Payment Status,Maximum Payment Delay,Average Payment Delay
29486,1,0.1128375499381002,89,Medium,Payment Trend,PAY_AMT2,BILL_AMT3
25711,0,0.1575283388642513,84,Medium,PAY_AMT3,BILL_AMT1,PAY_AMT2
546,0,0.044798457464419,96,Low,Bill Balance Trend,Payment Trend,Education: Other
24224,0,0.0452306567581687,95,Low,Total Payment Amount,Payment Status Month 6,BILL_AMT4
20372,1,0.1940755843176052,81,Medium,Credit Limit,Bill Balance Trend,Credit Utilization
28579,0,0.0414855436396645,96,Low,Payment Trend,Payment Status Month 6,Bill Balance Trend
28413,0,0.043934888630702,96,Low,PAY_AMT6,PAY_AMT5,Payment Trend
24320,1,0.4558932514442008,54,High,Maximum Payment Delay,Bill Balance Trend,Credit Limit
16626,1,0.705494378856066,29,High,Recent Payment Status,Maximum Payment Delay,Average Payment Delay
13703,0,0.1133725994391056,89,Medium,Average Payment Amount,BILL_AMT5,PAY_AMT2
21992,0,0.3157396409178022,68,High,Maximum Payment Delay,Number of Delayed Months,BILL_AMT1
5926,0,0.1240629456358521,88,Medium,BILL_AMT1,Bill Balance Trend,Payment Trend
28645,1,0.6669444404605449,33,High,Recent Payment Status,Maximum Payment Delay,Average Payment Delay
3863,0,0.0607623361507865,94,Low,Credit Utilization,PAY_AMT4,Payment Trend
20121,1,0.1925515865458363,81,Medium,Credit Utilization,Payment-to-Bill Ratio,BILL_AMT3
26906,0,0.056588255474546,94,Low,Payment-to-Bill Ratio,BILL_AMT3,Credit Utilization
24189,1,0.1383946213696943,86,Medium,Credit Utilization,Payment-to-Bill Ratio,BILL_AMT3
24662,0,0.1182047482562096,88,Medium,Credit Utilization,Bill Balance Trend,PAY_AMT6
2498,0,0.2138026916689162,79,Medium,BILL_AMT1,Average Bill Amount,Payment Trend
14160,1,0.0715163579130052,93,Low,BILL_AMT1,Average Bill Amount,BILL_AMT5
5553,0,0.1034288099995915,90,Medium,Credit Limit,Bill Balance Trend,Number of Delayed Months
4636,0,0.0878680291510711,91,Low,Credit Limit,BILL_AMT5,PAY_AMT3
25029,0,0.0643560168941544,94,Low,PAY_AMT1,BILL_AMT2,BILL_AMT5
9798,0,0.0580260247000889,94,Low,Payment-to-Bill Ratio,Average Bill Amount,Bill Balance Trend
29455,1,0.2228972148923693,78,Medium,Maximum Payment Delay,Payment Trend,Number of Delayed Months
261,0,0.0373105183059014,96,Low,Payment Trend,Total Payment Amount,BILL_AMT6
397,0,0.0940038665686542,91,Low,PAY_AMT2,Payment-to-Bill Ratio,PAY_AMT6
12504,1,0.1199612812523485,88,Medium,PAY_AMT3,Number of Delayed Months,Bill Balance Trend
6490,1,0.1479419490514064,85,Medium,Maximum Payment Delay,Number of Delayed Months,Payment Trend
23301,0,0.0787934485758125,92,Low,BILL_AMT1,Bill Balance Trend,Payment Trend
7358,1,0.103902499515107,90,Medium,Bill Balance Trend,PAY_AMT2,PAY_AMT1
22091,1,0.4109994377379322,59,High,Credit Utilization,Maximum Payment Delay,Payment-to-Bill Ratio
24952,0,0.1826793275713459,82,Medium,PAY_AMT3,BILL_AMT1,PAY_AMT2
25524,0,0.1444275603480907,86,Medium,Credit Utilization,Credit Limit,BILL_AMT3
4478,0,0.0679980036742125,93,Low,Bill Balance Trend,PAY_AMT1,Education: Other
1263,0,0.1636127901831298,84,Medium,Credit Utilization,Credit Limit,PAY_AMT2
28529,0,0.1175378181259989,88,Medium,Credit Utilization,BILL_AMT3,Bill Balance Trend
8942,0,0.0521322732518337,95,Low,BILL_AMT4,BILL_AMT3,PAY_AMT3
2240,0,0.2124697264703645,79,Medium,Credit Utilization,Payment-to-Bill Ratio,Payment Trend
15879,1,0.0912570690890602,91,Low,Credit Utilization,BILL_AMT3,BILL_AMT4
17400,0,0.1210336288992311,88,Medium,Credit Utilization,Credit Limit,PAY_AMT1
28551,0,0.1163870880642643,88,Medium,Credit Limit,PAY_AMT1,Credit Utilization
19565,1,0.3511716342118966,65,High,Average Payment Amount,BILL_AMT5,PAY_AMT3
5987,1,0.1609568155232224,84,Medium,PAY_AMT3,BILL_AMT1,BILL_AMT5
14834,1,0.526352521874491,47,High,Recent Payment Status,Maximum Payment Delay,Credit Utilization
24269,0,0.0780038112272242,92,Low,Credit Utilization,Average Bill Amount,Payment-to-Bill Ratio
19811,0,0.0781045001882742,92,Low,Bill Balance Trend,Payment Trend,PAY_AMT1
13118,0,0.1080146495065949,89,Medium,BILL_AMT1,Bill Balance Trend,PAY_AMT4
23818,1,0.138637694598553,86,Medium,BILL_AMT1,PAY_AMT1,PAY_AMT5
24678,1,0.3893960936727933,61,High,Maximum Payment Delay,Credit Utilization,Payment Trend
25342,0,0.0990919545256467,90,Low,Credit Limit,PAY_AMT2,PAY_AMT1
5063,0,0.1477324297941238,85,Medium,Credit Utilization,Credit Limit,Payment-to-Bill Ratio
12567,0,0.1859590572833781,81,Medium,BILL_AMT1,PAY_AMT6,PAY_AMT2
4437,0,0.4223579451450389,58,High,PAY_AMT3,Average Payment Amount,Number of Delayed Months
29215,1,0.5504202395784096,45,High,Average Payment Delay,Maximum Payment Delay,Number of Delayed Months
22106,0,0.1571109694747337,84,Medium,BILL_AMT1,Payment Trend,Average Bill Amount
15220,0,0.1522530434919822,85,Medium,Credit Limit,BILL_AMT1,Payment Trend
17301,0,0.1263152583573953,87,Medium,Credit Utilization,Payment-to-Bill Ratio,BILL_AMT3
22388,0,0.1953200435040374,80,Medium,BILL_AMT5,Average Payment Amount,Bill Balance Trend
5338,1,0.118830066842867,88,Medium,Credit Limit,Credit Utilization,PAY_AMT1
28033,0,0.6592555431872958,34,High,Recent Payment Status,Maximum Payment Delay,Number of Delayed Months
22403,0,0.4023325101380546,60,High,BILL_AMT5,PAY_AMT3,BILL_AMT2
16126,1,0.695965498620336,30,High,Recent Payment Status,Maximum Payment Delay,Average Payment Delay
1732,1,0.0762637646927818,92,Low,Bill Balance Trend,Payment Trend,BILL_AMT1
24403,0,0.0402364477140973,96,Low,PAY_AMT4,BILL_AMT3,Bill Balance Trend
2569,0,0.4527532960146952,55,High,Maximum Payment Delay,Credit Limit,Bill Balance Trend
4021,0,0.1583125656793339,84,Medium,Credit Utilization,Credit Limit,PAY_AMT6
432,1,0.1349537194733696,87,Medium,Payment-to-Bill Ratio,Credit Utilization,BILL_AMT2
24079,0,0.0722261227378089,93,Low,PAY_AMT6,Average Bill Amount,Bill Balance Trend
12017,0,0.2153109781052379,78,Medium,PAY_AMT3,BILL_AMT1,PAY_AMT2
3274,0,0.1189720080102415,88,Medium,Credit Limit,PAY_AMT6,BILL_AMT5
21504,0,0.1231073131859624,88,Medium,Credit Utilization,BILL_AMT3,Bill Balance Trend
4396,0,0.2431229350438305,76,Medium,BILL_AMT1,BILL_AMT5,Average Payment Amount
28065,0,0.125860820225724,87,Medium,Credit Utilization,BILL_AMT3,Payment-to-Bill Ratio
14794,1,0.595193337697424,40,High,Recent Payment Status,Maximum Payment Delay,Number of Delayed Months
3808,0,0.1012428777915857,90,Medium,Credit Utilization,BILL_AMT3,Payment-to-Bill Ratio
15956,0,0.0941965574093485,91,Low,Average Bill Amount,Bill Balance Trend,PAY_AMT1
10719,0,0.1604237970133562,84,Medium,BILL_AMT5,PAY_AMT3,Average Payment Amount
25179,0,0.2735279246145093,73,High,Credit Limit,Credit Utilization,PAY_AMT2
10093,0,0.0551341954218078,94,Low,BILL_AMT1,Payment Trend,BILL_AMT3
3358,1,0.2417405111520621,76,Medium,Maximum Payment Delay,Number of Delayed Months,Credit Utilization
14562,0,0.2001333458530993,80,Medium,BILL_AMT1,Average Payment Amount,Credit Limit
6305,1,0.1561254292034782,84,Medium,BILL_AMT1,Average Bill Amount,PAY_AMT2
19259,1,0.7027428749817318,30,High,Recent Payment Status,Maximum Payment Delay,Average Payment Delay
8826,0,0.1396855536148458,86,Medium,Credit Limit,Credit Utilization,Bill Balance Trend
16858,0,0.1226375818938217,88,Medium,Credit Utilization,Credit Limit,PAY_AMT1
14262,1,0.2021321386644838,80,Medium,Credit Limit,BILL_AMT1,PAY_AMT6
25790,0,0.0919027136555208,91,Low,BILL_AMT1,PAY_AMT1,Average Bill Amount
28572,0,0.0708860121449948,93,Low,Payment Status Month 6,BILL_AMT4,PAY_AMT3
9182,0,0.1449206498988722,86,Medium,Credit Utilization,BILL_AMT3,Bill Balance Trend
19605,0,0.4195654517325901,58,High,PAY_AMT3,Average Payment Amount,Number of Delayed Months
7114,0,0.0719055195333303,93,Low,Payment Trend,PAY_AMT1,BILL_AMT3
20741,0,0.050473663351763,95,Low,Bill Balance Trend,PAY_AMT1,Payment Trend
27986,0,0.0976319832373427,90,Low,Credit Utilization,BILL_AMT3,Bill Balance Trend
3123,0,0.0634261209811611,94,Low,Credit Utilization,Payment-to-Bill Ratio,Bill Balance Trend
6840,0,0.0432644979801442,96,Low,BILL_AMT1,PAY_AMT4,BILL_AMT6
15622,0,0.0462416808330534,95,Low,BILL_AMT3,PAY_AMT1,Education: Other
17876,0,0.0759114529518331,92,Low,BILL_AMT1,PAY_AMT4,Bill Balance Trend
14465,0,0.0615175556747815,94,Low,PAY_AMT4,Payment Trend,PAY_AMT1
13842,0,0.1085001862410417,89,Medium,Credit Utilization,Payment-to-Bill Ratio,Average Bill Amount
14486,0,0.5967691485495846,40,High,Average Payment Delay,Maximum Payment Delay,Number of Delayed Months
26292,0,0.0706973357076062,93,Low,Credit Utilization,BILL_AMT4,BILL_AMT3
4385,0,0.0934214850270499,91,Low,Maximum Payment Delay,Number of Delayed Months,Payment Trend
18703,0,0.0796058970438806,92,Low,Bill Balance Trend,Credit Utilization,PAY_AMT1
19596,1,0.6266169332198753,37,High,Recent Payment Status,Maximum Payment Delay,Number of Delayed Months
20737,0,0.4832150148011709,52,High,Maximum Payment Delay,Credit Limit,Number of Delayed Months
15398,0,0.1329386839146851,87,Medium,Credit Limit,Credit Utilization,PAY_AMT6
476,0,0.1274241059328124,87,Medium,Credit Limit,PAY_AMT2,PAY_AMT1
14188,0,0.0739741639794276,93,Low,BILL_AMT1,Number of Delayed Months,PAY_AMT4
10522,1,0.6657634839609786,33,High,Recent Payment Status,Maximum Payment Delay,Average Payment Delay
29680,0,0.162869335914881,84,Medium,Credit Utilization,Bill Balance Trend,Payment Trend
931,0,0.0518641033499026,95,Low,PAY_AMT1,BILL_AMT4,Education: Other
29249,1,0.3917263687647734,61,High,Maximum Payment Delay,Credit Limit,Bill Balance Trend
13554,0,0.0824166729136644,92,Low,BILL_AMT1,Payment Trend,Average Payment Amount
8794,0,0.1100385419385308,89,Medium,BILL_AMT1,BILL_AMT5,Average Payment Amount
18114,1,0.3382111058584933,66,High,PAY_AMT3,Average Payment Amount,BILL_AMT1
29071,0,0.0991936153772275,90,Low,BILL_AMT1,BILL_AMT5,PAY_AMT4
7815,0,0.1116575094559857,89,Medium,Credit Limit,BILL_AMT1,Average Bill Amount
27644,1,0.5245153950824544,48,High,Maximum Payment Delay,Average Payment Delay,Number of Delayed Months
20798,1,0.6558472118701283,34,High,Recent Payment Status,Maximum Payment Delay,Number of Delayed Months
298,0,0.087832718636087,91,Low,Credit Utilization,Payment-to-Bill Ratio,BILL_AMT3
3865,0,0.2393256420409617,76,Medium,Credit Limit,Credit Utilization,Bill Balance Trend
6252,1,0.1505694855720391,85,Medium,PAY_AMT3,BILL_AMT5,PAY_AMT4
14136,0,0.0387157268090994,96,Low,Average Payment Amount,BILL_AMT6,Bill Balance Trend
16769,0,0.4433053156217646,56,High,Recent Payment Status,Maximum Payment Delay,Average Payment Delay
17413,0,0.0878299869577482,91,Low,Credit Limit,PAY_AMT1,BILL_AMT2
24656,1,0.0703949453393311,93,Low,Payment Trend,Bill Balance Trend,PAY_AMT1
16133,1,0.6223701571069782,38,High,Recent Payment Status,Maximum Payment Delay,Number of Delayed Months
18269,0,0.1059082071039374,89,Medium,BILL_AMT1,Number of Delayed Months,BILL_AMT2
2731,0,0.5824092281522031,42,High,Average Payment Delay,Maximum Payment Delay,Number of Delayed Months
24017,0,0.1319084350243539,87,Medium,BILL_AMT1,PAY_AMT3,Bill Balance Trend
7794,0,0.0866333956372717,91,Low,Credit Utilization,BILL_AMT4,PAY_AMT1
22914,0,0.0872368276431571,91,Low,BILL_AMT1,Payment Trend,BILL_AMT5
6347,0,0.3011802115186497,70,High,BILL_AMT1,Average Payment Amount,Average Bill Amount
11805,0,0.1908076013509087,81,Medium,BILL_AMT1,Number of Delayed Months,BILL_AMT5
17164,0,0.163107972799782,84,Medium,Credit Utilization,Credit Limit,PAY_AMT2
2886,0,0.0973120470114989,90,Low,Credit Utilization,Payment-to-Bill Ratio,BILL_AMT3
21518,0,0.251132901776097,75,High,Maximum Payment Delay,Number of Delayed Months,Payment Trend
846,0,0.0719030752233216,93,Low,BILL_AMT1,Bill Balance Trend,BILL_AMT5
17475,0,0.0464945142590544,95,Low,Bill Balance Trend,BILL_AMT6,Payment Trend
29195,0,0.0969875966129616,90,Low,PAY_AMT3,PAY_AMT2,Payment-to-Bill Ratio
29124,0,0.165511357036151,83,Medium,Credit Utilization,Credit Limit,Payment-to-Bill Ratio
21742,0,0.084553873833896,92,Low,Credit Utilization,BILL_AMT3,BILL_AMT4
24679,0,0.059804346577612,94,Low,PAY_AMT4,Payment Trend,BILL_AMT3
17810,1,0.0945974145369981,91,Low,BILL_AMT1,Payment Trend,PAY_AMT1
18683,1,0.0928701635527669,91,Low,PAY_AMT6,PAY_AMT2,PAY_AMT1
28629,0,0.0999510639611104,90,Low,Credit Utilization,Bill Balance Trend,BILL_AMT3
23309,0,0.084945647500606,92,Low,Bill Balance Trend,BILL_AMT1,PAY_AMT1
16705,0,0.6767179046030787,32,High,Recent Payment Status,Maximum Payment Delay,Average Payment Delay
3977,0,0.6491305462901958,35,High,Recent Payment Status,Maximum Payment Delay,Number of Delayed Months
22140,0,0.0807121826438609,92,Low,PAY_AMT2,PAY_AMT6,PAY_AMT3
23045,0,0.0558932383716398,94,Low,Bill Balance Trend,PAY_AMT4,PAY_AMT3
12303,1,0.5170336023428744,48,High,Maximum Payment Delay,Average Payment Delay,Number of Delayed Months
16005,0,0.0644747287347102,94,Low,PAY_AMT1,Bill Balance Trend,Average Payment Amount
14945,0,0.1326969976693187,87,Medium,PAY_AMT3,BILL_AMT1,BILL_AMT5
3575,0,0.0938177354947819,91,Low,Credit Utilization,BILL_AMT3,BILL_AMT4
5405,1,0.4254712942322597,57,High,Average Payment Delay,Maximum Payment Delay,Number of Delayed Months
11649,0,0.251557601862552,75,High,Maximum Payment Delay,Number of Delayed Months,Credit Limit
7071,1,0.4408691426237666,56,High,Average Payment Delay,Maximum Payment Delay,Number of Delayed Months
6128,1,0.6680957740491605,33,High,Recent Payment Status,Maximum Payment Delay,Average Payment Delay
28376,0,0.0995374970849383,90,Low,Credit Utilization,BILL_AMT3,Bill Balance Trend
1769,0,0.0926822539297743,91,Low,BILL_AMT1,Average Bill Amount,Average Payment Amount
21406,0,0.1440287396747344,86,Medium,Credit Limit,Bill Balance Trend,PAY_AMT6
13834,0,0.1749406541678925,83,Medium,Credit Limit,Credit Utilization,Payment Trend
7642,0,0.0602283811679937,94,Low,PAY_AMT1,BILL_AMT4,Education: Other
13226,0,0.0584287433945808,94,Low,Credit Utilization,Education: University,BILL_AMT4
10152,1,0.6933600709028721,31,High,Recent Payment Status,Maximum Payment Delay,Number of Delayed Months
18959,0,0.0582841272474462,94,Low,PAY_AMT4,Bill Balance Trend,Payment Status Month 5
19867,0,0.1081133385922304,89,Medium,BILL_AMT5,PAY_AMT2,Payment Trend
2326,0,0.1206660339687109,88,Medium,Payment Trend,Credit Limit,PAY_AMT2
27174,0,0.2917191540249459,71,High,BILL_AMT1,PAY_AMT3,Average Payment Amount
8280,0,0.1076307428590243,89,Medium,Average Bill Amount,Payment-to-Bill Ratio,Payment Status Month 6
5834,0,0.5468028202539509,45,High,Average Payment Delay,Maximum Payment Delay,Number of Delayed Months
10143,0,0.6853836053942124,31,High,Recent Payment Status,Maximum Payment Delay,Average Payment Delay
19243,0,0.0747056458398999,93,Low,Average Bill Amount,BILL_AMT3,BILL_AMT5
2035,0,0.292976094089365,71,High,BILL_AMT1,Average Bill Amount,Payment Trend
9582,0,0.1261534104917866,87,Medium,Credit Limit,PAY_AMT3,PAY_AMT2
13787,0,0.0917751254116231,91,Low,Payment-to-Bill Ratio,Credit Utilization,BILL_AMT3
18700,0,0.068054335615213,93,Low,Credit Utilization,Bill Balance Trend,BILL_AMT3
17455,0,0.1800576442313759,82,Medium,Credit Utilization,Payment-to-Bill Ratio,BILL_AMT3
3954,0,0.1116777077413662,89,Medium,Credit Utilization,Payment Trend,BILL_AMT3
12747,0,0.0787045686694168,92,Low,PAY_AMT2,PAY_AMT1,BILL_AMT3
1703,1,0.099470304975205,90,Low,Maximum Payment Delay,Number of Delayed Months,Average Payment Delay
7147,0,0.1288928961895314,87,Medium,Credit Utilization,Average Payment Amount,Bill Balance Trend
17037,0,0.0819288645621291,92,Low,Payment Trend,PAY_AMT1,Bill Balance Trend
16980,0,0.3695882371560717,63,High,Maximum Payment Delay,Number of Delayed Months,Credit Limit
19660,1,0.5023431751669793,50,High,Maximum Payment Delay,Average Payment Delay,Number of Delayed Months
2194,0,0.0512545447078013,95,Low,Bill Balance Trend,Payment Trend,BILL_AMT3
20071,0,0.0503933639151209,95,Low,PAY_AMT6,BILL_AMT3,Payment Status Month 4
12916,0,0.1605131475340237,84,Medium,Credit Utilization,Payment-to-Bill Ratio,BILL_AMT3
22894,1,0.059833101233824,94,Low,Bill Balance Trend,Payment Trend,BILL_AMT6
3834,0,0.0907382402142434,91,Low,BILL_AMT1,Bill Balance Trend,Payment Trend
12822,0,0.04482409519071,96,Low,BILL_AMT1,Payment Trend,BILL_AMT4
3107,0,0.0502449119843899,95,Low,Payment Status Month 6,Payment Trend,BILL_AMT5
18110,1,0.6918944393252028,31,High,Recent Payment Status,Maximum Payment Delay,Average Payment Delay
12355,0,0.1428221845194338,86,Medium,Credit Limit,Credit Utilization,Average Payment Amount
23828,1,0.6287009161727585,37,High,Recent Payment Status,Maximum Payment Delay,Average Payment Delay
11875,0,0.6936979819581639,31,High,Recent Payment Status,Maximum Payment Delay,Average Payment Delay
14685,0,0.2482512566327034,75,Medium,BILL_AMT1,Average Bill Amount,Payment Trend
26904,0,0.0810007132154208,92,Low,Number of Delayed Months,BILL_AMT3,PAY_AMT4
25125,0,0.1226699512924696,88,Medium,BILL_AMT1,PAY_AMT6,PAY_AMT1
24675,1,0.6217698024606347,38,High,Recent Payment Status,BILL_AMT5,Maximum Payment Delay
29413,0,0.3467181111377462,65,High,Maximum Payment Delay,Number of Delayed Months,Payment-to-Bill Ratio
8788,0,0.047986399799483,95,Low,Payment Trend,BILL_AMT6,BILL_AMT3
15211,0,0.1007420312739918,90,Medium,PAY_AMT2,BILL_AMT1,Payment Status Month 6
1648,0,0.0630865529180453,94,Low,Credit Utilization,Average Bill Amount,Education: University
27588,1,0.2181806443054071,78,Medium,BILL_AMT1,BILL_AMT5,PAY_AMT2
26676,0,0.1579384468600322,84,Medium,Credit Utilization,Credit Limit,BILL_AMT3
8539,1,0.1049078859645716,90,Medium,Credit Utilization,BILL_AMT3,PAY_AMT1
22949,1,0.1499276685754907,85,Medium,PAY_AMT4,BILL_AMT1,PAY_AMT6
28259,0,0.1475138317428602,85,Medium,PAY_AMT1,Bill Balance Trend,BILL_AMT1
9529,0,0.1384709375928419,86,Medium,Credit Utilization,Credit Limit,Payment-to-Bill Ratio
23577,0,0.1042346780076674,90,Medium,PAY_AMT3,BILL_AMT5,BILL_AMT1
6978,0,0.0617926055208713,94,Low,Payment Trend,BILL_AMT1,PAY_AMT2
12671,0,0.0888857891725122,91,Low,Credit Utilization,PAY_AMT4,BILL_AMT3
24421,0,0.1721039899432452,83,Medium,PAY_AMT3,BILL_AMT1,Bill Balance Trend
1095,0,0.4220979414610162,58,High,Maximum Payment Delay,Average Payment Delay,Number of Delayed Months
2160,0,0.3348437224070442,67,High,PAY_AMT3,Average Payment Amount,BILL_AMT1
3342,0,0.1010046778806922,90,Medium,BILL_AMT1,PAY_AMT2,Payment Trend
4050,0,0.2088590072164454,79,Medium,PAY_AMT3,BILL_AMT1,BILL_AMT5
18042,0,0.3551623119361617,64,High,Maximum Payment Delay,Number of Delayed Months,BILL_AMT3
9325,0,0.04448869088691,96,Low,Payment Status Month 6,BILL_AMT4,BILL_AMT3
20044,0,0.0634672525984351,94,Low,Payment Trend,PAY_AMT6,Average Bill Amount
2031,0,0.0568483242125089,94,Low,Credit Utilization,Average Bill Amount,BILL_AMT2
8773,1,0.6719790073470775,33,High,Maximum Payment Delay,Recent Payment Status,Average Payment Delay
1707,0,0.6831161443395071,32,High,Recent Payment Status,Maximum Payment Delay,Average Payment Delay
3125,0,0.0805439674615052,92,Low,Payment Trend,BILL_AMT1,PAY_AMT2
9116,0,0.1878072675603218,81,Medium,Maximum Payment Delay,Average Payment Delay,Number of Delayed Months
18176,0,0.1606113915268052,84,Medium,Credit Limit,PAY_AMT3,BILL_AMT1
13434,0,0.1504139720226223,85,Medium,Credit Limit,Credit Utilization,PAY_AMT1
6990,0,0.565768754940041,43,High,Average Payment Delay,Maximum Payment Delay,Number of Delayed Months
2656,1,0.4399983013454969,56,High,Recent Payment Status,Maximum Payment Delay,Average Payment Delay
21408,0,0.1708991753910229,83,Medium,Credit Limit,BILL_AMT1,BILL_AMT3
9906,0,0.5158602011022643,48,High,Average Payment Amount,PAY_AMT3,BILL_AMT1
15198,0,0.1261752478934736,87,Medium,Credit Utilization,Bill Balance Trend,Payment Trend
11246,1,0.7213803575967578,28,High,Recent Payment Status,Maximum Payment Delay,Bill Balance Trend
999,1,0.2896801267319125,71,High,PAY_AMT3,BILL_AMT1,Average Bill Amount
6371,0,0.6991224144784997,30,High,Recent Payment Status,Maximum Payment Delay,Average Payment Delay
28851,0,0.0418711568646804,96,Low,Payment Trend,PAY_AMT2,PAY_AMT1
5085,1,0.6737829519343362,33,High,Recent Payment Status,Maximum Payment Delay,Average Payment Delay
20420,0,0.1407191647565709,86,Medium,Credit Utilization,Credit Limit,BILL_AMT3
3284,0,0.0710224771133493,93,Low,Payment-to-Bill Ratio,Bill Balance Trend,BILL_AMT3
613,0,0.1473914230678106,85,Medium,Credit Utilization,Credit Limit,PAY_AMT1
26580,0,0.6925460416920849,31,High,Recent Payment Status,Maximum Payment Delay,Average Payment Delay
7473,0,0.1592145596761345,84,Medium,Maximum Payment Delay,Payment Trend,Number of Delayed Months
2967,0,0.1268109324223939,87,Medium,Credit Limit,Credit Utilization,PAY_AMT1
23760,1,0.3968022582646524,60,High,Maximum Payment Delay,PAY_AMT3,Number of Delayed Months
11999,0,0.1226079886405254,88,Medium,BILL_AMT1,BILL_AMT5,Average Bill Amount
13043,0,0.0601764150676447,94,Low,PAY_AMT6,BILL_AMT5,PAY_AMT3
6109,1,0.5814335114824999,42,High,Average Payment Delay,Maximum Payment Delay,Number of Delayed Months
27134,0,0.111118618758376,89,Medium,BILL_AMT1,Bill Balance Trend,PAY_AMT1
22058,0,0.0523856367655648,95,Low,PAY_AMT1,Bill Balance Trend,Education: Other
13648,1,0.339181100136098,66,High,Maximum Payment Delay,PAY_AMT3,Number of Delayed Months
18256,0,0.0703372973230769,93,Low,Credit Utilization,Payment Trend,BILL_AMT4
20394,0,0.0450480925759537,95,Low,Credit Utilization,Average Bill Amount,BILL_AMT3
24914,1,0.4977755412304512,50,High,Average Payment Delay,Maximum Payment Delay,Number of Delayed Months
782,0,0.3233276214819816,68,High,Maximum Payment Delay,Number of Delayed Months,BILL_AMT1
13083,1,0.154473772855051,85,Medium,PAY_AMT3,BILL_AMT1,PAY_AMT1
20576,0,0.0413468417978501,96,Low,PAY_AMT4,BILL_AMT3,Bill Balance Trend
12493,0,0.3182801958486251,68,High,Credit Limit,BILL_AMT1,Average Payment Amount
12622,0,0.0709505983082863,93,Low,Credit Utilization,BILL_AMT3,Payment Trend
5413,0,0.2202682607599405,78,Medium,Maximum Payment Delay,Number of Delayed Months,Credit Limit
10743,0,0.122580067894166,88,Medium,BILL_AMT1,Average Bill Amount,Bill Balance Trend
18904,0,0.0480238992706209,95,Low,Average Bill Amount,BILL_AMT5,Payment Trend
17452,1,0.1373632527822741,86,Medium,Credit Utilization,Credit Limit,Bill Balance Trend
8812,1,0.5713523362477096,43,High,Credit Limit,Maximum Payment Delay,BILL_AMT5
15017,0,0.4961709780177499,50,High,Maximum Payment Delay,Average Payment Delay,Number of Delayed Months
11728,1,0.0970458437393807,90,Low,Credit Utilization,BILL_AMT3,BILL_AMT6
24619,0,0.1523294624645257,85,Medium,Credit Limit,Average Bill Amount,PAY_AMT1
1828,0,0.1113184859435906,89,Medium,Credit Limit,Credit Utilization,PAY_AMT6
25817,0,0.1969518614489399,80,Medium,PAY_AMT3,BILL_AMT1,BILL_AMT5
22263,1,0.0408814456606465,96,Low,Credit Utilization,Average Bill Amount,BILL_AMT3
23011,1,0.1880354118957116,81,Medium,Credit Utilization,Payment-to-Bill Ratio,Average Bill Amount
5455,0,0.4401255681592138,56,High,Maximum Payment Delay,Average Payment Delay,Number of Delayed Months
9402,0,0.1024475967290003,90,Medium,Credit Utilization,Payment-to-Bill Ratio,Bill Balance Trend
14552,0,0.6971656082045339,30,High,Recent Payment Status,Maximum Payment Delay,Average Payment Delay
13669,0,0.091886428612364,91,Low,Credit Utilization,BILL_AMT3,Average Bill Amount
19930,0,0.0976210131637404,90,Low,BILL_AMT5,PAY_AMT2,PAY_AMT6
29432,0,0.382792440230086,62,High,Maximum Payment Delay,Number of Delayed Months,BILL_AMT1
13794,0,0.059261722404624,94,Low,BILL_AMT3,Payment Status Month 4,Education: Other
15111,0,0.537985086802447,46,High,Maximum Payment Delay,Average Payment Delay,Number of Delayed Months
23751,0,0.0855076930251155,91,Low,Credit Utilization,BILL_AMT3,BILL_AMT4
19212,0,0.2522586469928066,75,High,BILL_AMT1,Number of Delayed Months,Average Payment Amount
16491,1,0.3427298279084962,66,High,Maximum Payment Delay,Average Payment Delay,Number of Delayed Months
11454,0,0.2347450882320143,77,Medium,PAY_AMT3,BILL_AMT1,BILL_AMT5
8165,0,0.1435687292393318,86,Medium,Credit Utilization,Payment-to-Bill Ratio,BILL_AMT3
8837,0,0.0410495734977019,96,Low,Payment Trend,BILL_AMT3,BILL_AMT5
18093,1,0.6904050645178215,31,High,Recent Payment Status,Maximum Payment Delay,PAY_AMT4
3622,0,0.062826344491115,94,Low,Payment-to-Bill Ratio,BILL_AMT4,PAY_AMT1
3967,0,0.4083375071421822,59,High,Maximum Payment Delay,Average Payment Delay,Number of Delayed Months
29326,0,0.1425383940454679,86,Medium,Credit Utilization,Credit Limit,BILL_AMT5
26187,0,0.0543321658797953,95,Low,Payment-to-Bill Ratio,BILL_AMT3,PAY_AMT1
19709,0,0.0642081763369945,94,Low,Credit Utilization,BILL_AMT3,Average Bill Amount
26477,0,0.0567655680860611,94,Low,PAY_AMT4,PAY_AMT3,Payment Trend
2083,0,0.4143912114376054,59,High,PAY_AMT3,Average Payment Amount,Number of Delayed Months
5414,0,0.074749641964127,93,Low,PAY_AMT2,BILL_AMT5,PAY_AMT1
29042,1,0.0721570326909055,93,Low,Credit Utilization,Average Bill Amount,PAY_AMT4
10272,0,0.1441243323212069,86,Medium,Credit Utilization,Credit Limit,PAY_AMT1
23073,0,0.0897594017641604,91,Low,BILL_AMT1,PAY_AMT3,PAY_AMT2
10325,0,0.0674045349561912,93,Low,Bill Balance Trend,Payment Trend,PAY_AMT3
10687,0,0.373010827143742,63,High,Maximum Payment Delay,Payment Trend,Number of Delayed Months
4275,0,0.0532560878563799,95,Low,PAY_AMT1,Payment Trend,Education: Other
5363,0,0.0777661724861209,92,Low,Credit Limit,Credit Utilization,BILL_AMT3
25054,1,0.7265433741219008,27,High,Recent Payment Status,Maximum Payment Delay,Average Payment Delay
23495,0,0.1177068334898723,88,Medium,BILL_AMT5,Average Payment Amount,PAY_AMT3
6746,0,0.0588275433092847,94,Low,Bill Balance Trend,Payment Status Month 4,Education: University
10177,0,0.3581381766641847,64,High,Maximum Payment Delay,Average Payment Delay,Number of Delayed Months
9242,1,0.0968033807213651,90,Low,PAY_AMT3,PAY_AMT6,PAY_AMT2
789,0,0.0955025918218403,90,Low,PAY_AMT2,Average Payment Amount,PAY_AMT1
23328,0,0.058799713502473,94,Low,PAY_AMT1,PAY_AMT2,BILL_AMT3
4645,0,0.0619346751644417,94,Low,BILL_AMT1,Payment Trend,Average Bill Amount
7905,0,0.0885943950315167,91,Low,Credit Utilization,Bill Balance Trend,BILL_AMT3
4085,0,0.443156411668878,56,High,Maximum Payment Delay,Average Payment Delay,Number of Delayed Months
2375,1,0.6937527025402717,31,High,Recent Payment Status,Maximum Payment Delay,Average Payment Delay
11910,0,0.1089639472226529,89,Medium,BILL_AMT1,Bill Balance Trend,Average Bill Amount
2420,0,0.0529488793385279,95,Low,BILL_AMT4,BILL_AMT3,Bill Balance Trend
22506,1,0.1293739180289984,87,Medium,PAY_AMT3,BILL_AMT5,BILL_AMT1
28082,1,0.669223719141708,33,High,Maximum Payment Delay,Recent Payment Status,Average Payment Delay
10343,0,0.0832134472630864,92,Low,BILL_AMT5,PAY_AMT3,PAY_AMT6
20164,1,0.5712130451105635,43,High,Maximum Payment Delay,Recent Payment Status,Average Payment Delay
28096,0,0.2978080129104,70,High,BILL_AMT1,Bill Balance Trend,PAY_AMT3
20436,0,0.2164980130532714,78,Medium,Credit Limit,BILL_AMT1,PAY_AMT2
20279,1,0.1227193313157525,88,Medium,BILL_AMT5,BILL_AMT1,PAY_AMT6
16477,0,0.124543029558563,88,Medium,Credit Limit,Bill Balance Trend,Average Payment Amount
15604,0,0.1161080963381192,88,Medium,Credit Limit,PAY_AMT3,PAY_AMT6
13412,0,0.0680223046649044,93,Low,PAY_AMT3,Payment-to-Bill Ratio,PAY_AMT2
1493,0,0.625381586597524,37,High,Recent Payment Status,Maximum Payment Delay,Number of Delayed Months
877,0,0.0503323384996611,95,Low,Bill Balance Trend,BILL_AMT4,Payment Status Month 4
898,1,0.6830063464311745,32,High,Recent Payment Status,Maximum Payment Delay,Average Payment Delay
18854,0,0.1942280410478802,81,Medium,Maximum Payment Delay,Credit Utilization,Number of Delayed Months
11785,0,0.576698273602989,42,High,Average Payment Delay,Maximum Payment Delay,Number of Delayed Months
13363,0,0.2041492430983313,80,Medium,PAY_AMT4,Credit Limit,Credit Utilization
15266,0,0.0537282725904425,95,Low,Credit Utilization,Payment Trend,Average Bill Amount
17519,0,0.1060245865699895,89,Medium,Credit Utilization,Payment Trend,Average Bill Amount
27816,0,0.0497392726030999,95,Low,Bill Balance Trend,Education: Other,Payment Status Month 4
25100,0,0.08776261839253,91,Low,PAY_AMT3,BILL_AMT5,Average Payment Amount
24660,0,0.086965924784502,91,Low,Credit Utilization,Payment-to-Bill Ratio,Average Bill Amount
10751,1,0.2305910214459317,77,Medium,Credit Limit,BILL_AMT5,PAY_AMT2
3068,1,0.1527316469784173,85,Medium,PAY_AMT3,PAY_AMT2,BILL_AMT5
10993,0,0.1707301109309551,83,Medium,BILL_AMT1,PAY_AMT3,Bill Balance Trend
16581,0,0.0702897260034333,93,Low,BILL_AMT1,PAY_AMT6,PAY_AMT2
6315,0,0.0766039747548166,92,Low,Credit Utilization,BILL_AMT3,Bill Balance Trend
23338,0,0.0921993558255601,91,Low,PAY_AMT6,BILL_AMT1,PAY_AMT2
5092,0,0.2489015155854944,75,Medium,BILL_AMT1,Payment Trend,PAY_AMT3
11234,0,0.6455858060884929,35,High,Recent Payment Status,Maximum Payment Delay,Number of Delayed Months
11758,0,0.4143912114376054,59,High,PAY_AMT3,Average Payment Amount,Number of Delayed Months
9208,0,0.1412143268056498,86,Medium,PAY_AMT3,BILL_AMT5,Total Bill Amount
24008,0,0.0605931559232927,94,Low,Payment Trend,PAY_AMT1,PAY_AMT5
1522,0,0.6686775899764577,33,High,Recent Payment Status,Maximum Payment Delay,Number of Delayed Months
16583,1,0.1419295015955294,86,Medium,PAY_AMT3,BILL_AMT5,Average Payment Amount
251,0,0.4474054809254526,55,High,Maximum Payment Delay,Average Payment Delay,Number of Delayed Months
12313,0,0.1584950921431285,84,Medium,BILL_AMT1,Payment Trend,Bill Balance Trend
9545,0,0.22597050202437,77,Medium,BILL_AMT1,PAY_AMT6,BILL_AMT5
24842,0,0.0846300607320841,92,Low,Maximum Payment Delay,Number of Delayed Months,PAY_AMT6
11365,0,0.121284634902492,88,Medium,BILL_AMT5,BILL_AMT3,BILL_AMT4
25218,0,0.1692925304544831,83,Medium,Credit Utilization,Credit Limit,BILL_AMT3
20377,0,0.1135251376091766,89,Medium,PAY_AMT4,PAY_AMT3,Payment Trend
5894,0,0.1319445395339535,87,Medium,Credit Utilization,Payment-to-Bill Ratio,BILL_AMT3
16381,1,0.4067336267732646,59,High,Maximum Payment Delay,Average Payment Delay,Number of Delayed Months
25480,0,0.2439685848002127,76,Medium,Maximum Payment Delay,Credit Utilization,Payment Trend
11829,0,0.2365630535390359,76,Medium,Maximum Payment Delay,Average Payment Delay,Number of Delayed Months
1026,0,0.2514634598449516,75,High,Maximum Payment Delay,PAY_AMT4,Credit Utilization
26260,0,0.5198797518675571,48,High,Credit Limit,BILL_AMT5,PAY_AMT3
2574,0,0.2226732707034201,78,Medium,PAY_AMT3,BILL_AMT1,Average Bill Amount
11937,0,0.1733517182018961,83,Medium,Payment Trend,Credit Limit,PAY_AMT6
16084,0,0.5111005577887224,49,High,Maximum Payment Delay,Average Payment Delay,Number of Delayed Months
10671,1,0.0495724947911707,95,Low,PAY_AMT4,BILL_AMT3,BILL_AMT4
7442,0,0.0610918122695317,94,Low,BILL_AMT5,BILL_AMT4,Average Bill Amount
6748,0,0.1500230836714721,85,Medium,BILL_AMT1,PAY_AMT2,PAY_AMT6
19372,0,0.1045179273018242,90,Medium,Credit Utilization,Payment Trend,Bill Balance Trend
2016,1,0.1431725707962952,86,Medium,PAY_AMT3,BILL_AMT1,PAY_AMT2
19281,0,0.3467952202698578,65,High,PAY_AMT3,Average Payment Amount,BILL_AMT1
26626,0,0.0653918245582692,93,Low,Credit Utilization,BILL_AMT3,Average Bill Amount
24356,0,0.2368298086776917,76,Medium,BILL_AMT1,Average Payment Amount,PAY_AMT6
14559,0,0.0674531793081931,93,Low,BILL_AMT5,PAY_AMT1,Credit Limit
27808,1,0.1745537182939164,83,Medium,Payment-to-Bill Ratio,Credit Utilization,BILL_AMT2
1451,0,0.2011534361285599,80,Medium,Credit Limit,Bill Balance Trend,PAY_AMT2
28229,0,0.4194172111675749,58,High,PAY_AMT3,Average Payment Amount,Number of Delayed Months
3397,0,0.0596078653911195,94,Low,Bill Balance Trend,Credit Utilization,Number of Delayed Months
25277,0,0.1084665014348705,89,Medium,Credit Limit,Bill Balance Trend,PAY_AMT1
626,0,0.4093784525018207,59,High,Maximum Payment Delay,Credit Limit,Credit Utilization
8026,0,0.3347249583584754,67,High,Maximum Payment Delay,Credit Limit,Number of Delayed Months
25237,0,0.116749987432374,88,Medium,BILL_AMT1,Average Bill Amount,BILL_AMT3
28755,0,0.1289069855068113,87,Medium,BILL_AMT1,Payment Trend,Bill Balance Trend
1744,0,0.1619282023598845,84,Medium,Maximum Payment Delay,Number of Delayed Months,PAY_AMT6
12286,0,0.1435843638509039,86,Medium,Credit Utilization,Payment-to-Bill Ratio,BILL_AMT3
23814,0,0.120016151462338,88,Medium,Credit Utilization,Credit Limit,Payment-to-Bill Ratio
29569,0,0.2372998117367477,76,Medium,PAY_AMT3,BILL_AMT1,Number of Delayed Months
4287,0,0.1316647180036083,87,Medium,Credit Utilization,Credit Limit,PAY_AMT1
22286,1,0.572828823555104,43,High,Average Payment Delay,Maximum Payment Delay,Number of Delayed Months
15143,0,0.161720203240668,84,Medium,Credit Utilization,Credit Limit,PAY_AMT6
21972,0,0.4300642320451149,57,High,Average Payment Delay,Maximum Payment Delay,Number of Delayed Months
3170,0,0.1794982064511703,82,Medium,BILL_AMT5,Credit Limit,Average Payment Amount
27315,1,0.1612235367355957,84,Medium,Credit Limit,Credit Utilization,PAY_AMT6
541,0,0.189812755009837,81,Medium,PAY_AMT3,BILL_AMT1,PAY_AMT2
7391,0,0.1766443822244661,82,Medium,Credit Utilization,Payment-to-Bill Ratio,BILL_AMT6
4612,0,0.2515616625070229,75,High,Maximum Payment Delay,Average Payment Delay,Number of Delayed Months
11771,0,0.0883340967444267,91,Low,PAY_AMT1,BILL_AMT1,Average Bill Amount
11891,0,0.1955359476332593,80,Medium,Average Payment Amount,PAY_AMT3,BILL_AMT1
3432,0,0.1237467332063039,88,Medium,BILL_AMT1,Bill Balance Trend,BILL_AMT3
8332,0,0.1132844298595652,89,Medium,Credit Utilization,Bill Balance Trend,BILL_AMT1
21499,0,0.1696946529540998,83,Medium,PAY_AMT3,PAY_AMT2,BILL_AMT5
20000,0,0.2590176870475503,74,High,Maximum Payment Delay,Number of Delayed Months,BILL_AMT1
25153,0,0.0913904433641245,91,Low,Credit Limit,PAY_AMT6,Education: Graduate School
6070,0,0.0720906601588125,93,Low,Total Payment Amount,Average Payment Amount,Payment Trend
12506,0,0.0596663702808038,94,Low,Bill Balance Trend,BILL_AMT6,Education: University
16941,1,0.1168920090367308,88,Medium,Maximum Payment Delay,Credit Utilization,Number of Delayed Months
19210,0,0.3333158730028187,67,High,PAY_AMT3,Average Payment Amount,BILL_AMT1
13955,0,0.1892257018569164,81,Medium,Maximum Payment Delay,Number of Delayed Months,Credit Limit
10440,1,0.443836295655891,56,High,PAY_AMT3,Average Payment Amount,BILL_AMT1
5616,0,0.0413395883006765,96,Low,BILL_AMT6,BILL_AMT3,Total Bill Amount
28451,0,0.1003932381603954,90,Medium,BILL_AMT5,PAY_AMT5,BILL_AMT2
3161,0,0.1310558982392066,87,Medium,Credit Utilization,Payment-to-Bill Ratio,Average Bill Amount
23304,0,0.1726120200041912,83,Medium,Credit Utilization,Credit Limit,PAY_AMT2
13780,0,0.0624096433577874,94,Low,Payment Trend,PAY_AMT1,Credit Limit
9166,0,0.1271999735504709,87,Medium,Payment-to-Bill Ratio,Credit Utilization,BILL_AMT3
20517,0,0.0372872669205198,96,Low,BILL_AMT3,BILL_AMT6,Payment Status Month 4
25248,0,0.3322638380575013,67,High,Maximum Payment Delay,Number of Delayed Months,Credit Limit
7597,0,0.0474155719676625,95,Low,PAY_AMT1,BILL_AMT3,Education: University
26212,0,0.3250260454212231,67,High,Maximum Payment Delay,Number of Delayed Months,Payment Trend
15128,0,0.1036225531687006,90,Medium,Credit Utilization,Payment-to-Bill Ratio,BILL_AMT3
26206,0,0.2205628715301532,78,Medium,BILL_AMT1,BILL_AMT5,Average Payment Amount
5590,0,0.1615113525233804,84,Medium,Credit Limit,Credit Utilization,PAY_AMT2
9347,1,0.3641872643877544,64,High,Credit Limit,Credit Utilization,Average Payment Amount
24693,0,0.3392079714282265,66,High,Maximum Payment Delay,Number of Delayed Months,Average Payment Delay
26094,0,0.0470980375148829,95,Low,BILL_AMT5,BILL_AMT3,Bill Balance Trend
5466,0,0.3308910463340423,67,High,BILL_AMT5,PAY_AMT3,Number of Delayed Months
21381,1,0.6584431917781483,34,High,Recent Payment Status,Maximum Payment Delay,Average Payment Delay
18018,0,0.1488408172977258,85,Medium,Credit Utilization,Credit Limit,PAY_AMT1
460,1,0.1065564247081869,89,Medium,PAY_AMT2,Credit Limit,Payment Trend
23697,1,0.4193610234772769,58,High,PAY_AMT3,Average Payment Amount,Number of Delayed Months
15587,0,0.1065746999975679,89,Medium,Credit Utilization,PAY_AMT4,Payment Trend
23007,0,0.1039473406158039,90,Medium,Bill Balance Trend,Credit Utilization,Payment-to-Bill Ratio
19319,0,0.0404919443416409,96,Low,Payment Trend,BILL_AMT6,PAY_AMT4
3203,0,0.1008729369393141,90,Medium,Credit Utilization,Credit Limit,Payment-to-Bill Ratio
932,1,0.0720341409437201,93,Low,Payment Trend,BILL_AMT3,Payment Status Month 6
988,0,0.4058512966514254,59,High,PAY_AMT3,Average Payment Amount,BILL_AMT1
19512,0,0.1943256003735168,81,Medium,Credit Utilization,Payment Trend,Payment-to-Bill Ratio
19254,0,0.0680222137612317,93,Low,Credit Limit,PAY_AMT1,Education: Other
12990,0,0.1105389928030146,89,Medium,PAY_AMT3,BILL_AMT3,Average Payment Amount
25497,0,0.0516936313154769,95,Low,PAY_AMT1,Payment-to-Bill Ratio,BILL_AMT3
19838,0,0.1360424503793988,86,Medium,PAY_AMT3,Bill Balance Trend,BILL_AMT5
11167,0,0.4896127468195019,51,High,Maximum Payment Delay,Average Payment Delay,Number of Delayed Months
17086,1,0.5611982214880396,44,High,Maximum Payment Delay,Average Payment Delay,Credit Limit
20535,0,0.1479793249912638,85,Medium,Credit Utilization,BILL_AMT3,Payment-to-Bill Ratio
29442,0,0.0802817247190769,92,Low,Credit Utilization,Bill Balance Trend,BILL_AMT6
3242,1,0.7005301047985358,30,High,Recent Payment Status,Maximum Payment Delay,Average Payment Delay
12542,1,0.5872357994654386,41,High,Recent Payment Status,Maximum Payment Delay,Average Payment Delay
5790,0,0.1738678124319391,83,Medium,BILL_AMT1,BILL_AMT5,Average Payment Amount
25388,1,0.6958102101324575,30,High,Recent Payment Status,Maximum Payment Delay,Average Payment Delay
2538,1,0.2868014092872714,71,High,PAY_AMT3,Average Payment Amount,BILL_AMT1
16345,0,0.3046059521169194,70,High,Maximum Payment Delay,Credit Limit,Number of Delayed Months
27349,0,0.0724575187302886,93,Low,BILL_AMT1,BILL_AMT5,PAY_AMT4
11544,1,0.1148092779634667,89,Medium,Credit Utilization,Payment-to-Bill Ratio,Average Bill Amount
27121,0,0.0591424334777855,94,Low,PAY_AMT2,Payment Trend,PAY_AMT1
14692,1,0.7084982143265379,29,High,Recent Payment Status,Maximum Payment Delay,Average Payment Delay
19305,0,0.1916015077820595,81,Medium,Maximum Payment Delay,Number of Delayed Months,PAY_AMT3
22502,0,0.0600987249616712,94,Low,Bill Balance Trend,PAY_AMT1,Education: Other
22214,0,0.2402029959225518,76,Medium,Credit Utilization,Credit Limit,BILL_AMT4
10187,1,0.6373017147204392,36,High,Recent Payment Status,Maximum Payment Delay,Average Payment Delay
29945,1,0.6798458936468149,32,High,Recent Payment Status,Maximum Payment Delay,Average Payment Delay
7312,0,0.0917132767290745,91,Low,Payment Trend,PAY_AMT2,PAY_AMT3
22802,0,0.1075087119396723,89,Medium,PAY_AMT2,PAY_AMT6,Average Payment Amount
27317,0,0.0902925160917079,91,Low,Credit Limit,Credit Utilization,PAY_AMT2
4820,0,0.127836753580348,87,Medium,Credit Utilization,Credit Limit,PAY_AMT1
26856,0,0.1305087640495165,87,Medium,Maximum Payment Delay,Number of Delayed Months,PAY_AMT2
23910,0,0.5409803903452365,46,High,Maximum Payment Delay,Average Payment Delay,Number of Delayed Months
17601,0,0.2950077895240621,70,High,Maximum Payment Delay,Bill Balance Trend,Number of Delayed Months
15675,0,0.2749797428683946,73,High,Maximum Payment Delay,Average Payment Delay,Number of Delayed Months
1376,0,0.2219736708691541,78,Medium,Maximum Payment Delay,Bill Balance Trend,Number of Delayed Months
6032,0,0.2112676888614735,79,Medium,Average Payment Delay,Maximum Payment Delay,Number of Delayed Months
13650,0,0.0976231567466456,90,Low,Bill Balance Trend,BILL_AMT2,PAY_AMT1
10136,1,0.4515496634715178,55,High,Maximum Payment Delay,BILL_AMT1,Number of Delayed Months
6474,0,0.0772996169628893,92,Low,PAY_AMT1,Payment-to-Bill Ratio,BILL_AMT3
4709,0,0.217202729455684,78,Medium,Credit Limit,Credit Utilization,PAY_AMT2
10902,0,0.0857960820786252,91,Low,Payment Trend,Average Bill Amount,PAY_AMT1
23052,0,0.1659171187302232,83,Medium,Maximum Payment Delay,Number of Delayed Months,Average Payment Delay
24177,0,0.2284964526261464,77,Medium,Maximum Payment Delay,Number of Delayed Months,Average Payment Delay
15751,0,0.2601757158252935,74,High,Maximum Payment Delay,Number of Delayed Months,Credit Utilization
19693,0,0.3958159792723562,60,High,Maximum Payment Delay,Bill Balance Trend,Number of Delayed Months
27949,0,0.0504334688095242,95,Low,PAY_AMT1,BILL_AMT4,Education: Other
21264,0,0.1184870816841954,88,Medium,Credit Limit,PAY_AMT2,Average Payment Amount
25241,0,0.0922963262150908,91,Low,Payment Trend,PAY_AMT1,BILL_AMT4
16524,0,0.2418700711015195,76,Medium,Credit Limit,Credit Utilization,PAY_AMT2
7144,1,0.3510612249406993,65,High,Maximum Payment Delay,Bill Balance Trend,Number of Delayed Months
7115,0,0.0492465656469654,95,Low,Bill Balance Trend,PAY_AMT1,BILL_AMT4
17902,0,0.1338815506068269,87,Medium,Credit Limit,PAY_AMT2,PAY_AMT6
28678,0,0.0435430985387961,96,Low,Bill Balance Trend,BILL_AMT3,BILL_AMT4
17320,1,0.5712570778135401,43,High,Average Payment Delay,Maximum Payment Delay,Number of Delayed Months
11499,0,0.170925608849613,83,Medium,BILL_AMT1,Average Payment Amount,PAY_AMT2
5714,0,0.6723628788276915,33,High,Recent Payment Status,Maximum Payment Delay,Average Payment Delay
9597,0,0.4661367602593243,53,High,Maximum Payment Delay,Average Payment Delay,Number of Delayed Months
66,1,0.3524818124715137,65,High,Maximum Payment Delay,Average Payment Delay,Number of Delayed Months
18455,1,0.6147956306074479,39,High,Recent Payment Status,Maximum Payment Delay,Average Payment Delay
15981,0,0.4537774757514457,55,High,Average Payment Delay,Maximum Payment Delay,Number of Delayed Months
1276,1,0.3132816033505483,69,High,Credit Limit,BILL_AMT1,Average Bill Amount
23093,1,0.2222757098924425,78,Medium,Credit Limit,PAY_AMT3,BILL_AMT1
18896,0,0.2610690063775606,74,High,BILL_AMT5,Credit Limit,PAY_AMT3
28317,0,0.058630205614272,94,Low,Credit Limit,Payment Trend,Bill Balance Trend
25283,0,0.1021306837672067,90,Medium,Credit Utilization,BILL_AMT3,Credit Limit
23120,0,0.1172963900712056,88,Medium,PAY_AMT3,Average Payment Amount,PAY_AMT4
10713,1,0.1846222215103228,82,Medium,PAY_AMT3,Number of Delayed Months,Average Payment Amount
5501,0,0.0672123720608536,93,Low,Credit Utilization,Bill Balance Trend,BILL_AMT3
18580,0,0.5491694125751699,45,High,Maximum Payment Delay,Average Payment Delay,Number of Delayed Months
1962,0,0.0461518901046019,95,Low,Payment Trend,Bill Balance Trend,BILL_AMT6
22917,0,0.160261445439551,84,Medium,PAY_AMT3,BILL_AMT5,PAY_AMT2
12991,1,0.4959525420533361,50,High,Average Payment Delay,Maximum Payment Delay,Number of Delayed Months
16170,1,0.3176990762307181,68,High,Bill Balance Trend,Average Payment Amount,BILL_AMT1
17938,0,0.0630489541423225,94,Low,Credit Utilization,Payment Trend,BILL_AMT4
11077,0,0.0584438770846866,94,Low,PAY_AMT4,Payment Trend,PAY_AMT1
28747,0,0.2638154236603891,74,High,BILL_AMT1,Average Payment Amount,PAY_AMT2
23397,0,0.0958428032497044,90,Low,Payment Trend,PAY_AMT1,BILL_AMT1
18786,0,0.0855539975004487,91,Low,Bill Balance Trend,Average Payment Amount,PAY_AMT1
9155,0,0.0463799498328495,95,Low,Bill Balance Trend,BILL_AMT3,Payment Trend
1140,0,0.055529532174906,94,Low,BILL_AMT3,BILL_AMT4,Credit Utilization
13633,0,0.0595754245712899,94,Low,Payment-to-Bill Ratio,BILL_AMT3,BILL_AMT4
24687,0,0.0433350424421236,96,Low,Credit Limit,Average Payment Amount,Average Bill Amount
20013,0,0.0463894519753386,95,Low,BILL_AMT1,Bill Balance Trend,BILL_AMT3
3778,0,0.3981107989324993,60,High,Maximum Payment Delay,Credit Limit,Bill Balance Trend
8981,0,0.1314934672573175,87,Medium,BILL_AMT1,PAY_AMT3,Payment Trend
4770,1,0.6787031991942086,32,High,Recent Payment Status,Maximum Payment Delay,Average Payment Delay
3290,0,0.3509543278690542,65,High,Maximum Payment Delay,PAY_AMT3,BILL_AMT1
4592,0,0.25461929714597,75,High,BILL_AMT1,PAY_AMT3,BILL_AMT5
22413,0,0.1411213422444302,86,Medium,Credit Limit,Credit Utilization,PAY_AMT1
1836,1,0.6147398411055353,39,High,Average Payment Delay,Maximum Payment Delay,Number of Delayed Months
28078,0,0.2130526897472643,79,Medium,BILL_AMT1,PAY_AMT2,Total Bill Amount
1491,0,0.0455983974610503,95,Low,Bill Balance Trend,Payment Status Month 4,BILL_AMT6
10957,0,0.2017422650987607,80,Medium,BILL_AMT1,Payment Trend,BILL_AMT5
24689,0,0.0833326717692872,92,Low,Payment Trend,Bill Balance Trend,BILL_AMT1
19607,0,0.0564149495604463,94,Low,Payment-to-Bill Ratio,BILL_AMT4,BILL_AMT3
27054,1,0.6993748129674954,30,High,Recent Payment Status,Maximum Payment Delay,Average Payment Delay
18531,0,0.1045392099417601,90,Medium,BILL_AMT1,BILL_AMT5,Average Bill Amount
5069,1,0.3193676307546492,68,High,Maximum Payment Delay,Number of Delayed Months,PAY_AMT3
16885,1,0.1704147393143141,83,Medium,Credit Limit,Credit Utilization,PAY_AMT2
9936,0,0.1577140405079723,84,Medium,Credit Limit,PAY_AMT6,PAY_AMT3
1708,0,0.0480773006231792,95,Low,Bill Balance Trend,BILL_AMT3,Payment Status Month 4
23763,0,0.1027677498438225,90,Medium,BILL_AMT1,Number of Delayed Months,PAY_AMT4
28042,0,0.0755623673216716,92,Low,BILL_AMT1,Credit Utilization,Bill Balance Trend
8118,1,0.654017805157683,35,High,Recent Payment Status,Maximum Payment Delay,Number of Delayed Months
13279,0,0.0440942575087186,96,Low,PAY_AMT3,Payment Trend,Average Payment Amount
13733,0,0.0793781764116623,92,Low,PAY_AMT3,Average Payment Amount,PAY_AMT2
11876,0,0.0632060006500605,94,Low,Bill Balance Trend,PAY_AMT1,Education: Other
4591,1,0.2726239969194126,73,High,PAY_AMT3,BILL_AMT1,Number of Delayed Months
13754,1,0.0659981279406597,93,Low,PAY_AMT3,Payment-to-Bill Ratio,Number of Delayed Months
5973,1,0.0882597741421171,91,Low,Credit Utilization,BILL_AMT3,BILL_AMT4
13250,0,0.1158925436988493,88,Medium,BILL_AMT1,Payment Trend,Number of Delayed Months
3251,0,0.0840522945529203,92,Low,Credit Utilization,Payment Trend,BILL_AMT3
7333,0,0.069549711853143,93,Low,Bill Balance Trend,PAY_AMT1,BILL_AMT4
7627,0,0.052622220253831,95,Low,Bill Balance Trend,BILL_AMT3,Total Payment Amount
6285,0,0.0452055079005657,95,Low,BILL_AMT4,Payment Trend,BILL_AMT6
14738,0,0.0419543692861656,96,Low,Payment Trend,Education: University,Total Bill Amount
9682,0,0.037714100094121,96,Low,Payment Trend,BILL_AMT4,BILL_AMT6
684,0,0.0454751239469178,95,Low,BILL_AMT4,Education: University,Total Payment Amount
28658,0,0.3257649262177192,67,High,Maximum Payment Delay,Number of Delayed Months,Credit Utilization
24076,0,0.6928725633428267,31,High,Recent Payment Status,Maximum Payment Delay,Average Payment Delay
3460,1,0.0882836369169914,91,Low,Maximum Payment Delay,Number of Delayed Months,Bill Balance Trend
8609,0,0.6277961584228761,37,High,Recent Payment Status,Maximum Payment Delay,Average Payment Delay
17740,0,0.4808234257450114,52,High,Maximum Payment Delay,Number of Delayed Months,BILL_AMT1
27018,0,0.0935798266092953,91,Low,Bill Balance Trend,Credit Utilization,BILL_AMT3
9170,0,0.0751864731267498,92,Low,Credit Utilization,BILL_AMT3,PAY_AMT2
9550,0,0.3902030315545088,61,High,Maximum Payment Delay,Credit Limit,Number of Delayed Months
16257,0,0.1343015202264658,87,Medium,BILL_AMT1,PAY_AMT1,BILL_AMT5
12255,0,0.1464239045210142,85,Medium,Maximum Payment Delay,Number of Delayed Months,PAY_AMT2
26046,0,0.0858742229216133,91,Low,BILL_AMT1,PAY_AMT6,BILL_AMT5
10890,0,0.0675384013463302,93,Low,Bill Balance Trend,BILL_AMT3,Education: University
27638,0,0.1795294736111498,82,Medium,Maximum Payment Delay,Number of Delayed Months,Bill Balance Trend
19501,0,0.0730478469322067,93,Low,Payment Trend,PAY_AMT6,Bill Balance Trend
20709,0,0.0693274388223013,93,Low,BILL_AMT1,PAY_AMT2,PAY_AMT5
5104,0,0.0669819028331658,93,Low,Payment Trend,Average Bill Amount,Payment Status Month 4
18867,0,0.0998357493109615,90,Low,Credit Utilization,Payment-to-Bill Ratio,BILL_AMT3
22431,0,0.4051476016819451,59,High,Maximum Payment Delay,Average Payment Delay,Number of Delayed Months
9861,0,0.0569022004801459,94,Low,Credit Utilization,Payment Trend,BILL_AMT3
22265,0,0.0553968780407068,94,Low,Bill Balance Trend,BILL_AMT3,BILL_AMT4
27499,1,0.5918858416866006,41,High,Recent Payment Status,Maximum Payment Delay,Number of Delayed Months
12079,0,0.616165482521268,38,High,Average Payment Delay,Maximum Payment Delay,Number of Delayed Months
19078,0,0.5864586801018113,41,High,Average Payment Delay,Maximum Payment Delay,Number of Delayed Months
10554,1,0.6896936017426486,31,High,Recent Payment Status,Maximum Payment Delay,Average Payment Delay
12372,1,0.4577660641286116,54,High,Average Payment Delay,Maximum Payment Delay,Number of Delayed Months
27941,0,0.058885643822524,94,Low,Credit Utilization,BILL_AMT3,Credit Limit
9118,0,0.052035063732096,95,Low,PAY_AMT1,Education: Other,BILL_AMT4
22588,0,0.0777663069916112,92,Low,PAY_AMT4,PAY_AMT6,PAY_AMT1
25570,1,0.6865502946494179,31,High,Recent Payment Status,Maximum Payment Delay,Average Payment Delay
10941,0,0.1443473968909542,86,Medium,PAY_AMT3,BILL_AMT5,BILL_AMT1
10366,0,0.1160231848595526,88,Medium,BILL_AMT5,PAY_AMT3,Bill Balance Trend
10756,0,0.2115787728332894,79,Medium,Bill Balance Trend,Credit Limit,PAY_AMT6
12190,0,0.1103883788291839,89,Medium,BILL_AMT1,PAY_AMT3,PAY_AMT6
23334,0,0.0528546586109354,95,Low,Bill Balance Trend,BILL_AMT4,Payment Status Month 4
21220,0,0.0982369114350138,90,Low,Credit Limit,PAY_AMT1,Education: Graduate School
2418,1,0.6616509972461291,34,High,Recent Payment Status,Maximum Payment Delay,Average Payment Delay
23521,0,0.3155654714470648,68,High,PAY_AMT3,Average Payment Amount,BILL_AMT1
20300,0,0.0441878639906672,96,Low,Bill Balance Trend,BILL_AMT3,BILL_AMT4
28059,0,0.1526373245405677,85,Medium,Credit Limit,PAY_AMT2,Payment Trend
9687,0,0.1529020310655064,85,Medium,Credit Utilization,Credit Limit,BILL_AMT3
1061,1,0.3285699736106384,67,High,Maximum Payment Delay,Number of Delayed Months,Bill Balance Trend
13132,0,0.1559792334962142,84,Medium,Credit Utilization,Credit Limit,BILL_AMT3
16668,1,0.5501392887841806,45,High,Average Payment Delay,Maximum Payment Delay,Number of Delayed Months
18017,0,0.4167655892514709,58,High,Maximum Payment Delay,Credit Limit,Number of Delayed Months
22092,0,0.0612109733958693,94,Low,PAY_AMT2,PAY_AMT1,Education: Other
29174,0,0.122502482860851,88,Medium,PAY_AMT3,BILL_AMT1,PAY_AMT6
20133,0,0.0584182493647323,94,Low,Payment Trend,PAY_AMT1,BILL_AMT4
3119,0,0.1431130129712932,86,Medium,Credit Utilization,Credit Limit,BILL_AMT3
14339,0,0.0681485150409834,93,Low,PAY_AMT4,PAY_AMT3,PAY_AMT6
7315,1,0.0598931009512255,94,Low,BILL_AMT3,Average Bill Amount,Education: Other
20085,0,0.0638822966189503,94,Low,Credit Utilization,Bill Balance Trend,BILL_AMT2
24369,0,0.3862519591395569,61,High,PAY_AMT3,Average Payment Amount,BILL_AMT1
825,1,0.1257354430671457,87,Medium,Credit Limit,PAY_AMT2,Bill Balance Trend
7918,0,0.1393084995699574,86,Medium,Credit Utilization,Credit Limit,BILL_AMT3
16504,0,0.3011112292674217,70,High,Credit Limit,Bill Balance Trend,BILL_AMT1
7751,0,0.1078052512935534,89,Medium,Credit Utilization,Payment-to-Bill Ratio,PAY_AMT1
4073,0,0.06158779292782,94,Low,PAY_AMT4,Payment Trend,Average Bill Amount
25572,0,0.0546209534608884,95,Low,Bill Balance Trend,Payment Trend,BILL_AMT3
26852,0,0.3559797382061709,64,High,Average Payment Delay,Maximum Payment Delay,Number of Delayed Months
28358,0,0.158846844612689,84,Medium,Maximum Payment Delay,BILL_AMT1,Number of Delayed Months
17104,0,0.2289128036311466,77,Medium,Maximum Payment Delay,Bill Balance Trend,Credit Limit
25741,0,0.0396950469495719,96,Low,PAY_AMT6,Payment Trend,BILL_AMT3
23123,0,0.0412056618930964,96,Low,BILL_AMT3,BILL_AMT6,Education: University
10747,0,0.2418778734549866,76,Medium,Credit Limit,BILL_AMT5,PAY_AMT2
15507,0,0.1385242051183372,86,Medium,Credit Utilization,PAY_AMT4,BILL_AMT3
11883,0,0.1487557215899339,85,Medium,Credit Limit,Bill Balance Trend,PAY_AMT2
10724,0,0.052796469073858,95,Low,Bill Balance Trend,BILL_AMT3,BILL_AMT4
21004,1,0.7010492248473194,30,High,Recent Payment Status,Maximum Payment Delay,Number of Delayed Months
25947,0,0.0582003274148608,94,Low,PAY_AMT6,PAY_AMT5,BILL_AMT3
21738,0,0.1570054386845409,84,Medium,Credit Limit,BILL_AMT1,Payment Trend
19567,0,0.08557902035179,91,Low,PAY_AMT4,PAY_AMT3,PAY_AMT2
21562,0,0.644022402302457,36,High,Recent Payment Status,Maximum Payment Delay,Number of Delayed Months
14366,1,0.6259090987523089,37,High,Recent Payment Status,Maximum Payment Delay,Number of Delayed Months
8924,0,0.051759661066263,95,Low,BILL_AMT1,Payment Status Month 4,PAY_AMT4
11145,0,0.1727606853242901,83,Medium,PAY_AMT4,PAY_AMT3,BILL_AMT1
20971,0,0.0757726979191768,92,Low,Credit Utilization,Average Bill Amount,BILL_AMT3
20598,1,0.1652610592242755,83,Medium,Credit Utilization,Payment Trend,Credit Limit
20090,0,0.3301693097135558,67,High,BILL_AMT1,Credit Limit,Average Payment Amount
28991,0,0.1987708456126629,80,Medium,PAY_AMT3,Bill Balance Trend,PAY_AMT2
17550,0,0.4125049356627993,59,High,Maximum Payment Delay,Number of Delayed Months,BILL_AMT5
24414,0,0.1186194763420725,88,Medium,Payment Trend,PAY_AMT4,Average Bill Amount
17804,0,0.0638370883870581,94,Low,BILL_AMT5,Average Bill Amount,BILL_AMT1
26678,0,0.0516346170729088,95,Low,PAY_AMT3,Payment Trend,BILL_AMT6
2282,0,0.0416422026176366,96,Low,Payment-to-Bill Ratio,BILL_AMT3,Education: Other
9891,0,0.1170417872633455,88,Medium,Credit Limit,Payment Trend,PAY_AMT6
17094,0,0.1792973460637975,82,Medium,Credit Utilization,BILL_AMT3,Payment-to-Bill Ratio
11195,0,0.3303751399585014,67,High,PAY_AMT3,Average Payment Amount,BILL_AMT1
18837,1,0.6468127438236256,35,High,Recent Payment Status,Maximum Payment Delay,Number of Delayed Months
7795,0,0.1519395472028345,85,Medium,BILL_AMT1,PAY_AMT3,Number of Delayed Months
24074,0,0.1030586409529741,90,Medium,BILL_AMT3,Payment-to-Bill Ratio,BILL_AMT4
5099,0,0.0622137572623148,94,Low,Bill Balance Trend,BILL_AMT3,Education: Other
23031,1,0.6705073092231343,33,High,Recent Payment Status,Maximum Payment Delay,Average Payment Delay
13205,0,0.0584002084224675,94,Low,PAY_AMT2,Payment Trend,Bill Balance Trend
25603,0,0.0775600160331151,92,Low,Credit Utilization,BILL_AMT3,PAY_AMT5
25879,1,0.7047962342816027,30,High,Recent Payment Status,Maximum Payment Delay,Average Payment Delay
16402,0,0.2862451490824114,71,High,Maximum Payment Delay,Credit Utilization,Credit Limit
19914,0,0.1296774492928006,87,Medium,Credit Utilization,Credit Limit,PAY_AMT1
1871,0,0.089631424757171,91,Low,PAY_AMT2,BILL_AMT5,PAY_AMT6
27302,0,0.1653963986359527,83,Medium,PAY_AMT4,Credit Limit,Credit Utilization
4597,1,0.2849486127592786,72,High,BILL_AMT5,Average Payment Amount,BILL_AMT1
3811,0,0.1141533776795907,89,Medium,Credit Utilization,Payment-to-Bill Ratio,BILL_AMT3
4904,0,0.0549148011346746,95,Low,Bill Balance Trend,Average Bill Amount,Education: University
11509,0,0.0612838019097707,94,Low,Number of Delayed Months,BILL_AMT2,BILL_AMT6
4399,0,0.0470315538517388,95,Low,PAY_AMT4,Payment Trend,Bill Balance Trend
26452,0,0.1762956733883978,82,Medium,BILL_AMT1,PAY_AMT2,BILL_AMT5
11877,0,0.1949627437317893,81,Medium,PAY_AMT3,Payment Trend,BILL_AMT1
15967,0,0.1891465789684682,81,Medium,Maximum Payment Delay,Credit Utilization,Number of Delayed Months
197,0,0.1634159583473515,84,Medium,PAY_AMT2,BILL_AMT5,BILL_AMT1
4659,0,0.0680373447528367,93,Low,PAY_AMT6,PAY_AMT2,PAY_AMT1
22024,0,0.1456097368214288,85,Medium,BILL_AMT1,Payment Trend,PAY_AMT2
22820,0,0.0556231293353058,94,Low,Bill Balance Trend,Payment Trend,BILL_AMT6
7010,0,0.3154871251917184,68,High,Credit Limit,Credit Utilization,Average Payment Amount
5163,0,0.1921807083622761,81,Medium,BILL_AMT1,PAY_AMT2,BILL_AMT5
3969,0,0.1270108797266748,87,Medium,Credit Limit,Bill Balance Trend,Number of Delayed Months
27265,0,0.1998545118625732,80,Medium,Average Payment Amount,Credit Utilization,Bill Balance Trend
2940,0,0.0469820414851393,95,Low,PAY_AMT1,Education: Other,BILL_AMT4
8542,1,0.0697252029928511,93,Low,BILL_AMT4,Average Bill Amount,BILL_AMT5
5128,0,0.1237419016206737,88,Medium,BILL_AMT1,BILL_AMT5,PAY_AMT6
1340,1,0.4095719109760745,59,High,PAY_AMT3,Average Payment Amount,Number of Delayed Months
22305,0,0.1075106495148584,89,Medium,Credit Utilization,BILL_AMT3,BILL_AMT6
5017,0,0.0867845748048238,91,Low,BILL_AMT1,PAY_AMT5,BILL_AMT5
28633,0,0.0963556666963624,90,Low,Credit Utilization,BILL_AMT3,Payment-to-Bill Ratio
10269,0,0.0524806082500047,95,Low,Bill Balance Trend,BILL_AMT4,Payment-to-Bill Ratio
4680,1,0.6659296754030214,33,High,Recent Payment Status,Maximum Payment Delay,Number of Delayed Months
26486,0,0.1051051507170614,89,Medium,BILL_AMT1,Bill Balance Trend,PAY_AMT1
26455,1,0.6972939691832574,30,High,Recent Payment Status,Maximum Payment Delay,Average Payment Delay
16630,0,0.0941696465017783,91,Low,Credit Utilization,BILL_AMT3,Payment-to-Bill Ratio
18355,0,0.278642284286831,72,High,Average Payment Amount,PAY_AMT3,BILL_AMT5
18534,0,0.1557125072939398,84,Medium,PAY_AMT3,Payment-to-Bill Ratio,Average Payment Amount
25812,0,0.0546732548334017,95,Low,PAY_AMT6,Average Bill Amount,Education: Other
13797,1,0.0669049142965303,93,Low,PAY_AMT4,BILL_AMT1,Bill Balance Trend
5261,1,0.5491319082484271,45,High,Average Payment Delay,Maximum Payment Delay,Number of Delayed Months
10900,0,0.6737853228534837,33,High,Recent Payment Status,Maximum Payment Delay,Credit Limit
3409,0,0.0610454031093329,94,Low,BILL_AMT1,Payment Trend,PAY_AMT4
4531,1,0.0712345193578313,93,Low,Payment Trend,Average Bill Amount,PAY_AMT6
27844,0,0.4289083429214987,57,High,Maximum Payment Delay,Credit Limit,Number of Delayed Months
29296,0,0.6456902422137935,35,High,Recent Payment Status,Maximum Payment Delay,Average Payment Delay
2371,0,0.0783346127997874,92,Low,Credit Utilization,Average Bill Amount,BILL_AMT3
26713,0,0.6960163734582938,30,High,Recent Payment Status,Maximum Payment Delay,Average Payment Delay
19703,0,0.084100443273937,92,Low,BILL_AMT1,Payment Trend,Bill Balance Trend
1469,0,0.1815781820220971,82,Medium,PAY_AMT3,BILL_AMT1,BILL_AMT5
28835,1,0.0845098971331063,92,Low,Credit Utilization,Average Bill Amount,Total Payment Amount
20854,0,0.1454782120817561,85,Medium,PAY_AMT3,BILL_AMT5,PAY_AMT2
17559,0,0.6057314722981387,39,High,Average Payment Delay,Maximum Payment Delay,Number of Delayed Months
29563,0,0.0580760641231375,94,Low,Payment-to-Bill Ratio,BILL_AMT3,BILL_AMT4
15180,1,0.6907434013828267,31,High,Recent Payment Status,Maximum Payment Delay,Average Payment Delay
9237,0,0.1924129115505093,81,Medium,PAY_AMT3,Average Payment Amount,BILL_AMT5
11938,1,0.327930443594815,67,High,Maximum Payment Delay,PAY_AMT3,Number of Delayed Months
16457,1,0.1903828803556525,81,Medium,Credit Limit,Credit Utilization,Bill Balance Trend
4902,0,0.3617229381367581,64,High,Maximum Payment Delay,Credit Limit,Number of Delayed Months
12359,0,0.0736003824035804,93,Low,BILL_AMT1,Average Bill Amount,BILL_AMT3
28161,0,0.0401943882644035,96,Low,BILL_AMT4,BILL_AMT3,Payment Status Month 4
12998,1,0.5800294564702633,42,High,Maximum Payment Delay,Recent Payment Status,Number of Delayed Months
21433,0,0.0948552030503441,91,Low,Payment Trend,PAY_AMT6,Credit Limit
22301,0,0.0773637206979483,92,Low,PAY_AMT3,BILL_AMT1,Payment Trend
7258,1,0.140489350971737,86,Medium,Credit Limit,Credit Utilization,PAY_AMT6
1872,0,0.1805775130687747,82,Medium,Credit Utilization,Credit Limit,Bill Balance Trend
15349,0,0.1002707643767082,90,Medium,Credit Limit,PAY_AMT2,PAY_AMT6
23105,0,0.0764133816758913,92,Low,Credit Utilization,BILL_AMT3,BILL_AMT4
12309,0,0.0892577450575156,91,Low,PAY_AMT2,Average Payment Amount,PAY_AMT1
16854,1,0.6811633333539927,32,High,Recent Payment Status,Maximum Payment Delay,Number of Delayed Months
11872,0,0.1227378389124412,88,Medium,Credit Utilization,Payment-to-Bill Ratio,PAY_AMT6
25069,0,0.156275084869071,84,Medium,BILL_AMT1,Average Payment Amount,BILL_AMT5
9035,0,0.3074947122912358,69,High,Maximum Payment Delay,Average Payment Delay,Number of Delayed Months
25238,0,0.1835144551769497,82,Medium,Maximum Payment Delay,Credit Utilization,Number of Delayed Months
15313,0,0.1029305443275062,90,Medium,BILL_AMT5,PAY_AMT2,PAY_AMT3
21337,0,0.0574683037316338,94,Low,Payment-to-Bill Ratio,BILL_AMT4,Bill Balance Trend
28904,0,0.0394075243415725,96,Low,Payment Trend,Education: University,Payment Status Month 4
27537,1,0.7249848384867946,28,High,Recent Payment Status,Maximum Payment Delay,Average Payment Delay
23214,1,0.1418277305439782,86,Medium,Credit Limit,Credit Utilization,BILL_AMT3
20715,0,0.1213548351360274,88,Medium,PAY_AMT2,BILL_AMT1,BILL_AMT5
5376,0,0.0561072998558567,94,Low,Average Bill Amount,BILL_AMT5,Education: Other
8908,0,0.1243012740262846,88,Medium,Credit Utilization,Credit Limit,PAY_AMT1
15965,1,0.6616845242464434,34,High,Recent Payment Status,Maximum Payment Delay,Average Payment Delay
26807,0,0.0427232476081436,96,Low,Bill Balance Trend,BILL_AMT3,Education: Other
16396,0,0.0532557408485997,95,Low,PAY_AMT5,Payment Trend,BILL_AMT4
8171,0,0.0487317567390657,95,Low,Credit Utilization,BILL_AMT3,Payment-to-Bill Ratio
14193,0,0.0719606658176004,93,Low,Average Bill Amount,Payment Trend,PAY_AMT1
24073,0,0.0972794495141466,90,Low,Credit Limit,Credit Utilization,PAY_AMT2
8558,0,0.0658223914628031,93,Low,Payment Trend,Average Bill Amount,BILL_AMT5
13879,1,0.4042130325056592,60,High,PAY_AMT3,Average Payment Amount,BILL_AMT1
15443,0,0.1634798313656873,84,Medium,BILL_AMT1,Payment Trend,Credit Limit
29597,0,0.0675903311418366,93,Low,Average Bill Amount,BILL_AMT5,BILL_AMT3
20770,0,0.0458319392643196,95,Low,PAY_AMT2,Payment-to-Bill Ratio,BILL_AMT4
12836,1,0.3528438399751039,65,High,Recent Payment Status,Maximum Payment Delay,Number of Delayed Months
22916,0,0.1674903481068894,83,Medium,Credit Utilization,Payment-to-Bill Ratio,BILL_AMT3
26518,1,0.2487150579259545,75,Medium,BILL_AMT1,PAY_AMT3,PAY_AMT2
14627,0,0.3203424997294742,68,High,Credit Limit,BILL_AMT1,Average Payment Amount
18087,1,0.1159317548419476,88,Medium,Average Payment Amount,BILL_AMT1,BILL_AMT5
20939,0,0.1011202837634143,90,Medium,PAY_AMT4,Payment Trend,PAY_AMT6
4423,0,0.0771745795121123,92,Low,Bill Balance Trend,PAY_AMT6,PAY_AMT1
26931,1,0.2145033205324351,79,Medium,Credit Limit,Bill Balance Trend,BILL_AMT1
20161,0,0.1490647468509791,85,Medium,BILL_AMT1,PAY_AMT3,PAY_AMT6
18057,0,0.0546566980189913,95,Low,Payment Trend,Average Bill Amount,BILL_AMT3
28409,0,0.0548374624830954,95,Low,Payment Trend,BILL_AMT4,Bill Balance Trend
20920,1,0.6036676217594052,40,High,Recent Payment Status,Maximum Payment Delay,Number of Delayed Months
3074,1,0.1091798534851513,89,Medium,BILL_AMT1,BILL_AMT5,Total Bill Amount
19119,0,0.0964546566986438,90,Low,Credit Utilization,PAY_AMT1,Payment-to-Bill Ratio
9476,1,0.4213409779038755,58,High,PAY_AMT3,Average Payment Amount,BILL_AMT1
7760,0,0.4923429443851039,51,High,Maximum Payment Delay,Credit Limit,BILL_AMT5
3070,0,0.373754445108337,63,High,Maximum Payment Delay,Number of Delayed Months,Credit Limit
19575,0,0.068641001677227,93,Low,Credit Utilization,Bill Balance Trend,BILL_AMT3
5880,0,0.1451426211112531,85,Medium,Credit Utilization,Credit Limit,PAY_AMT2
1982,1,0.7047075276361828,30,High,Recent Payment Status,Maximum Payment Delay,Average Payment Delay
10433,1,0.1746014939131628,83,Medium,Payment-to-Bill Ratio,Average Bill Amount,Credit Utilization
13629,0,0.1177775764220068,88,Medium,Credit Limit,PAY_AMT2,PAY_AMT6
7724,0,0.0669074641536052,93,Low,Credit Utilization,Average Bill Amount,BILL_AMT3
23237,0,0.4196076232504709,58,High,PAY_AMT3,Average Payment Amount,BILL_AMT1
4295,1,0.3815057762693696,62,High,Maximum Payment Delay,Number of Delayed Months,Credit Limit
7017,1,0.0497899747486013,95,Low,Bill Balance Trend,BILL_AMT3,Education: University
1653,0,0.3129899280394392,69,High,BILL_AMT5,PAY_AMT3,Credit Limit
18679,0,0.0949383152585694,91,Low,Average Payment Amount,PAY_AMT3,PAY_AMT2
10871,1,0.7054646714866877,29,High,Recent Payment Status,Maximum Payment Delay,Average Payment Delay
18132,0,0.0459794396483646,95,Low,BILL_AMT3,BILL_AMT5,BILL_AMT1
13350,0,0.0667796345800847,93,Low,Payment Trend,Bill Balance Trend,PAY_AMT2
26201,0,0.2087444318324107,79,Medium,PAY_AMT3,BILL_AMT1,PAY_AMT2
22468,0,0.0963022839523357,90,Low,BILL_AMT1,Average Bill Amount,PAY_AMT1
25378,1,0.3112943889079242,69,High,Maximum Payment Delay,BILL_AMT1,Number of Delayed Months
16793,0,0.6903063617194855,31,High,Recent Payment Status,Maximum Payment Delay,Average Payment Delay
8274,0,0.2060371235670193,79,Medium,Maximum Payment Delay,Number of Delayed Months,PAY_AMT3
15458,0,0.41117827060785,59,High,PAY_AMT3,Average Payment Amount,Number of Delayed Months
23315,0,0.0403488537276921,96,Low,BILL_AMT4,Bill Balance Trend,Education: Other
7803,1,0.7046543609370038,30,High,Recent Payment Status,Maximum Payment Delay,Average Payment Delay
6753,1,0.6599424589508058,34,High,Recent Payment Status,Maximum Payment Delay,Average Payment Delay
12155,0,0.6098580485596824,39,High,Maximum Payment Delay,Recent Payment Status,Average Payment Delay
2220,1,0.2041534958348691,80,Medium,Maximum Payment Delay,Average Payment Delay,Number of Delayed Months
6984,0,0.176708297386711,82,Medium,PAY_AMT3,BILL_AMT5,BILL_AMT1
18085,0,0.4190040798309187,58,High,PAY_AMT3,Average Payment Amount,Number of Delayed Months
5915,0,0.0999208020358616,90,Low,BILL_AMT5,PAY_AMT6,BILL_AMT1
1369,0,0.6692728817990211,33,High,Recent Payment Status,Maximum Payment Delay,Average Payment Delay
13320,0,0.0657252196259263,93,Low,Credit Utilization,BILL_AMT3,Payment-to-Bill Ratio
16758,0,0.2372648450811119,76,Medium,Maximum Payment Delay,Number of Delayed Months,PAY_AMT3
11136,0,0.0857519208001676,91,Low,PAY_AMT2,PAY_AMT1,Bill Balance Trend
2855,1,0.7071008231328607,29,High,Recent Payment Status,Maximum Payment Delay,Average Payment Delay
7661,1,0.6759052970170933,32,High,Recent Payment Status,Maximum Payment Delay,Number of Delayed Months
21230,0,0.1898488546241672,81,Medium,Number of Delayed Months,BILL_AMT1,PAY_AMT6
20442,0,0.0529664972633765,95,Low,Credit Utilization,BILL_AMT3,Education: University
7785,1,0.3945689127664442,61,High,Credit Limit,BILL_AMT5,PAY_AMT3
17928,0,0.439809158367143,56,High,Maximum Payment Delay,Credit Limit,Bill Balance Trend
22130,0,0.06912743952226,93,Low,Payment-to-Bill Ratio,BILL_AMT3,PAY_AMT2
22324,0,0.0721840601005875,93,Low,Payment Trend,PAY_AMT1,Bill Balance Trend
1395,0,0.0622980852854012,94,Low,PAY_AMT1,BILL_AMT4,PAY_AMT5
12670,0,0.2646377458930237,74,High,PAY_AMT3,Average Payment Amount,BILL_AMT5
15961,0,0.0531113031703768,95,Low,Credit Utilization,Payment Trend,Average Bill Amount
13870,0,0.1440746634810934,86,Medium,PAY_AMT3,BILL_AMT5,PAY_AMT2
24797,0,0.3220306233370031,68,High,Maximum Payment Delay,Number of Delayed Months,Average Payment Delay
7075,0,0.0506889301123836,95,Low,BILL_AMT1,Payment Status Month 4,Payment Status Month 2
15213,1,0.45406248397579,55,High,PAY_AMT3,Average Payment Amount,BILL_AMT1
10320,0,0.065696251633645,93,Low,Credit Utilization,BILL_AMT3,BILL_AMT2
21399,1,0.0738331302276881,93,Low,PAY_AMT3,Number of Delayed Months,PAY_AMT5
1039,0,0.1138608792793426,89,Medium,Credit Limit,Credit Utilization,PAY_AMT1
19538,0,0.138798390242399,86,Medium,Payment Trend,Credit Limit,BILL_AMT5
26658,0,0.1137368598786025,89,Medium,PAY_AMT3,BILL_AMT5,Number of Delayed Months
17402,0,0.1690357535639126,83,Medium,BILL_AMT1,Credit Limit,Bill Balance Trend
22678,0,0.1328795842378475,87,Medium,Payment Trend,PAY_AMT3,BILL_AMT1
2772,0,0.0932421256904617,91,Low,Bill Balance Trend,Payment Trend,Average Payment Amount
24990,0,0.0449549990152715,96,Low,Bill Balance Trend,BILL_AMT4,Education: Other
22804,0,0.0518496560203157,95,Low,BILL_AMT4,Payment Trend,Education: Other
7864,0,0.0843960473747461,92,Low,Credit Utilization,Bill Balance Trend,BILL_AMT3
13927,0,0.1460972285333198,85,Medium,Average Payment Amount,PAY_AMT2,PAY_AMT6
24642,0,0.1008695139102133,90,Medium,Credit Limit,BILL_AMT1,Bill Balance Trend
161,0,0.6837342228124536,32,High,Recent Payment Status,Maximum Payment Delay,Average Payment Delay
6301,0,0.6187492792084038,38,High,Average Payment Delay,Maximum Payment Delay,Number of Delayed Months
28760,0,0.0645175917578829,94,Low,PAY_AMT1,BILL_AMT4,BILL_AMT3
2747,1,0.6204947682747682,38,High,Recent Payment Status,Maximum Payment Delay,Average Payment Delay
13156,0,0.0890271637172696,91,Low,Credit Utilization,Credit Limit,PAY_AMT2
14239,0,0.0387479254947371,96,Low,PAY_AMT4,Payment Status Month 5,Total Bill Amount
9599,0,0.0474877503714961,95,Low,Payment Trend,Average Bill Amount,Payment Status Month 2
14075,1,0.5063935692577218,49,High,Maximum Payment Delay,Average Payment Delay,Number of Delayed Months
28455,1,0.1464803203283515,85,Medium,Credit Utilization,Credit Limit,BILL_AMT3
10181,1,0.689707514692896,31,High,Recent Payment Status,Maximum Payment Delay,Average Payment Delay
29364,0,0.0819519667578396,92,Low,PAY_AMT4,BILL_AMT5,PAY_AMT6
8044,1,0.076405857056048,92,Low,BILL_AMT1,Payment Trend,PAY_AMT4
25098,1,0.147301354889476,85,Medium,BILL_AMT5,PAY_AMT3,Credit Limit
2671,0,0.0606081892417254,94,Low,PAY_AMT4,PAY_AMT6,Payment Status Month 4
1527,1,0.0913472971630275,91,Low,Credit Utilization,BILL_AMT3,Education: University
26332,0,0.0735615667032628,93,Low,Credit Utilization,BILL_AMT3,PAY_AMT1
1500,0,0.2224065839715728,78,Medium,Maximum Payment Delay,Credit Limit,Number of Delayed Months
23251,0,0.160765727460998,84,Medium,Credit Utilization,Credit Limit,Payment-to-Bill Ratio
19136,0,0.2220600761939809,78,Medium,Credit Utilization,Credit Limit,Bill Balance Trend
29451,0,0.2962836737364438,70,High,PAY_AMT3,Number of Delayed Months,BILL_AMT1
23790,0,0.3392416284253441,66,High,BILL_AMT5,Credit Limit,PAY_AMT3
19711,0,0.0625996383731634,94,Low,Payment Trend,BILL_AMT1,PAY_AMT4
21023,0,0.081517933805261,92,Low,BILL_AMT1,PAY_AMT2,Payment Status Month 6
19061,1,0.148809050258606,85,Medium,Credit Limit,BILL_AMT5,PAY_AMT6
18276,0,0.1487308189334931,85,Medium,Credit Utilization,Payment-to-Bill Ratio,Bill Balance Trend
1355,0,0.1439290112856104,86,Medium,Credit Limit,Payment Trend,PAY_AMT2
21287,0,0.3411692617270914,66,High,BILL_AMT1,Average Payment Amount,PAY_AMT3
1090,0,0.0698698531169609,93,Low,Payment Trend,BILL_AMT5,PAY_AMT1
26496,0,0.2259368781769841,77,Medium,PAY_AMT3,BILL_AMT1,Average Bill Amount
11030,0,0.1710631197499309,83,Medium,Bill Balance Trend,Credit Limit,BILL_AMT1
8866,1,0.5158602011022643,48,High,Average Payment Amount,PAY_AMT3,BILL_AMT1
1097,0,0.1180078199400525,88,Medium,BILL_AMT1,Payment Trend,PAY_AMT6
11994,0,0.7018283183234707,30,High,Recent Payment Status,Maximum Payment Delay,Average Payment Delay
3176,0,0.0576637629595458,94,Low,Credit Utilization,Average Bill Amount,BILL_AMT3
16851,0,0.1282807012355053,87,Medium,Payment Trend,BILL_AMT5,PAY_AMT4
184,1,0.1713102569380005,83,Medium,Credit Utilization,Credit Limit,PAY_AMT2
26844,0,0.1180011870994559,88,Medium,PAY_AMT3,BILL_AMT1,BILL_AMT5
268,1,0.0938376492321153,91,Low,Payment-to-Bill Ratio,BILL_AMT3,PAY_AMT6
6336,0,0.0530833119581642,95,Low,Payment-to-Bill Ratio,PAY_AMT2,BILL_AMT4
25906,0,0.191176027399451,81,Medium,Credit Limit,Credit Utilization,PAY_AMT2
25264,0,0.2515072984174768,75,High,Credit Limit,Credit Utilization,Bill Balance Trend
5930,0,0.1244606993465118,88,Medium,Credit Limit,PAY_AMT2,PAY_AMT6
17376,0,0.2702306301009398,73,High,Maximum Payment Delay,Payment-to-Bill Ratio,Number of Delayed Months
22779,0,0.0419189641144263,96,Low,BILL_AMT3,BILL_AMT4,Education: Other
14047,0,0.121441718254675,88,Medium,Credit Utilization,BILL_AMT3,BILL_AMT4
21153,0,0.1220555008056972,88,Medium,Credit Utilization,BILL_AMT3,BILL_AMT6
22793,0,0.09419102453366,91,Low,Credit Utilization,PAY_AMT4,Bill Balance Trend
20571,0,0.1060436761238313,89,Medium,BILL_AMT1,Bill Balance Trend,PAY_AMT1
13626,0,0.0740176941257265,93,Low,Payment Trend,PAY_AMT6,PAY_AMT2
25745,0,0.1421211843217628,86,Medium,PAY_AMT3,Average Payment Amount,BILL_AMT1
6238,1,0.0694637530864898,93,Low,PAY_AMT1,Bill Balance Trend,BILL_AMT3
9450,1,0.181724356861758,82,Medium,BILL_AMT5,BILL_AMT1,Average Payment Amount
1025,0,0.0811871639455982,92,Low,PAY_AMT3,Average Bill Amount,BILL_AMT3
15469,1,0.4092850640575522,59,High,PAY_AMT3,Average Payment Amount,BILL_AMT1
18172,0,0.0640690602099415,94,Low,PAY_AMT6,PAY_AMT4,Average Bill Amount
14941,0,0.125867302696649,87,Medium,Credit Limit,Credit Utilization,PAY_AMT1
15848,0,0.0984365846882057,90,Low,Credit Utilization,Bill Balance Trend,Payment-to-Bill Ratio
1973,0,0.0631223098343217,94,Low,Credit Utilization,BILL_AMT3,BILL_AMT4
14969,0,0.3006571680668152,70,High,Credit Limit,BILL_AMT5,PAY_AMT3
640,0,0.0504161980406043,95,Low,BILL_AMT4,BILL_AMT3,PAY_AMT1
19018,0,0.1115326888051383,89,Medium,Credit Limit,PAY_AMT2,PAY_AMT1
2563,1,0.7083721477018646,29,High,Recent Payment Status,Maximum Payment Delay,Average Payment Delay
19027,1,0.095728477798837,90,Low,Credit Utilization,PAY_AMT1,BILL_AMT3
449,0,0.040336088856193,96,Low,PAY_AMT2,BILL_AMT3,PAY_AMT5
22217,1,0.1921727281892961,81,Medium,Credit Utilization,Credit Limit,PAY_AMT2
27107,0,0.189181252114104,81,Medium,BILL_AMT1,Average Payment Amount,PAY_AMT3
6073,1,0.4463989551830614,55,High,Maximum Payment Delay,Average Payment Delay,Number of Delayed Months
3237,0,0.0676264107437738,93,Low,Credit Utilization,BILL_AMT3,Average Bill Amount
119,0,0.0523385988413806,95,Low,PAY_AMT4,Average Bill Amount,BILL_AMT3
4535,0,0.259514602607532,74,High,Maximum Payment Delay,Credit Utilization,Number of Delayed Months
23432,1,0.4092850640575522,59,High,PAY_AMT3,Average Payment Amount,BILL_AMT1
17586,1,0.6855014240465063,31,High,Recent Payment Status,Maximum Payment Delay,Average Payment Delay
7904,0,0.2029670852882703,80,Medium,PAY_AMT3,Number of Delayed Months,BILL_AMT1
16922,0,0.0881512605909023,91,Low,Credit Utilization,Average Bill Amount,Payment-to-Bill Ratio
8433,0,0.2452665550136642,75,Medium,Maximum Payment Delay,PAY_AMT4,Credit Utilization
21703,0,0.6478746329370576,35,High,Recent Payment Status,Maximum Payment Delay,Number of Delayed Months
10658,0,0.1682257664290407,83,Medium,Bill Balance Trend,BILL_AMT1,PAY_AMT6
20330,0,0.2254006502252417,77,Medium,BILL_AMT1,Average Payment Amount,PAY_AMT3
22823,0,0.0810668547655191,92,Low,PAY_AMT1,Bill Balance Trend,Credit Limit
29431,0,0.0900180056886961,91,Low,BILL_AMT1,BILL_AMT3,PAY_AMT6
21905,0,0.0982303380666623,90,Low,BILL_AMT1,PAY_AMT6,PAY_AMT5
29320,0,0.0688030890158714,93,Low,BILL_AMT1,Payment-to-Bill Ratio,PAY_AMT2
280,0,0.0493580292285215,95,Low,BILL_AMT3,Education: University,Education: Other
11948,0,0.1035590756156201,90,Medium,PAY_AMT3,BILL_AMT1,BILL_AMT3
17723,0,0.194945510363598,81,Medium,PAY_AMT3,BILL_AMT1,Average Payment Amount
24210,0,0.1504058020650077,85,Medium,Credit Limit,Bill Balance Trend,PAY_AMT2
16737,0,0.1130121329229577,89,Medium,PAY_AMT3,BILL_AMT5,Average Payment Amount
9069,0,0.08284223492168,92,Low,Credit Limit,Payment Trend,Credit Utilization
10635,0,0.2094569275432527,79,Medium,Maximum Payment Delay,Credit Utilization,Number of Delayed Months
1758,0,0.4092850640575522,59,High,PAY_AMT3,Average Payment Amount,BILL_AMT1
5604,0,0.0683934779090116,93,Low,Credit Utilization,Bill Balance Trend,BILL_AMT3
22931,0,0.1150892720435183,88,Medium,Payment Trend,BILL_AMT1,PAY_AMT5
9007,1,0.659279573713703,34,High,Recent Payment Status,Maximum Payment Delay,Average Payment Delay
23759,0,0.0508347318023827,95,Low,Average Payment Amount,Bill Balance Trend,Credit Utilization
11008,0,0.0592877222137022,94,Low,Payment-to-Bill Ratio,Average Bill Amount,BILL_AMT3
16661,0,0.1061618845832576,89,Medium,PAY_AMT3,BILL_AMT1,BILL_AMT3
4036,0,0.0657256478495025,93,Low,Payment-to-Bill Ratio,PAY_AMT2,PAY_AMT6
9281,0,0.265076323081768,73,High,Maximum Payment Delay,Average Payment Delay,Number of Delayed Months
4786,0,0.0843862119472538,92,Low,Credit Utilization,BILL_AMT4,PAY_AMT5
18910,0,0.228802221687387,77,Medium,BILL_AMT1,PAY_AMT2,Average Payment Amount
18306,0,0.1975608868230956,80,Medium,Credit Limit,Credit Utilization,PAY_AMT2
7179,0,0.2265173556628611,77,Medium,Maximum Payment Delay,Number of Delayed Months,Average Payment Delay
24498,1,0.4134479236458173,59,High,Maximum Payment Delay,Number of Delayed Months,Average Payment Delay
15800,0,0.3778461955659843,62,High,Maximum Payment Delay,Credit Limit,Bill Balance Trend
9651,1,0.6946006884430697,31,High,Recent Payment Status,Maximum Payment Delay,Average Payment Delay
17364,1,0.6845262470483005,32,High,Recent Payment Status,Maximum Payment Delay,Average Payment Delay
13878,0,0.1554762415702783,84,Medium,BILL_AMT1,PAY_AMT2,Payment Status Month 6
4708,1,0.6188330037198059,38,High,Recent Payment Status,Maximum Payment Delay,Number of Delayed Months
26594,0,0.1447526826293441,86,Medium,Credit Utilization,BILL_AMT6,Average Bill Amount
19648,0,0.1751158921388453,82,Medium,BILL_AMT1,Number of Delayed Months,PAY_AMT4
9912,0,0.1059000197294633,89,Medium,Credit Utilization,BILL_AMT3,BILL_AMT4
6355,0,0.0657940350924179,93,Low,Average Payment Amount,PAY_AMT3,PAY_AMT4
7403,1,0.2044960626253097,80,Medium,BILL_AMT1,PAY_AMT3,BILL_AMT3
13177,0,0.1661664002697087,83,Medium,Credit Utilization,Credit Limit,Payment-to-Bill Ratio
6443,0,0.1529855164909918,85,Medium,PAY_AMT3,BILL_AMT1,Payment Trend
20340,1,0.2200713508438352,78,Medium,BILL_AMT1,Average Payment Amount,PAY_AMT3
14112,0,0.1251216686798919,87,Medium,BILL_AMT1,PAY_AMT6,Credit Limit
13887,0,0.0814545875832054,92,Low,Payment Trend,BILL_AMT1,PAY_AMT6
3577,0,0.058263992669386,94,Low,PAY_AMT4,BILL_AMT1,PAY_AMT5
15924,0,0.0458453646568346,95,Low,PAY_AMT6,BILL_AMT4,Average Payment Amount
14305,0,0.1618447155156715,84,Medium,Credit Utilization,Credit Limit,Bill Balance Trend
2307,0,0.3080919483123859,69,High,Maximum Payment Delay,Credit Limit,Number of Delayed Months
19748,0,0.067494318664856,93,Low,Average Bill Amount,BILL_AMT5,Payment Status Month 5
4322,0,0.1394083561140012,86,Medium,Bill Balance Trend,PAY_AMT2,Credit Limit
23504,0,0.1533804158598569,85,Medium,Credit Utilization,Average Bill Amount,BILL_AMT3
24228,0,0.0872041899090464,91,Low,Credit Utilization,Payment-to-Bill Ratio,BILL_AMT3
24273,0,0.0935027507518476,91,Low,BILL_AMT1,BILL_AMT3,Payment-to-Bill Ratio
26775,0,0.6359310334705421,36,High,Recent Payment Status,Maximum Payment Delay,Average Payment Delay
17791,0,0.169211574795796,83,Medium,Bill Balance Trend,Credit Limit,Number of Delayed Months
15414,0,0.0816820402504644,92,Low,PAY_AMT3,BILL_AMT1,PAY_AMT5
28066,1,0.5453764256230226,45,High,Recent Payment Status,Maximum Payment Delay,Number of Delayed Months
19166,0,0.0934242650316657,91,Low,Credit Utilization,Payment Trend,Bill Balance Trend
8466,0,0.1088590623867131,89,Medium,Credit Utilization,PAY_AMT1,BILL_AMT3
26680,0,0.2341366128763841,77,Medium,PAY_AMT3,Bill Balance Trend,Number of Delayed Months
8207,0,0.1028405353912838,90,Medium,Credit Limit,PAY_AMT2,Average Payment Amount
7155,1,0.7003322735685019,30,High,Recent Payment Status,Maximum Payment Delay,Average Payment Delay
18804,0,0.050547185848944,95,Low,Bill Balance Trend,BILL_AMT3,PAY_AMT5
24718,0,0.4506869429936811,55,High,Maximum Payment Delay,Number of Delayed Months,Average Payment Delay
9105,0,0.1320457819624027,87,Medium,BILL_AMT1,Number of Delayed Months,PAY_AMT4
29974,1,0.4121818942950052,59,High,PAY_AMT3,Average Payment Amount,Number of Delayed Months
25754,0,0.2170152294806713,78,Medium,BILL_AMT5,Number of Delayed Months,BILL_AMT1
26022,0,0.0703268464987701,93,Low,BILL_AMT1,BILL_AMT5,PAY_AMT4
4434,0,0.0702152458742165,93,Low,Average Payment Amount,Payment Trend,Bill Balance Trend
3887,0,0.0918627003651291,91,Low,Credit Utilization,Credit Limit,Payment Trend
26549,0,0.1520622874234921,85,Medium,BILL_AMT1,BILL_AMT5,BILL_AMT3
20468,0,0.153465790390409,85,Medium,Credit Limit,Credit Utilization,PAY_AMT6
18096,0,0.0586952466671007,94,Low,Payment Trend,BILL_AMT4,BILL_AMT3
9408,0,0.2868014092872714,71,High,PAY_AMT3,Average Payment Amount,BILL_AMT1
18006,1,0.7033233408216075,30,High,Recent Payment Status,Maximum Payment Delay,Average Payment Delay
25508,0,0.0769940094752847,92,Low,Bill Balance Trend,Average Payment Amount,Average Bill Amount
29294,1,0.0603644283508389,94,Low,Credit Limit,Payment Trend,Average Bill Amount
14347,0,0.042112209758197,96,Low,PAY_AMT4,BILL_AMT3,Payment Status Month 6
23389,0,0.0477430094858919,95,Low,PAY_AMT1,Payment-to-Bill Ratio,BILL_AMT3
8219,0,0.1624958703224958,84,Medium,Credit Utilization,Credit Limit,PAY_AMT2
7526,0,0.2490775665157251,75,Medium,Maximum Payment Delay,Number of Delayed Months,Bill Balance Trend
2311,0,0.4086885330234825,59,High,Maximum Payment Delay,Number of Delayed Months,Credit Limit
28560,1,0.0903671612471887,91,Low,BILL_AMT1,PAY_AMT6,PAY_AMT1
5312,0,0.1347363331578913,87,Medium,Maximum Payment Delay,Number of Delayed Months,PAY_AMT2
25086,1,0.1927176763236588,81,Medium,Credit Limit,Credit Utilization,Payment-to-Bill Ratio
17066,0,0.1385626764398817,86,Medium,PAY_AMT4,Credit Utilization,Credit Limit
1912,0,0.1561369700207806,84,Medium,BILL_AMT1,Bill Balance Trend,PAY_AMT1
27663,0,0.5124361206308141,49,High,Maximum Payment Delay,Credit Limit,Number of Delayed Months
17754,0,0.0459255941480245,95,Low,BILL_AMT4,Total Bill Amount,Education: Other
14652,0,0.1606692503795571,84,Medium,BILL_AMT1,PAY_AMT6,Bill Balance Trend
26660,0,0.3357701614794055,66,High,Maximum Payment Delay,PAY_AMT4,Number of Delayed Months
28593,0,0.1540835430118245,85,Medium,Credit Utilization,Credit Limit,BILL_AMT4
24244,0,0.0469095857247468,95,Low,Payment Trend,Average Bill Amount,Education: University
4789,0,0.6421779679352225,36,High,Recent Payment Status,Maximum Payment Delay,Number of Delayed Months
16267,0,0.0803531944346571,92,Low,Credit Utilization,Payment-to-Bill Ratio,BILL_AMT3
6120,1,0.7162257253962899,28,High,Recent Payment Status,Maximum Payment Delay,Average Payment Delay
24631,0,0.1429373789816341,86,Medium,BILL_AMT1,PAY_AMT2,PAY_AMT5
22089,0,0.222827294294216,78,Medium,PAY_AMT3,BILL_AMT1,Payment Trend
19843,0,0.6997279414756427,30,High,Recent Payment Status,Maximum Payment Delay,Average Payment Delay
8959,1,0.0525921253309451,95,Low,PAY_AMT4,Payment Trend,PAY_AMT3
20654,0,0.120242048695228,88,Medium,Credit Utilization,Average Bill Amount,Payment-to-Bill Ratio
27035,1,0.6040143224704594,40,High,Recent Payment Status,Maximum Payment Delay,Average Payment Delay
27169,0,0.3461699699585244,65,High,Maximum Payment Delay,Credit Limit,Number of Delayed Months
12344,0,0.0709436723430782,93,Low,Bill Balance Trend,PAY_AMT2,PAY_AMT1
21812,1,0.6788447802813531,32,High,Recent Payment Status,Maximum Payment Delay,Average Payment Delay
1094,1,0.4458026334187404,55,High,PAY_AMT3,Average Payment Amount,BILL_AMT1
7594,0,0.1664036321874835,83,Medium,Credit Utilization,Payment-to-Bill Ratio,Average Bill Amount
20607,0,0.0869267314713139,91,Low,BILL_AMT1,BILL_AMT5,PAY_AMT6
11813,0,0.0839587546118335,92,Low,BILL_AMT1,PAY_AMT2,PAY_AMT1
13999,0,0.0657714201421821,93,Low,BILL_AMT1,PAY_AMT2,Payment Status Month 4
19939,0,0.0618315813852908,94,Low,PAY_AMT2,PAY_AMT1,BILL_AMT4
8451,0,0.0411546583116476,96,Low,Payment Trend,Payment Status Month 4,Education: Other
8486,0,0.155981487534636,84,Medium,Credit Utilization,Credit Limit,PAY_AMT1
20035,0,0.1669946445957619,83,Medium,PAY_AMT3,Average Payment Amount,PAY_AMT2
24994,0,0.0679108055486118,93,Low,Credit Utilization,Average Bill Amount,Payment-to-Bill Ratio
21590,0,0.0501717236705665,95,Low,Payment-to-Bill Ratio,BILL_AMT3,BILL_AMT4
2587,1,0.1677889160849678,83,Medium,Credit Utilization,Credit Limit,Bill Balance Trend
24998,0,0.0675251687140559,93,Low,Bill Balance Trend,BILL_AMT5,PAY_AMT3
14241,0,0.0513012662083928,95,Low,Average Bill Amount,Bill Balance Trend,BILL_AMT3
17226,0,0.066517370292089,93,Low,Payment Trend,Bill Balance Trend,BILL_AMT6
2576,0,0.0707880918657943,93,Low,Credit Utilization,BILL_AMT3,Education: Other
29328,0,0.0644281172017134,94,Low,PAY_AMT1,Education: Other,BILL_AMT4
5364,0,0.1128742508703378,89,Medium,BILL_AMT5,PAY_AMT5,PAY_AMT6
1487,0,0.0386804746089403,96,Low,BILL_AMT4,Education: Other,Payment Status Month 4
11710,0,0.0917503454042703,91,Low,BILL_AMT1,Number of Delayed Months,Bill Balance Trend
27735,0,0.0633311454462812,94,Low,Bill Balance Trend,Payment Trend,BILL_AMT4
13486,0,0.117992289109373,88,Medium,BILL_AMT5,PAY_AMT3,Average Payment Amount
14162,1,0.3766207947033697,62,High,Maximum Payment Delay,Average Payment Delay,Number of Delayed Months
27301,0,0.1140208133416089,89,Medium,Credit Utilization,Payment-to-Bill Ratio,BILL_AMT3
4227,1,0.0468744101207988,95,Low,BILL_AMT1,Payment Status Month 4,Bill Balance Trend
7683,0,0.0608624607668415,94,Low,Credit Utilization,Bill Balance Trend,BILL_AMT3
19654,0,0.0535913702429133,95,Low,PAY_AMT4,Bill Balance Trend,BILL_AMT4
25883,0,0.1321718882232847,87,Medium,Credit Utilization,Payment-to-Bill Ratio,BILL_AMT3
8172,1,0.3016066308947397,70,High,PAY_AMT3,BILL_AMT1,Number of Delayed Months
14747,1,0.1862239566317714,81,Medium,BILL_AMT1,Average Payment Amount,Bill Balance Trend
5565,1,0.0792559661409875,92,Low,Credit Utilization,BILL_AMT3,Payment-to-Bill Ratio
17473,0,0.0983977041678712,90,Low,Bill Balance Trend,PAY_AMT2,Payment Trend
21052,0,0.1009946916705227,90,Medium,PAY_AMT3,BILL_AMT5,Average Payment Amount
18746,0,0.0639612487718861,94,Low,PAY_AMT2,PAY_AMT1,BILL_AMT3
24987,0,0.0867497331752377,91,Low,Credit Utilization,Credit Limit,PAY_AMT6
22777,1,0.148979172812447,85,Medium,Credit Utilization,Payment-to-Bill Ratio,Average Bill Amount
5625,0,0.0865120834020919,91,Low,Credit Utilization,BILL_AMT3,Bill Balance Trend
29572,0,0.1251000171248163,87,Medium,Payment-to-Bill Ratio,BILL_AMT5,PAY_AMT4
27508,1,0.1032214972985261,90,Medium,Credit Utilization,PAY_AMT1,BILL_AMT3
21091,0,0.1233187729610073,88,Medium,BILL_AMT1,PAY_AMT1,Payment Trend
14416,0,0.0696402285947772,93,Low,BILL_AMT3,Credit Utilization,Payment-to-Bill Ratio
8729,0,0.1572861587048122,84,Medium,BILL_AMT5,Payment Trend,PAY_AMT3
10294,0,0.0607911177228908,94,Low,BILL_AMT1,Bill Balance Trend,Payment Trend
25894,0,0.1139030068843264,89,Medium,BILL_AMT3,PAY_AMT1,BILL_AMT1
16683,0,0.0971400217062353,90,Low,Credit Utilization,Average Bill Amount,Payment-to-Bill Ratio
14500,0,0.5577690630161194,44,High,Average Payment Delay,Maximum Payment Delay,Number of Delayed Months
5352,0,0.0944172494798333,91,Low,PAY_AMT3,PAY_AMT4,PAY_AMT6
7277,0,0.4537720887282583,55,High,Maximum Payment Delay,Average Payment Delay,Number of Delayed Months
9626,1,0.4668338898637885,53,High,Maximum Payment Delay,Credit Limit,Average Payment Delay
3710,1,0.1586950061882598,84,Medium,Credit Limit,BILL_AMT5,Average Payment Amount
23079,0,0.0380340385775318,96,Low,Payment Trend,PAY_AMT1,BILL_AMT3
761,1,0.4372096673951474,56,High,Maximum Payment Delay,Average Payment Delay,Number of Delayed Months
15337,0,0.2571048590433447,74,High,BILL_AMT1,PAY_AMT3,Average Bill Amount
8187,0,0.0472314418813926,95,Low,Bill Balance Trend,BILL_AMT3,BILL_AMT4
21973,1,0.7013907445559355,30,High,Recent Payment Status,Maximum Payment Delay,Average Payment Delay
1047,1,0.2726409612220857,73,High,Maximum Payment Delay,Payment-to-Bill Ratio,Credit Utilization
12926,0,0.1355429861108351,86,Medium,Credit Utilization,BILL_AMT3,Payment-to-Bill Ratio
18214,1,0.0751836123691828,92,Low,Credit Utilization,Payment Trend,Average Bill Amount
9275,0,0.1554324126883468,84,Medium,BILL_AMT5,Credit Limit,PAY_AMT3
10069,0,0.0488413773721809,95,Low,Payment-to-Bill Ratio,PAY_AMT1,Total Bill Amount
22821,0,0.0685804602603855,93,Low,Average Payment Amount,PAY_AMT2,Total Payment Amount
23684,0,0.0764074843259795,92,Low,BILL_AMT1,BILL_AMT3,Average Bill Amount
1218,0,0.0531836113348523,95,Low,Credit Utilization,Payment Trend,Average Bill Amount
20636,0,0.1020809386307161,90,Medium,Credit Limit,PAY_AMT1,Bill Balance Trend
6162,0,0.045374226391053,95,Low,PAY_AMT4,Total Payment Amount,Payment Status Month 6
27379,0,0.2251241712782302,77,Medium,Payment-to-Bill Ratio,Credit Utilization,Payment Trend
25842,0,0.0472877976591291,95,Low,BILL_AMT3,Bill Balance Trend,Education: Other
18211,0,0.1011820569637049,90,Medium,BILL_AMT1,Bill Balance Trend,PAY_AMT2
25583,0,0.0644097624067152,94,Low,BILL_AMT4,BILL_AMT3,Education: Other
10837,0,0.1196462926135579,88,Medium,Credit Limit,PAY_AMT2,PAY_AMT6
8318,0,0.1345562288321578,87,Medium,Credit Limit,Credit Utilization,PAY_AMT2
24667,0,0.5484057245676754,45,High,Recent Payment Status,Maximum Payment Delay,Number of Delayed Months
5961,0,0.1983145283417751,80,Medium,Credit Utilization,Payment-to-Bill Ratio,BILL_AMT2
14797,1,0.6658904091155833,33,High,Recent Payment Status,Maximum Payment Delay,Average Payment Delay
1389,0,0.052210660948503,95,Low,Credit Utilization,Payment Trend,BILL_AMT3
16393,0,0.063669296012291,94,Low,Bill Balance Trend,BILL_AMT4,Payment Status Month 4
27887,0,0.0450929587350204,95,Low,Payment Trend,BILL_AMT5,BILL_AMT4
2140,1,0.1251207577076875,87,Medium,BILL_AMT1,Number of Delayed Months,PAY_AMT6
5041,1,0.1927792573283306,81,Medium,Average Payment Amount,BILL_AMT1,Average Bill Amount
13204,0,0.0616162208376817,94,Low,Bill Balance Trend,BILL_AMT4,Payment-to-Bill Ratio
9389,0,0.083183085798462,92,Low,Credit Limit,Credit Utilization,BILL_AMT3
7186,0,0.3453351024621283,65,High,Credit Limit,BILL_AMT5,PAY_AMT3
7935,1,0.3729113353194262,63,High,Maximum Payment Delay,Number of Delayed Months,PAY_AMT4
10847,1,0.2756478105600458,72,High,Maximum Payment Delay,Number of Delayed Months,PAY_AMT2
4155,0,0.2937296647328126,71,High,Credit Limit,BILL_AMT5,Credit Utilization
27597,0,0.1222571544724365,88,Medium,BILL_AMT1,PAY_AMT6,PAY_AMT1
8205,0,0.1308487029577626,87,Medium,PAY_AMT4,Credit Utilization,Bill Balance Trend
6203,0,0.1000068960147744,90,Medium,BILL_AMT5,Payment Trend,PAY_AMT3
2271,0,0.1162211031267261,88,Medium,Bill Balance Trend,BILL_AMT1,PAY_AMT1
21151,0,0.1193357757978128,88,Medium,Credit Utilization,Payment-to-Bill Ratio,BILL_AMT3
4563,0,0.0864772123752227,91,Low,PAY_AMT4,Bill Balance Trend,Average Bill Amount
18668,0,0.0721644309630127,93,Low,Credit Utilization,Payment-to-Bill Ratio,Average Bill Amount
15594,1,0.6598854347602294,34,High,Recent Payment Status,Maximum Payment Delay,Average Payment Delay
27797,0,0.0811244216732046,92,Low,Credit Utilization,Average Bill Amount,BILL_AMT3
18820,0,0.0959150719327388,90,Low,PAY_AMT3,BILL_AMT1,Average Payment Amount
1655,0,0.1409266680405605,86,Medium,Credit Utilization,Credit Limit,BILL_AMT3
28721,0,0.1596598497607561,84,Medium,BILL_AMT1,PAY_AMT2,BILL_AMT5
15256,0,0.1317604616683925,87,Medium,BILL_AMT1,Average Payment Amount,PAY_AMT2
27136,0,0.0616375800280934,94,Low,Bill Balance Trend,BILL_AMT6,BILL_AMT3
19922,0,0.1277657415857365,87,Medium,Credit Limit,PAY_AMT2,PAY_AMT1
17355,0,0.2464796478499295,75,Medium,Credit Limit,BILL_AMT5,BILL_AMT1
11569,1,0.0487951051010805,95,Low,Credit Utilization,BILL_AMT2,Average Bill Amount
21309,1,0.1035438884519783,90,Medium,Maximum Payment Delay,Credit Limit,Payment Trend
27384,0,0.0417160073179427,96,Low,Average Payment Amount,BILL_AMT3,Payment Status Month 5
913,0,0.087506609010147,91,Low,Credit Utilization,Bill Balance Trend,BILL_AMT3
15314,0,0.1142298784647466,89,Medium,Bill Balance Trend,PAY_AMT2,PAY_AMT1
4864,1,0.1566762545048521,84,Medium,BILL_AMT1,BILL_AMT5,Payment Trend
11050,0,0.6983148787690667,30,High,Recent Payment Status,Maximum Payment Delay,Average Payment Delay
15492,0,0.0889976139383523,91,Low,Credit Utilization,BILL_AMT3,Payment-to-Bill Ratio
21907,0,0.162267088151827,84,Medium,PAY_AMT3,BILL_AMT1,BILL_AMT5
1542,0,0.4095719109760745,59,High,PAY_AMT3,Average Payment Amount,Number of Delayed Months
20744,0,0.0532862118672176,95,Low,BILL_AMT4,BILL_AMT3,Payment Trend
26432,0,0.1360998082276427,86,Medium,Credit Limit,Credit Utilization,BILL_AMT3
24928,0,0.4239997427021895,58,High,PAY_AMT3,Average Payment Amount,Number of Delayed Months
26514,1,0.1821361834699667,82,Medium,PAY_AMT3,BILL_AMT5,Average Payment Amount
25372,0,0.0453595606035871,95,Low,Bill Balance Trend,Payment Trend,BILL_AMT6
26032,0,0.1298968845718174,87,Medium,PAY_AMT2,Bill Balance Trend,Average Payment Amount
4919,0,0.040044312740619,96,Low,BILL_AMT6,BILL_AMT4,Payment Status Month 4
12251,0,0.0549127817612286,95,Low,Payment Trend,PAY_AMT2,Bill Balance Trend
13809,0,0.1422982630663554,86,Medium,Credit Utilization,Credit Limit,PAY_AMT6
10310,1,0.3466199047491743,65,High,Maximum Payment Delay,PAY_AMT4,Credit Utilization
14346,1,0.538281836115509,46,High,Average Payment Delay,Maximum Payment Delay,Number of Delayed Months
14708,1,0.5467790334193486,45,High,Average Payment Delay,Maximum Payment Delay,Number of Delayed Months
2729,0,0.3227493400435959,68,High,Maximum Payment Delay,Number of Delayed Months,Credit Limit
13114,0,0.2196360120410634,78,Medium,Credit Utilization,Average Bill Amount,Payment-to-Bill Ratio
10762,1,0.1329070405104143,87,Medium,BILL_AMT1,PAY_AMT2,BILL_AMT5
29098,0,0.1155171296404228,88,Medium,Credit Utilization,BILL_AMT3,Payment-to-Bill Ratio
15064,0,0.1233394905260848,88,Medium,BILL_AMT1,PAY_AMT6,PAY_AMT2
5016,0,0.1308912472357044,87,Medium,Payment Trend,BILL_AMT1,Number of Delayed Months
248,0,0.0722755276973983,93,Low,PAY_AMT6,PAY_AMT1,Payment-to-Bill Ratio
19782,0,0.2788114216261406,72,High,BILL_AMT1,PAY_AMT3,Average Payment Amount
9014,0,0.1848281587762047,82,Medium,Credit Limit,Credit Utilization,PAY_AMT2
13991,0,0.1362250719336165,86,Medium,BILL_AMT5,PAY_AMT3,Average Payment Amount
14154,0,0.1845099426243005,82,Medium,Credit Limit,BILL_AMT1,BILL_AMT3
18647,0,0.1795080084201234,82,Medium,Payment-to-Bill Ratio,Credit Utilization,Average Bill Amount
13390,0,0.1903295011522628,81,Medium,Maximum Payment Delay,Average Payment Delay,Number of Delayed Months
1243,0,0.1221965455914778,88,Medium,BILL_AMT1,Bill Balance Trend,BILL_AMT5
23737,1,0.1698874800119798,83,Medium,PAY_AMT3,BILL_AMT1,BILL_AMT5
29978,0,0.0487132456207459,95,Low,Bill Balance Trend,Payment Trend,BILL_AMT3
7270,0,0.0895445693461061,91,Low,PAY_AMT3,PAY_AMT4,Payment Trend
21341,0,0.2648282918535309,74,High,Maximum Payment Delay,Credit Limit,Credit Utilization
21936,0,0.096869047977827,90,Low,Credit Utilization,BILL_AMT3,Payment Trend
14951,1,0.7241766935252993,28,High,Recent Payment Status,Maximum Payment Delay,Average Payment Delay
11972,1,0.3215354845198955,68,High,Maximum Payment Delay,Credit Limit,Number of Delayed Months
10887,0,0.0727780110662651,93,Low,Bill Balance Trend,PAY_AMT1,BILL_AMT4
26407,0,0.1413666046093512,86,Medium,Maximum Payment Delay,Number of Delayed Months,Payment Trend
2827,0,0.0497491115199502,95,Low,BILL_AMT1,Bill Balance Trend,Payment Trend
10002,0,0.336373953119307,66,High,BILL_AMT1,Average Payment Amount,Average Bill Amount
28084,0,0.1359020948327386,86,Medium,Bill Balance Trend,BILL_AMT1,PAY_AMT2
4209,0,0.6626208915764891,34,High,Recent Payment Status,Maximum Payment Delay,Average Payment Delay
20665,1,0.3198130711055536,68,High,Maximum Payment Delay,Credit Utilization,Payment-to-Bill Ratio
16749,0,0.6978547476558289,30,High,Recent Payment Status,Maximum Payment Delay,Average Payment Delay
15514,1,0.0595426712498444,94,Low,Credit Utilization,Payment-to-Bill Ratio,BILL_AMT3
18460,0,0.294577773043112,71,High,Maximum Payment Delay,Bill Balance Trend,Credit Utilization
5685,0,0.1451888277876869,85,Medium,Maximum Payment Delay,Bill Balance Trend,Number of Delayed Months
4683,0,0.0865683534466719,91,Low,PAY_AMT3,BILL_AMT1,BILL_AMT5
14767,1,0.1055896915166722,89,Medium,BILL_AMT5,BILL_AMT1,PAY_AMT6
14875,0,0.1666845372692821,83,Medium,BILL_AMT5,Payment-to-Bill Ratio,PAY_AMT2
19287,0,0.1211502810849039,88,Medium,Credit Utilization,Payment-to-Bill Ratio,Average Bill Amount
11515,0,0.1219585494944439,88,Medium,Credit Utilization,Payment Trend,Average Bill Amount
24887,1,0.1216093040619891,88,Medium,Credit Utilization,PAY_AMT3,BILL_AMT6
22989,0,0.0401227744944753,96,Low,PAY_AMT4,Payment Trend,Average Bill Amount
9982,0,0.1067954117452325,89,Medium,BILL_AMT1,BILL_AMT5,Payment Trend
24790,0,0.2518675946272383,75,High,Credit Limit,Credit Utilization,Bill Balance Trend
18625,0,0.1091996889923626,89,Medium,Credit Limit,Bill Balance Trend,PAY_AMT1
27652,0,0.121419217957444,88,Medium,PAY_AMT3,BILL_AMT5,Credit Limit
29671,0,0.680300118686362,32,High,Recent Payment Status,Maximum Payment Delay,Average Payment Delay
9681,0,0.6185202759987706,38,High,Recent Payment Status,Maximum Payment Delay,Number of Delayed Months
29070,0,0.060312099678802,94,Low,BILL_AMT1,Payment Trend,PAY_AMT6
10821,0,0.1095818126087013,89,Medium,Credit Utilization,BILL_AMT3,Credit Limit
19574,0,0.2209700692176021,78,Medium,Maximum Payment Delay,Credit Utilization,Number of Delayed Months
4969,0,0.1413127163824871,86,Medium,Credit Limit,Bill Balance Trend,Payment Trend
28887,0,0.2409585498119247,76,Medium,BILL_AMT1,PAY_AMT3,BILL_AMT5
28163,0,0.120495572603647,88,Medium,PAY_AMT3,BILL_AMT5,Average Payment Amount
19043,1,0.7096985606136755,29,High,Recent Payment Status,Maximum Payment Delay,Average Payment Delay
2431,1,0.2746716918151677,73,High,BILL_AMT1,PAY_AMT3,Average Payment Amount
29968,0,0.2780300576496756,72,High,Maximum Payment Delay,Number of Delayed Months,Credit Utilization
27060,1,0.1376680238568414,86,Medium,BILL_AMT1,Bill Balance Trend,PAY_AMT1
9230,0,0.0494783230270682,95,Low,Bill Balance Trend,Average Bill Amount,Payment Trend
18247,0,0.3530449496166012,65,High,Maximum Payment Delay,Credit Utilization,Number of Delayed Months
21002,1,0.5820887421591674,42,High,Recent Payment Status,Maximum Payment Delay,Number of Delayed Months
93,0,0.0872989272831971,91,Low,PAY_AMT3,BILL_AMT5,PAY_AMT6
12811,1,0.6202489263347792,38,High,Average Payment Delay,Maximum Payment Delay,Number of Delayed Months
28248,0,0.158373673285196,84,Medium,PAY_AMT3,Credit Limit,Average Payment Amount
20366,0,0.1277482720061462,87,Medium,Credit Limit,Credit Utilization,PAY_AMT2
11290,0,0.1108633375779846,89,Medium,PAY_AMT3,BILL_AMT1,Average Payment Amount
14471,1,0.6981305146516159,30,High,Recent Payment Status,Maximum Payment Delay,Average Payment Delay
16659,0,0.1723651209028021,83,Medium,Credit Utilization,Credit Limit,BILL_AMT3
1213,1,0.1635840651081387,84,Medium,BILL_AMT1,Payment Trend,PAY_AMT2
26644,1,0.7089910952424994,29,High,Recent Payment Status,Maximum Payment Delay,Average Payment Delay
19758,0,0.3293126245446733,67,High,Maximum Payment Delay,Number of Delayed Months,Average Payment Delay
29913,0,0.1072206640113372,89,Medium,PAY_AMT3,BILL_AMT5,BILL_AMT1
266,0,0.1825808602782754,82,Medium,BILL_AMT1,PAY_AMT3,BILL_AMT5
6223,0,0.1063595438284699,89,Medium,Credit Limit,Payment Trend,PAY_AMT1
6538,0,0.1086518210185212,89,Medium,BILL_AMT2,PAY_AMT4,Total Payment Amount
20449,0,0.0658239569926461,93,Low,PAY_AMT5,Average Bill Amount,BILL_AMT5
28957,0,0.1439153824863109,86,Medium,BILL_AMT1,Payment Trend,PAY_AMT4
749,1,0.1367325245834727,86,Medium,Maximum Payment Delay,Recent Payment Status,Number of Delayed Months
19541,0,0.0493492665490895,95,Low,Education: Other,Payment Trend,Payment Status Month 4
21107,0,0.0774043062156732,92,Low,Credit Utilization,PAY_AMT1,BILL_AMT3
7841,0,0.1086584267682832,89,Medium,BILL_AMT1,Payment Trend,PAY_AMT2
19500,0,0.45406248397579,55,High,PAY_AMT3,Average Payment Amount,BILL_AMT1
1706,1,0.5498726362054378,45,High,Maximum Payment Delay,Average Payment Delay,Number of Delayed Months
26837,0,0.0705556071849359,93,Low,PAY_AMT6,Bill Balance Trend,BILL_AMT5
27896,0,0.1659795405243197,83,Medium,Credit Utilization,Payment Trend,Bill Balance Trend
19502,0,0.0582779821589561,94,Low,BILL_AMT1,Bill Balance Trend,PAY_AMT6
22607,0,0.6256836400501201,37,High,Recent Payment Status,Maximum Payment Delay,Number of Delayed Months
24726,0,0.1615074335912205,84,Medium,BILL_AMT1,BILL_AMT5,Average Bill Amount
29444,0,0.0705640838880457,93,Low,PAY_AMT3,BILL_AMT1,PAY_AMT4
27222,1,0.7207941438591026,28,High,Recent Payment Status,Maximum Payment Delay,Average Payment Delay
11115,0,0.3744294411465567,63,High,Credit Limit,BILL_AMT5,PAY_AMT3
19977,0,0.0864586349379708,91,Low,PAY_AMT6,BILL_AMT5,Number of Delayed Months
4832,1,0.0852474462084422,91,Low,Payment-to-Bill Ratio,BILL_AMT3,PAY_AMT5
22334,0,0.0590915565686342,94,Low,PAY_AMT2,PAY_AMT1,BILL_AMT3
1449,0,0.2122706735258603,79,Medium,Credit Limit,Credit Utilization,PAY_AMT2
27702,1,0.6525469453986251,35,High,Recent Payment Status,Maximum Payment Delay,Average Payment Delay
5778,0,0.0757080745035559,92,Low,Credit Utilization,BILL_AMT3,BILL_AMT4
12988,0,0.0768282145695627,92,Low,BILL_AMT5,Average Payment Amount,PAY_AMT3
19366,0,0.0845126649290852,92,Low,Payment Trend,BILL_AMT1,Average Bill Amount
4763,1,0.6273161748088053,37,High,Recent Payment Status,Maximum Payment Delay,Number of Delayed Months
26591,0,0.1279781005251825,87,Medium,Credit Utilization,BILL_AMT3,BILL_AMT4
2182,0,0.1417264515333134,86,Medium,BILL_AMT1,BILL_AMT5,PAY_AMT1
4285,1,0.1058895588801606,89,Medium,PAY_AMT2,Payment-to-Bill Ratio,Average Payment Amount
876,0,0.2941082322376588,71,High,Maximum Payment Delay,Credit Utilization,Credit Limit
23332,0,0.0455912785687645,95,Low,Payment-to-Bill Ratio,Average Bill Amount,Education: University
6351,0,0.2105253382188007,79,Medium,BILL_AMT1,Average Bill Amount,PAY_AMT2
25589,0,0.0871183495172154,91,Low,Credit Utilization,PAY_AMT3,PAY_AMT2
18771,1,0.4187985779119695,58,High,Maximum Payment Delay,BILL_AMT1,Number of Delayed Months
10773,0,0.3925514829900298,61,High,Maximum Payment Delay,Number of Delayed Months,Credit Limit
18409,0,0.1034691816505539,90,Medium,Credit Limit,PAY_AMT6,Payment-to-Bill Ratio
2710,0,0.1525736438259326,85,Medium,Credit Limit,BILL_AMT5,Average Payment Amount
7585,0,0.4543859064797098,55,High,Average Payment Delay,Maximum Payment Delay,Number of Delayed Months
19249,1,0.527246407587201,47,High,Maximum Payment Delay,Average Payment Delay,Number of Delayed Months
20051,0,0.3943774734584136,61,High,Maximum Payment Delay,Credit Limit,BILL_AMT1
13505,1,0.3605349923801813,64,High,Maximum Payment Delay,Number of Delayed Months,Credit Limit
27654,1,0.6497975099405024,35,High,Recent Payment Status,Maximum Payment Delay,Number of Delayed Months
9080,0,0.470349060519164,53,High,Maximum Payment Delay,Number of Delayed Months,Credit Utilization
15309,0,0.5614508399231959,44,High,Average Payment Delay,Maximum Payment Delay,Number of Delayed Months
12390,0,0.2535973390792899,75,High,Credit Limit,Bill Balance Trend,PAY_AMT2
16766,0,0.2108521214897354,79,Medium,Credit Limit,Credit Utilization,Bill Balance Trend
4166,1,0.3966787841136734,60,High,Maximum Payment Delay,Average Payment Delay,Number of Delayed Months
20679,1,0.0933676219370052,91,Low,BILL_AMT5,Average Payment Amount,PAY_AMT3
10823,1,0.7093196474757649,29,High,Recent Payment Status,Maximum Payment Delay,Average Payment Delay
18310,0,0.1910224101658154,81,Medium,PAY_AMT3,BILL_AMT1,BILL_AMT5
29390,0,0.2156644379817743,78,Medium,Credit Limit,Credit Utilization,Bill Balance Trend
28219,0,0.2078384808062066,79,Medium,Credit Limit,BILL_AMT5,Credit Utilization
1580,0,0.1037656001481899,90,Medium,BILL_AMT1,PAY_AMT2,PAY_AMT4
1943,0,0.1168575084139033,88,Medium,Bill Balance Trend,PAY_AMT2,Average Payment Amount
4102,0,0.0620863534622739,94,Low,BILL_AMT1,PAY_AMT2,PAY_AMT1
8004,0,0.139679441162732,86,Medium,BILL_AMT1,PAY_AMT3,PAY_AMT6
10370,1,0.6542623273811966,35,High,Recent Payment Status,Maximum Payment Delay,Number of Delayed Months
28748,0,0.723433409139734,28,High,Recent Payment Status,Maximum Payment Delay,Average Payment Delay
13801,0,0.6238542435740387,38,High,Recent Payment Status,Maximum Payment Delay,Number of Delayed Months
9973,1,0.0973301186527783,90,Low,PAY_AMT3,BILL_AMT1,Average Payment Amount
6970,0,0.2082030905089349,79,Medium,PAY_AMT3,BILL_AMT1,Payment Trend
936,0,0.1626256254987903,84,Medium,Credit Limit,BILL_AMT5,PAY_AMT3
17532,0,0.2659343005640897,73,High,PAY_AMT3,BILL_AMT1,Average Payment Amount
13203,0,0.170920548169147,83,Medium,Credit Limit,PAY_AMT2,Average Payment Amount
12775,1,0.6874349941780276,31,High,Recent Payment Status,Maximum Payment Delay,Average Payment Delay
2380,0,0.0731981896676402,93,Low,Payment-to-Bill Ratio,Bill Balance Trend,Average Bill Amount
3157,1,0.5439113170925254,46,High,Average Payment Delay,Maximum Payment Delay,Number of Delayed Months
10371,0,0.1214323518235012,88,Medium,PAY_AMT3,BILL_AMT1,BILL_AMT3
18548,0,0.1065336842387599,89,Medium,BILL_AMT1,PAY_AMT6,Average Bill Amount
15744,0,0.1047841269747099,90,Medium,BILL_AMT1,PAY_AMT6,PAY_AMT2
5423,1,0.0938056807669727,91,Low,Bill Balance Trend,BILL_AMT3,PAY_AMT1
25655,0,0.1298577140290453,87,Medium,Average Payment Amount,BILL_AMT1,Bill Balance Trend
7083,1,0.556254072709439,44,High,Maximum Payment Delay,Average Payment Delay,Credit Limit
15936,1,0.6861573005780389,31,High,Recent Payment Status,Maximum Payment Delay,Average Payment Delay
9090,1,0.4894073521909898,51,High,Recent Payment Status,Maximum Payment Delay,Number of Delayed Months
797,0,0.33480813623873,67,High,PAY_AMT3,Average Payment Amount,BILL_AMT1
14976,1,0.2289823144628114,77,Medium,BILL_AMT5,PAY_AMT3,Average Payment Amount
9623,0,0.1733439222507546,83,Medium,Credit Limit,PAY_AMT3,PAY_AMT2
22057,0,0.327192372414004,67,High,Maximum Payment Delay,Number of Delayed Months,Credit Limit
13862,1,0.0641156952920925,94,Low,Payment Trend,Credit Utilization,BILL_AMT3
17535,0,0.0816112766489261,92,Low,BILL_AMT1,Average Bill Amount,BILL_AMT5
17617,0,0.1490674244113499,85,Medium,BILL_AMT1,PAY_AMT2,PAY_AMT1
9350,0,0.1037577129368184,90,Medium,PAY_AMT6,BILL_AMT1,Payment-to-Bill Ratio
6151,1,0.0732473699729698,93,Low,BILL_AMT2,Average Payment Amount,Bill Balance Trend
20883,0,0.0462320362707033,95,Low,BILL_AMT5,Payment Trend,BILL_AMT4
25893,0,0.2746537193237541,73,High,Maximum Payment Delay,Number of Delayed Months,Average Payment Delay
14199,0,0.1363262897497827,86,Medium,Payment Trend,Credit Limit,PAY_AMT6
17305,1,0.6069945276371347,39,High,Recent Payment Status,Maximum Payment Delay,Number of Delayed Months
667,0,0.2297304920321811,77,Medium,Maximum Payment Delay,Credit Utilization,Number of Delayed Months
14289,1,0.6748051513522298,33,High,Recent Payment Status,Maximum Payment Delay,Average Payment Delay
14801,1,0.2204887227887141,78,Medium,PAY_AMT3,BILL_AMT1,BILL_AMT5
4874,0,0.0924962637803797,91,Low,Maximum Payment Delay,Number of Delayed Months,PAY_AMT4
15010,0,0.4033762038562862,60,High,Maximum Payment Delay,Credit Utilization,Number of Delayed Months
20087,0,0.1678987626015727,83,Medium,PAY_AMT3,PAY_AMT2,BILL_AMT5
28771,1,0.4243285648970918,58,High,PAY_AMT3,Average Payment Amount,Number of Delayed Months
27903,0,0.1565249103517996,84,Medium,Credit Utilization,Credit Limit,BILL_AMT3
4872,0,0.0975854719309567,90,Low,Credit Utilization,PAY_AMT1,BILL_AMT3
23313,0,0.1370798074017624,86,Medium,PAY_AMT3,BILL_AMT1,Average Payment Amount
25730,0,0.0579434502422374,94,Low,Bill Balance Trend,PAY_AMT1,Total Payment Amount
15542,0,0.1507599291392249,85,Medium,BILL_AMT1,BILL_AMT5,Average Payment Amount
24027,0,0.2757135551134994,72,High,Maximum Payment Delay,Number of Delayed Months,PAY_AMT3
5415,0,0.1251727977116439,87,Medium,Credit Utilization,Payment-to-Bill Ratio,BILL_AMT3
2330,0,0.1311553680786384,87,Medium,Credit Utilization,Payment-to-Bill Ratio,BILL_AMT3
10104,0,0.1629397366322774,84,Medium,PAY_AMT3,BILL_AMT1,BILL_AMT5
4270,1,0.1889777359400969,81,Medium,Credit Utilization,Credit Limit,PAY_AMT2
24092,0,0.1639474324898145,84,Medium,Credit Limit,Payment Trend,Credit Utilization
23279,0,0.1515983961428323,85,Medium,BILL_AMT1,Payment Trend,BILL_AMT5
11603,0,0.2217576836584849,78,Medium,Credit Limit,Credit Utilization,PAY_AMT6
15461,0,0.1435800410055003,86,Medium,Credit Utilization,BILL_AMT3,Payment-to-Bill Ratio
16586,0,0.0399725601698222,96,Low,BILL_AMT3,Education: Other,Payment Status Month 4
4210,0,0.1187494876994589,88,Medium,Payment Status Month 4,Credit Limit,Payment Trend
22739,0,0.163191839578796,84,Medium,Credit Utilization,Payment-to-Bill Ratio,BILL_AMT3
14966,0,0.1652693273694595,83,Medium,BILL_AMT5,Credit Limit,Average Payment Amount
25820,0,0.1006995656494341,90,Medium,PAY_AMT3,PAY_AMT6,Average Payment Amount
10696,1,0.7072884230440831,29,High,Recent Payment Status,Maximum Payment Delay,Average Payment Delay
28243,1,0.6656059257907966,33,High,Recent Payment Status,Maximum Payment Delay,Number of Delayed Months
11968,0,0.1212198470860189,88,Medium,Credit Limit,BILL_AMT1,Average Bill Amount
26491,0,0.3787812252238836,62,High,Maximum Payment Delay,Number of Delayed Months,Credit Limit
4777,0,0.1108514425520816,89,Medium,Credit Utilization,Payment-to-Bill Ratio,BILL_AMT3
20845,0,0.2549505189777293,75,High,Credit Limit,BILL_AMT5,PAY_AMT3
4812,1,0.1629781758851677,84,Medium,Credit Utilization,Credit Limit,PAY_AMT6
8814,0,0.0694459617589271,93,Low,PAY_AMT5,BILL_AMT3,Average Bill Amount
29522,0,0.0887214107314487,91,Low,BILL_AMT1,Average Bill Amount,Bill Balance Trend
1384,0,0.0403804632348908,96,Low,Payment Trend,BILL_AMT6,BILL_AMT4
7613,0,0.0525444236768829,95,Low,PAY_AMT1,Payment-to-Bill Ratio,BILL_AMT4
3848,0,0.1088970923203049,89,Medium,Credit Utilization,Payment-to-Bill Ratio,BILL_AMT3
7856,0,0.1921715503646714,81,Medium,Credit Limit,Credit Utilization,PAY_AMT2
4863,1,0.6736774178768523,33,High,Recent Payment Status,Maximum Payment Delay,Average Payment Delay
2072,0,0.688807695656464,31,High,Recent Payment Status,Maximum Payment Delay,Average Payment Delay
3663,0,0.0924644824675623,91,Low,BILL_AMT1,Payment Trend,PAY_AMT3
7576,0,0.0693824317031069,93,Low,Credit Utilization,Bill Balance Trend,BILL_AMT3
27191,0,0.692213297342401,31,High,Recent Payment Status,Maximum Payment Delay,Payment-to-Bill Ratio
9011,0,0.1181121118741397,88,Medium,BILL_AMT1,PAY_AMT1,PAY_AMT2
5828,1,0.0540537376935999,95,Low,PAY_AMT6,PAY_AMT1,Payment Status Month 6
9510,0,0.1054202580400032,89,Medium,Credit Utilization,PAY_AMT2,Credit Limit
8228,1,0.1116264163253767,89,Medium,Credit Utilization,BILL_AMT4,Payment-to-Bill Ratio
27850,0,0.6052594908825182,39,High,Recent Payment Status,Maximum Payment Delay,Number of Delayed Months
3065,0,0.0552779266470865,94,Low,Payment-to-Bill Ratio,Bill Balance Trend,BILL_AMT3
23173,0,0.1956619878478092,80,Medium,BILL_AMT1,Credit Limit,BILL_AMT5
7750,1,0.0548074975823436,95,Low,PAY_AMT5,PAY_AMT2,Payment Status Month 6
21565,0,0.4920063116620967,51,High,Average Payment Delay,Maximum Payment Delay,Number of Delayed Months
12269,1,0.6107689490135929,39,High,Recent Payment Status,Maximum Payment Delay,Number of Delayed Months
1666,0,0.1501892643425947,85,Medium,Credit Limit,BILL_AMT5,PAY_AMT6
24817,0,0.1013737732985456,90,Medium,Credit Utilization,Average Bill Amount,BILL_AMT3
23113,0,0.1897421663531395,81,Medium,Maximum Payment Delay,Number of Delayed Months,Payment Trend
19292,1,0.1538098602732465,85,Medium,PAY_AMT3,BILL_AMT5,PAY_AMT6
16903,0,0.2237444889555614,78,Medium,Credit Limit,Bill Balance Trend,Credit Utilization
2495,1,0.3935610852158455,61,High,Maximum Payment Delay,Number of Delayed Months,Credit Limit
20867,0,0.6053067735550711,39,High,Average Payment Delay,Maximum Payment Delay,Number of Delayed Months
23356,1,0.6988080723047169,30,High,Recent Payment Status,Maximum Payment Delay,Number of Delayed Months
24304,1,0.5275438848107471,47,High,Recent Payment Status,Maximum Payment Delay,Payment Trend
26971,1,0.4237398280779317,58,High,Maximum Payment Delay,Credit Limit,Average Payment Delay
14504,1,0.2134383084650035,79,Medium,Maximum Payment Delay,Number of Delayed Months,Credit Limit
8657,0,0.5935131306723438,41,High,Maximum Payment Delay,Recent Payment Status,Number of Delayed Months
17112,0,0.5228903407330413,48,High,Maximum Payment Delay,Credit Limit,BILL_AMT5
21037,0,0.4004361059416612,60,High,Maximum Payment Delay,Credit Utilization,Number of Delayed Months
24066,0,0.220277589516044,78,Medium,Credit Limit,Payment Trend,PAY_AMT6
13707,0,0.1361168825956406,86,Medium,Credit Utilization,Credit Limit,PAY_AMT1
13050,1,0.3490057311265255,65,High,Maximum Payment Delay,Credit Utilization,Number of Delayed Months
8478,0,0.0707881243239886,93,Low,BILL_AMT2,PAY_AMT1,Payment Trend
5595,0,0.3435221914571653,66,High,BILL_AMT5,PAY_AMT3,Number of Delayed Months
20056,0,0.2125938581184627,79,Medium,PAY_AMT3,BILL_AMT1,Average Payment Amount
8302,0,0.1275107018516226,87,Medium,PAY_AMT3,Payment Trend,PAY_AMT2
7777,1,0.4458026334187404,55,High,PAY_AMT3,Average Payment Amount,BILL_AMT1
1972,1,0.3785405707886036,62,High,Maximum Payment Delay,Number of Delayed Months,Credit Limit
15280,1,0.6246558013481005,38,High,Average Payment Delay,Maximum Payment Delay,Number of Delayed Months
2777,1,0.6690028561674818,33,High,Recent Payment Status,Maximum Payment Delay,Average Payment Delay
29494,0,0.6830037042415995,32,High,Recent Payment Status,Maximum Payment Delay,Average Payment Delay
2195,0,0.1688165577442944,83,Medium,Payment Trend,BILL_AMT5,PAY_AMT4
19772,0,0.0835109876416963,92,Low,Bill Balance Trend,Payment Trend,BILL_AMT1
29279,1,0.0912833293221552,91,Low,BILL_AMT5,Bill Balance Trend,PAY_AMT6
14968,0,0.1725511453427789,83,Medium,Credit Limit,PAY_AMT2,Credit Utilization
25905,1,0.4816778000812651,52,High,Maximum Payment Delay,Average Payment Delay,Number of Delayed Months
15874,0,0.078150345597523,92,Low,Payment Trend,Bill Balance Trend,Credit Utilization
10556,0,0.073474781790753,93,Low,Payment Trend,PAY_AMT4,BILL_AMT3
26723,0,0.0805566636919218,92,Low,BILL_AMT1,PAY_AMT3,PAY_AMT2
20991,0,0.2965376810733797,70,High,Maximum Payment Delay,Average Payment Delay,Number of Delayed Months
4088,0,0.2521525992988978,75,High,Credit Utilization,Payment-to-Bill Ratio,Bill Balance Trend
17544,0,0.1564881048298132,84,Medium,Credit Limit,Payment Trend,BILL_AMT5
13007,0,0.2493694393157143,75,Medium,BILL_AMT1,Average Bill Amount,Average Payment Amount
9192,0,0.3869471716278145,61,High,Recent Payment Status,BILL_AMT5,Maximum Payment Delay
6353,0,0.6764185164351314,32,High,Recent Payment Status,Maximum Payment Delay,Average Payment Delay
18906,0,0.1597870448504894,84,Medium,PAY_AMT3,BILL_AMT1,BILL_AMT5
14884,1,0.7050669006683634,29,High,Recent Payment Status,Maximum Payment Delay,Average Payment Delay
29884,0,0.1032928929875556,90,Medium,Credit Utilization,Payment-to-Bill Ratio,Bill Balance Trend
26058,1,0.6205256309940553,38,High,Recent Payment Status,Maximum Payment Delay,Number of Delayed Months
28806,0,0.039476474811225,96,Low,Average Bill Amount,Bill Balance Trend,PAY_AMT4
12154,0,0.18458517118793,82,Medium,BILL_AMT1,Bill Balance Trend,PAY_AMT6
5050,0,0.3044851381033572,70,High,Maximum Payment Delay,Number of Delayed Months,Credit Utilization
17005,0,0.672527954795357,33,High,Recent Payment Status,Maximum Payment Delay,Average Payment Delay
21657,0,0.0612890507325667,94,Low,Credit Utilization,Average Bill Amount,BILL_AMT3
24582,0,0.0885103729670642,91,Low,Credit Limit,PAY_AMT1,Education: Other
28946,0,0.1370409648923291,86,Medium,BILL_AMT1,Average Payment Amount,BILL_AMT5
6499,0,0.1429335976330008,86,Medium,BILL_AMT1,Average Payment Amount,PAY_AMT6
22241,0,0.228948281339327,77,Medium,BILL_AMT1,PAY_AMT3,Credit Limit
12770,0,0.0968983216083309,90,Low,Credit Utilization,Credit Limit,BILL_AMT4
4253,0,0.1660671915259141,83,Medium,Maximum Payment Delay,Number of Delayed Months,Bill Balance Trend
18995,0,0.0881923912238378,91,Low,Credit Utilization,BILL_AMT3,BILL_AMT2
13996,0,0.1418976133321958,86,Medium,PAY_AMT3,BILL_AMT1,Average Payment Amount
23564,0,0.0594643924020749,94,Low,PAY_AMT3,PAY_AMT4,Average Payment Amount
4350,0,0.6377755883812086,36,High,Recent Payment Status,Maximum Payment Delay,Number of Delayed Months
27592,0,0.3477499933948533,65,High,Maximum Payment Delay,Number of Delayed Months,Credit Utilization
19225,0,0.107401223217502,89,Medium,PAY_AMT4,Payment Trend,Payment-to-Bill Ratio
26426,0,0.0699115073179339,93,Low,Payment-to-Bill Ratio,BILL_AMT4,PAY_AMT1
12661,0,0.4077534162631375,59,High,PAY_AMT3,Average Payment Amount,BILL_AMT1
22175,0,0.1313641493988518,87,Medium,Credit Utilization,Credit Limit,Payment Trend
21315,1,0.2646377458930237,74,High,PAY_AMT3,Average Payment Amount,BILL_AMT5
8715,0,0.255698461295589,74,High,Credit Utilization,Payment Trend,Credit Limit
6096,0,0.0623490446300314,94,Low,BILL_AMT5,PAY_AMT4,PAY_AMT6
13210,1,0.3514999317886603,65,High,Maximum Payment Delay,Credit Limit,Number of Delayed Months
17427,0,0.3187709521916191,68,High,Maximum Payment Delay,Credit Limit,Number of Delayed Months
17244,0,0.1297759871164576,87,Medium,Credit Utilization,BILL_AMT3,Average Bill Amount
21246,0,0.0928408362644352,91,Low,Credit Limit,Payment Trend,Average Payment Amount
233,0,0.2173862375216633,78,Medium,PAY_AMT4,Credit Limit,Credit Utilization
19025,0,0.1148569549406335,89,Medium,PAY_AMT3,BILL_AMT5,Average Payment Amount
975,1,0.2047775061726951,80,Medium,Credit Utilization,Payment-to-Bill Ratio,BILL_AMT3
22452,0,0.0760957234488266,92,Low,Credit Utilization,Payment Trend,Bill Balance Trend
22264,0,0.1508985944954059,85,Medium,BILL_AMT1,PAY_AMT2,Payment Trend
15718,0,0.0750465878998117,92,Low,BILL_AMT1,Bill Balance Trend,Average Bill Amount
23520,0,0.312183618172946,69,High,Maximum Payment Delay,PAY_AMT3,BILL_AMT1
7778,1,0.0565694218627592,94,Low,Payment-to-Bill Ratio,BILL_AMT3,PAY_AMT2
14753,0,0.0426623964114658,96,Low,Payment Trend,BILL_AMT3,Payment Status Month 4
23202,0,0.0400105950861341,96,Low,Average Payment Amount,Total Payment Amount,Payment-to-Bill Ratio
20456,0,0.1434790708654262,86,Medium,Credit Limit,Credit Utilization,PAY_AMT1
4907,0,0.382257317462475,62,High,PAY_AMT3,Average Payment Amount,BILL_AMT1
21393,1,0.5515765603031916,45,High,Average Payment Delay,Maximum Payment Delay,Number of Delayed Months
159,1,0.3266523379787003,67,High,Recent Payment Status,Maximum Payment Delay,Number of Delayed Months
26857,1,0.4092850640575522,59,High,PAY_AMT3,Average Payment Amount,BILL_AMT1
15167,0,0.1154477486008823,88,Medium,BILL_AMT1,Average Bill Amount,BILL_AMT5
12370,1,0.6697131153537169,33,High,Recent Payment Status,Maximum Payment Delay,Average Payment Delay
26559,1,0.1502882359611843,85,Medium,Credit Utilization,Credit Limit,Bill Balance Trend
5440,0,0.6678898053825431,33,High,Recent Payment Status,Maximum Payment Delay,Average Payment Delay
7182,0,0.1797643179198568,82,Medium,Maximum Payment Delay,Payment Trend,Number of Delayed Months
20908,0,0.0943329047951074,91,Low,Bill Balance Trend,BILL_AMT4,PAY_AMT1
3400,1,0.151543338760475,85,Medium,Credit Limit,PAY_AMT2,PAY_AMT6
9022,0,0.0657829984878764,93,Low,BILL_AMT1,BILL_AMT5,Average Bill Amount
2873,0,0.1484007261472126,85,Medium,BILL_AMT1,Average Payment Amount,Bill Balance Trend
27324,0,0.2598556472430073,74,High,Maximum Payment Delay,Credit Utilization,Number of Delayed Months
19848,0,0.4783698893658544,52,High,Recent Payment Status,Maximum Payment Delay,Number of Delayed Months
27581,1,0.6377851143692936,36,High,Recent Payment Status,Maximum Payment Delay,Average Payment Delay
8130,0,0.6630547045675312,34,High,Recent Payment Status,Maximum Payment Delay,Average Payment Delay
23912,0,0.0931388074576422,91,Low,Payment Trend,Credit Limit,Credit Utilization
29292,0,0.0650403051388622,93,Low,Credit Utilization,Bill Balance Trend,Average Payment Amount
21895,0,0.2484667462312983,75,Medium,Maximum Payment Delay,Credit Utilization,Credit Limit
24524,0,0.1105819595681111,89,Medium,BILL_AMT1,Number of Delayed Months,PAY_AMT2
28903,0,0.1783744648210969,82,Medium,Maximum Payment Delay,Number of Delayed Months,Credit Limit
2750,1,0.4237556277695374,58,High,PAY_AMT3,Average Payment Amount,Number of Delayed Months
9522,0,0.6234578606034065,38,High,Maximum Payment Delay,Recent Payment Status,Average Payment Delay
7228,1,0.0573289138958129,94,Low,PAY_AMT4,BILL_AMT4,Bill Balance Trend
29459,0,0.0527620437723539,95,Low,Payment Trend,Bill Balance Trend,PAY_AMT1
18672,0,0.2906257982384359,71,High,PAY_AMT3,BILL_AMT5,Average Payment Amount
11739,1,0.694553294173386,31,High,Recent Payment Status,Maximum Payment Delay,Average Payment Delay
28868,0,0.0517571286126449,95,Low,Bill Balance Trend,Payment Trend,BILL_AMT4
11933,0,0.1952718432193561,80,Medium,BILL_AMT1,PAY_AMT2,Bill Balance Trend
27482,1,0.1237233559092896,88,Medium,PAY_AMT3,BILL_AMT1,PAY_AMT2
10735,0,0.0902274010554494,91,Low,PAY_AMT6,PAY_AMT2,Average Bill Amount
2241,0,0.0644690658240872,94,Low,BILL_AMT5,BILL_AMT1,Payment Trend
23466,1,0.6460134584950049,35,High,Recent Payment Status,Maximum Payment Delay,Number of Delayed Months
27607,1,0.16424169023049,84,Medium,Credit Utilization,Credit Limit,Payment-to-Bill Ratio
13273,0,0.2870683750315686,71,High,Maximum Payment Delay,Number of Delayed Months,PAY_AMT2
23586,0,0.048886533943822,95,Low,PAY_AMT5,BILL_AMT3,BILL_AMT6
12604,1,0.6401490837761178,36,High,Recent Payment Status,Maximum Payment Delay,Number of Delayed Months
11398,1,0.1367831762543783,86,Medium,PAY_AMT3,BILL_AMT1,Average Payment Amount
15297,0,0.1165226939941863,88,Medium,BILL_AMT1,Number of Delayed Months,BILL_AMT5
21359,0,0.2458161954131831,75,Medium,Credit Utilization,Payment-to-Bill Ratio,BILL_AMT3
5478,0,0.155692086217741,84,Medium,Credit Utilization,Payment-to-Bill Ratio,BILL_AMT3
23164,0,0.0817931737505772,92,Low,Payment Trend,PAY_AMT6,Average Bill Amount
29773,0,0.0912001280420062,91,Low,Credit Utilization,Payment-to-Bill Ratio,Average Bill Amount
10651,0,0.0565891922382622,94,Low,Credit Utilization,BILL_AMT1,Average Payment Amount
11095,0,0.0835369569307573,92,Low,PAY_AMT4,Payment Trend,PAY_AMT6
26271,1,0.1045287975147145,90,Medium,BILL_AMT5,PAY_AMT5,BILL_AMT1
22344,0,0.0674502171833371,93,Low,Payment Trend,BILL_AMT4,PAY_AMT1
16027,1,0.678030365243672,32,High,Recent Payment Status,Maximum Payment Delay,Number of Delayed Months
22242,0,0.1455332647610641,85,Medium,PAY_AMT3,BILL_AMT1,Average Payment Amount
4188,1,0.184265618682166,82,Medium,Credit Utilization,Credit Limit,PAY_AMT2
14953,0,0.3946759369397618,61,High,PAY_AMT3,Average Payment Amount,Number of Delayed Months
5121,0,0.0679880214896521,93,Low,BILL_AMT3,PAY_AMT1,Payment-to-Bill Ratio
29977,1,0.5943898731974498,41,High,Recent Payment Status,Maximum Payment Delay,Average Payment Delay
26433,0,0.1005711116132416,90,Medium,BILL_AMT1,Bill Balance Trend,PAY_AMT6
15082,0,0.0792456404093784,92,Low,Credit Utilization,BILL_AMT3,Payment-to-Bill Ratio
23992,0,0.3462942033860998,65,High,Maximum Payment Delay,Credit Utilization,Number of Delayed Months
27987,0,0.0504538175950143,95,Low,Payment Trend,Payment Status Month 6,BILL_AMT4
3694,0,0.265838758555056,73,High,Maximum Payment Delay,Number of Delayed Months,Bill Balance Trend
28775,0,0.1402969647912572,86,Medium,BILL_AMT1,PAY_AMT6,Bill Balance Trend
29319,0,0.1973261280587816,80,Medium,Credit Utilization,Payment Trend,Bill Balance Trend
16995,1,0.6545206718600936,35,High,Recent Payment Status,Maximum Payment Delay,Number of Delayed Months
16470,1,0.6934818662786766,31,High,Recent Payment Status,Maximum Payment Delay,Average Payment Delay
20763,0,0.0630500138323498,94,Low,Payment Trend,PAY_AMT1,PAY_AMT2
24626,0,0.086044828017159,91,Low,PAY_AMT1,PAY_AMT5,BILL_AMT2
29526,0,0.1414489331250341,86,Medium,BILL_AMT1,Bill Balance Trend,PAY_AMT2
4029,0,0.1019348436009783,90,Medium,Credit Limit,Bill Balance Trend,Average Payment Amount
12378,0,0.1048176485346442,90,Medium,Payment Trend,Bill Balance Trend,PAY_AMT2
3583,0,0.0768708079066025,92,Low,BILL_AMT5,PAY_AMT4,Average Payment Amount
22373,0,0.0522246043447226,95,Low,Bill Balance Trend,BILL_AMT4,BILL_AMT3
19196,0,0.0995604557078357,90,Low,PAY_AMT4,Credit Limit,PAY_AMT6
22791,0,0.2511246471107728,75,High,Credit Limit,BILL_AMT5,Average Payment Amount
25918,0,0.0644325019369574,94,Low,PAY_AMT6,PAY_AMT1,PAY_AMT2
3004,1,0.6664704888494876,33,High,Recent Payment Status,Maximum Payment Delay,Number of Delayed Months
24767,0,0.042966482289125,96,Low,BILL_AMT3,BILL_AMT4,BILL_AMT6
18165,1,0.0780321463007353,92,Low,Credit Utilization,BILL_AMT3,Payment-to-Bill Ratio
6197,0,0.41209964391632,59,High,Maximum Payment Delay,Average Payment Delay,Number of Delayed Months
7454,0,0.2768854249208212,72,High,BILL_AMT5,PAY_AMT3,Credit Limit
22409,0,0.0743269144954107,93,Low,Credit Utilization,BILL_AMT3,BILL_AMT4
21488,0,0.1440006714808299,86,Medium,BILL_AMT1,Bill Balance Trend,PAY_AMT6
26453,0,0.090676021392619,91,Low,BILL_AMT1,BILL_AMT3,PAY_AMT1
4867,1,0.6802560811608328,32,High,Recent Payment Status,Maximum Payment Delay,Average Payment Delay
12499,0,0.116156811736078,88,Medium,Credit Limit,PAY_AMT6,PAY_AMT2
24157,0,0.1150936610155065,88,Medium,Credit Utilization,Credit Limit,PAY_AMT1
13851,0,0.0731061100202916,93,Low,PAY_AMT3,PAY_AMT2,PAY_AMT4
29600,0,0.0784355008226438,92,Low,Payment Trend,Average Bill Amount,PAY_AMT1
26163,0,0.0693785575705653,93,Low,Bill Balance Trend,BILL_AMT1,PAY_AMT6
13961,0,0.5549881555600154,45,High,Maximum Payment Delay,Average Payment Delay,Number of Delayed Months
8682,0,0.0793385902799752,92,Low,Credit Utilization,Average Bill Amount,PAY_AMT4
5626,0,0.133126729460896,87,Medium,Payment-to-Bill Ratio,Credit Utilization,Average Bill Amount
18257,1,0.6804745381657925,32,High,Maximum Payment Delay,Recent Payment Status,Average Payment Delay
13235,1,0.1996801081737333,80,Medium,Maximum Payment Delay,Number of Delayed Months,Bill Balance Trend
27676,0,0.6151696146202207,38,High,Recent Payment Status,Maximum Payment Delay,Number of Delayed Months
17650,1,0.7009367637288698,30,High,Recent Payment Status,Maximum Payment Delay,Average Payment Delay
5762,0,0.2068942735891517,79,Medium,Maximum Payment Delay,Number of Delayed Months,BILL_AMT1
11826,1,0.4224203055742933,58,High,PAY_AMT3,Average Payment Amount,Number of Delayed Months
18275,0,0.0918218743425025,91,Low,PAY_AMT3,PAY_AMT2,BILL_AMT2
26034,0,0.0701528314244648,93,Low,Payment Trend,PAY_AMT2,BILL_AMT3
10859,0,0.0891284614605696,91,Low,Credit Limit,Average Bill Amount,Average Payment Amount
2627,0,0.1135308234891825,89,Medium,Credit Limit,Payment Trend,PAY_AMT2
6487,1,0.5475026592756671,45,High,Recent Payment Status,Maximum Payment Delay,Number of Delayed Months
29104,0,0.078326670395301,92,Low,Credit Limit,PAY_AMT1,Education: Other
26473,1,0.1091795145197939,89,Medium,Credit Utilization,Credit Limit,PAY_AMT1
17695,0,0.1019406762656039,90,Medium,PAY_AMT3,BILL_AMT5,PAY_AMT2
25384,0,0.6467881731487566,35,High,Recent Payment Status,Maximum Payment Delay,Number of Delayed Months
28117,0,0.0618942524524264,94,Low,Bill Balance Trend,Payment Trend,PAY_AMT1
6161,1,0.4556557379617498,54,High,PAY_AMT3,Average Payment Amount,BILL_AMT1
12984,0,0.135543837867607,86,Medium,Credit Limit,Credit Utilization,PAY_AMT2
6671,0,0.1221554858286853,88,Medium,Bill Balance Trend,BILL_AMT5,Payment Trend
17901,0,0.4573727423025039,54,High,Maximum Payment Delay,Average Payment Delay,Number of Delayed Months
5089,0,0.0785617577190102,92,Low,BILL_AMT5,PAY_AMT2,PAY_AMT3
16834,0,0.5728448324722079,43,High,Average Payment Delay,Maximum Payment Delay,Number of Delayed Months
6415,0,0.280008974128323,72,High,PAY_AMT3,Number of Delayed Months,BILL_AMT1
10096,0,0.4643274057861841,54,High,Maximum Payment Delay,Average Payment Delay,Number of Delayed Months
28617,0,0.1868848984987186,81,Medium,Bill Balance Trend,Credit Limit,PAY_AMT6
7089,0,0.0637938297933075,94,Low,Credit Utilization,BILL_AMT3,BILL_AMT4
15901,0,0.1905478595591075,81,Medium,Credit Limit,Credit Utilization,PAY_AMT2
25245,0,0.2139989783179966,79,Medium,Payment Trend,BILL_AMT1,Credit Limit
14009,0,0.1293847631357174,87,Medium,Credit Utilization,PAY_AMT6,BILL_AMT3
16051,0,0.0577799722869469,94,Low,BILL_AMT5,Payment Trend,BILL_AMT4
20985,0,0.0412255567753461,96,Low,Payment Trend,Bill Balance Trend,Total Payment Amount
23416,1,0.6873186146037561,31,High,Recent Payment Status,Maximum Payment Delay,Average Payment Delay
9784,0,0.1937909470408857,81,Medium,BILL_AMT1,PAY_AMT2,BILL_AMT5
3537,0,0.6382391412977997,36,High,Recent Payment Status,Maximum Payment Delay,Number of Delayed Months
18281,0,0.2076742528201771,79,Medium,Maximum Payment Delay,Number of Delayed Months,PAY_AMT1
1532,0,0.0537283931685437,95,Low,Payment Trend,BILL_AMT4,Education: Other
28610,0,0.081011418217595,92,Low,Credit Limit,PAY_AMT6,BILL_AMT3
19295,0,0.1198247518491758,88,Medium,Credit Utilization,Average Bill Amount,BILL_AMT3
27712,0,0.0922989566737172,91,Low,Maximum Payment Delay,Number of Delayed Months,PAY_AMT2
25873,0,0.0843787610855191,92,Low,BILL_AMT1,Payment Trend,BILL_AMT3
12132,1,0.6447840280466856,36,High,Recent Payment Status,Maximum Payment Delay,Number of Delayed Months
3552,0,0.0670633318132165,93,Low,Bill Balance Trend,BILL_AMT5,BILL_AMT1
132,0,0.2185463590018656,78,Medium,PAY_AMT3,BILL_AMT1,Number of Delayed Months
17548,1,0.6799269779787797,32,High,Recent Payment Status,Maximum Payment Delay,Average Payment Delay
4791,1,0.5961899491062247,40,High,Recent Payment Status,Maximum Payment Delay,Average Payment Delay
18567,0,0.1503886512530438,85,Medium,Credit Utilization,BILL_AMT2,Average Bill Amount
8481,0,0.2244556060243098,78,Medium,Bill Balance Trend,BILL_AMT1,PAY_AMT2
2712,0,0.309626631652216,69,High,Maximum Payment Delay,Number of Delayed Months,PAY_AMT3
6574,0,0.1480785440281204,85,Medium,BILL_AMT5,PAY_AMT3,PAY_AMT2
25235,0,0.1314970530051439,87,Medium,Credit Utilization,PAY_AMT6,BILL_AMT3
22156,0,0.1269437466591015,87,Medium,Maximum Payment Delay,Number of Delayed Months,PAY_AMT3
24493,0,0.0668886938780743,93,Low,Payment-to-Bill Ratio,PAY_AMT1,BILL_AMT4
27796,0,0.1771504761650397,82,Medium,Maximum Payment Delay,Payment Trend,Number of Delayed Months
27624,1,0.6476909719838783,35,High,Recent Payment Status,Maximum Payment Delay,Average Payment Delay
18615,1,0.6463749122526676,35,High,Recent Payment Status,Maximum Payment Delay,Number of Delayed Months
28164,0,0.4811221124319232,52,High,Maximum Payment Delay,Average Payment Delay,Number of Delayed Months
23274,0,0.1200553635845732,88,Medium,BILL_AMT1,PAY_AMT6,Bill Balance Trend
3141,1,0.512555172240016,49,High,Average Payment Delay,Maximum Payment Delay,Number of Delayed Months
1814,0,0.6563423370161813,34,High,Recent Payment Status,Maximum Payment Delay,Average Payment Delay
11175,0,0.1201321951494307,88,Medium,BILL_AMT5,PAY_AMT3,PAY_AMT2
17449,1,0.0683093010806164,93,Low,PAY_AMT6,PAY_AMT5,PAY_AMT1
13196,1,0.3946759369397618,61,High,PAY_AMT3,Average Payment Amount,Number of Delayed Months
4656,0,0.1959240295742993,80,Medium,Maximum Payment Delay,Number of Delayed Months,Bill Balance Trend
10204,0,0.0715401735084067,93,Low,BILL_AMT4,BILL_AMT3,PAY_AMT1
16346,0,0.0403368039870938,96,Low,BILL_AMT3,BILL_AMT4,Average Bill Amount
9625,0,0.2923082380898508,71,High,BILL_AMT5,PAY_AMT3,Number of Delayed Months
14633,0,0.1814197784454483,82,Medium,Credit Limit,Credit Utilization,Bill Balance Trend
20772,0,0.1876423755101315,81,Medium,Credit Limit,PAY_AMT2,PAY_AMT6
9727,1,0.3043886791131569,70,High,BILL_AMT1,Average Payment Amount,PAY_AMT3
12666,0,0.1524645382251439,85,Medium,BILL_AMT1,Payment Trend,Number of Delayed Months
9448,0,0.2046046630186172,80,Medium,BILL_AMT1,BILL_AMT5,PAY_AMT2
7035,0,0.1511627534435771,85,Medium,Credit Utilization,Credit Limit,BILL_AMT3
20855,1,0.6751425254462134,32,High,Recent Payment Status,Maximum Payment Delay,Average Payment Delay
12057,0,0.1667740149392891,83,Medium,Credit Utilization,Credit Limit,BILL_AMT3
22335,0,0.0795189972807532,92,Low,Payment Trend,Bill Balance Trend,BILL_AMT1
23005,0,0.0825976387902552,92,Low,BILL_AMT1,PAY_AMT1,BILL_AMT5
16418,0,0.0832107963774745,92,Low,Credit Utilization,Average Bill Amount,BILL_AMT1
29960,0,0.0660591629637292,93,Low,PAY_AMT1,PAY_AMT6,BILL_AMT4
17253,0,0.6746779617220442,33,High,Recent Payment Status,Maximum Payment Delay,Average Payment Delay
5173,0,0.1046284978789693,90,Medium,PAY_AMT3,Number of Delayed Months,PAY_AMT6
2635,1,0.2595862824599208,74,High,PAY_AMT3,BILL_AMT1,PAY_AMT2
16543,1,0.7006215126648175,30,High,Maximum Payment Delay,Recent Payment Status,Average Payment Delay
19047,0,0.0451638162702972,95,Low,BILL_AMT4,Payment Status Month 4,Education: Other
19308,0,0.0809734419989727,92,Low,Payment Trend,Average Bill Amount,BILL_AMT3
2396,0,0.0802203613674952,92,Low,BILL_AMT3,PAY_AMT1,Payment-to-Bill Ratio
24163,0,0.1062944914711194,89,Medium,Credit Limit,Bill Balance Trend,PAY_AMT1
6017,0,0.2219581328193041,78,Medium,Credit Limit,BILL_AMT5,PAY_AMT2
21423,0,0.0471970225688165,95,Low,PAY_AMT4,Payment Trend,Bill Balance Trend
619,0,0.1323701455467837,87,Medium,Credit Utilization,Credit Limit,PAY_AMT1
10553,0,0.094477001616867,91,Low,Credit Utilization,Payment-to-Bill Ratio,Average Bill Amount
9555,0,0.3183405613487402,68,High,PAY_AMT3,Average Payment Amount,BILL_AMT1
18164,0,0.0657839421643055,93,Low,Bill Balance Trend,Payment Trend,BILL_AMT4
14215,1,0.2512989521518964,75,High,BILL_AMT5,PAY_AMT3,Average Payment Amount
21019,0,0.2271954235525275,77,Medium,Credit Limit,Credit Utilization,PAY_AMT2
18724,0,0.0732839099504643,93,Low,Average Payment Amount,Payment Trend,BILL_AMT5
3981,1,0.0503930361640617,95,Low,BILL_AMT4,PAY_AMT1,BILL_AMT3
16135,1,0.4088539148861914,59,High,Maximum Payment Delay,Number of Delayed Months,PAY_AMT3
29378,0,0.0745209519998815,93,Low,Credit Utilization,BILL_AMT3,Bill Balance Trend
18124,0,0.2404721136679472,76,Medium,Maximum Payment Delay,Number of Delayed Months,Credit Utilization
29140,0,0.0926534489505778,91,Low,Credit Utilization,BILL_AMT3,PAY_AMT2
9970,0,0.1272730732725995,87,Medium,Credit Utilization,Payment-to-Bill Ratio,BILL_AMT3
11539,0,0.3014399787486649,70,High,PAY_AMT3,BILL_AMT1,Number of Delayed Months
13742,1,0.0947412640036465,91,Low,Credit Limit,PAY_AMT1,BILL_AMT4
26232,0,0.1021162517791671,90,Medium,Credit Utilization,BILL_AMT3,Bill Balance Trend
15305,0,0.0969692435864555,90,Low,Credit Utilization,BILL_AMT3,BILL_AMT4
12447,0,0.0742297751972078,93,Low,BILL_AMT3,BILL_AMT1,Average Bill Amount
2615,0,0.0425055649124752,96,Low,BILL_AMT4,Bill Balance Trend,Payment Status Month 6
6497,0,0.3063587510641437,69,High,Bill Balance Trend,BILL_AMT1,Average Payment Amount
9515,0,0.1504826155541941,85,Medium,Payment-to-Bill Ratio,Credit Utilization,BILL_AMT4
9961,0,0.094300570578539,91,Low,Credit Utilization,BILL_AMT3,Payment-to-Bill Ratio
23403,0,0.1369706428549757,86,Medium,BILL_AMT1,PAY_AMT6,PAY_AMT2
17576,1,0.2279374137869696,77,Medium,Maximum Payment Delay,Recent Payment Status,Average Payment Delay
28490,0,0.0977296329107104,90,Low,Bill Balance Trend,PAY_AMT2,PAY_AMT1
10583,0,0.0840585887154718,92,Low,BILL_AMT5,PAY_AMT6,PAY_AMT4
22796,1,0.052962232799469,95,Low,Bill Balance Trend,Payment Trend,Education: University
4667,0,0.1059162696759416,89,Medium,Average Payment Amount,PAY_AMT6,PAY_AMT2
2369,0,0.0554064233407175,94,Low,Payment-to-Bill Ratio,PAY_AMT6,PAY_AMT1
1603,0,0.0887588238559776,91,Low,Credit Utilization,PAY_AMT1,BILL_AMT4
27855,0,0.1498058968387256,85,Medium,Credit Utilization,Credit Limit,Bill Balance Trend
5855,0,0.2604991855902107,74,High,BILL_AMT5,PAY_AMT3,Credit Limit
18278,1,0.6949790375253011,31,High,Recent Payment Status,Maximum Payment Delay,Average Payment Delay
24277,0,0.0725392905926698,93,Low,PAY_AMT6,BILL_AMT1,Average Bill Amount
4893,0,0.1179672593383302,88,Medium,Credit Limit,PAY_AMT2,PAY_AMT6
5730,0,0.2180308782730529,78,Medium,Maximum Payment Delay,Number of Delayed Months,PAY_AMT3
22251,1,0.1772086147796951,82,Medium,Bill Balance Trend,Credit Limit,PAY_AMT6
29490,0,0.1325860774852749,87,Medium,Credit Limit,Credit Utilization,BILL_AMT5
1174,0,0.2374026414002189,76,Medium,BILL_AMT1,PAY_AMT2,Average Payment Amount
13488,0,0.0746133333985339,93,Low,Payment Trend,PAY_AMT2,Payment Status Month 4
11493,0,0.0858070392849276,91,Low,Payment-to-Bill Ratio,Credit Utilization,Average Bill Amount
3774,0,0.2537997369835412,75,High,Maximum Payment Delay,PAY_AMT3,Payment Trend
6060,0,0.1143350958061484,89,Medium,Credit Utilization,PAY_AMT4,BILL_AMT2
12381,0,0.0970990319588906,90,Low,BILL_AMT5,PAY_AMT2,Payment Trend
5770,0,0.6733661335310833,33,High,Recent Payment Status,Maximum Payment Delay,Number of Delayed Months
11849,0,0.0870759953108634,91,Low,BILL_AMT5,BILL_AMT1,Credit Limit
17208,1,0.6944202623044041,31,High,Recent Payment Status,Maximum Payment Delay,Average Payment Delay
7072,0,0.4660647058559625,53,High,Maximum Payment Delay,Average Payment Delay,Number of Delayed Months
5409,0,0.07071798205103,93,Low,Credit Utilization,Credit Limit,PAY_AMT3
16612,0,0.4176870200595901,58,High,Maximum Payment Delay,Number of Delayed Months,Average Payment Delay
11694,0,0.1572535244341171,84,Medium,BILL_AMT1,BILL_AMT5,Average Payment Amount
471,1,0.1129134574232618,89,Medium,Credit Utilization,BILL_AMT2,Average Bill Amount
19363,0,0.0567158172617087,94,Low,Credit Utilization,BILL_AMT3,Average Bill Amount
1480,0,0.1436450062635488,86,Medium,BILL_AMT1,Number of Delayed Months,PAY_AMT1
27163,0,0.1200796664068689,88,Medium,Credit Utilization,BILL_AMT3,Credit Limit
5148,1,0.6085483180984483,39,High,Average Payment Delay,Maximum Payment Delay,Number of Delayed Months
14456,0,0.083766045425179,92,Low,Credit Utilization,BILL_AMT3,Bill Balance Trend
13162,0,0.0658790003021703,93,Low,Payment-to-Bill Ratio,PAY_AMT5,BILL_AMT4
18135,0,0.3467952202698578,65,High,PAY_AMT3,Average Payment Amount,BILL_AMT1
29160,0,0.0443651799780567,96,Low,Average Payment Amount,Payment Status Month 6,Total Payment Amount
11242,0,0.1126636653065614,89,Medium,Credit Limit,Credit Utilization,BILL_AMT3
12549,0,0.1540938145667529,85,Medium,PAY_AMT3,BILL_AMT1,PAY_AMT6
8313,0,0.0797417971823123,92,Low,Credit Utilization,Average Bill Amount,Payment Trend
3595,1,0.1149326319212011,89,Medium,Credit Utilization,PAY_AMT4,Average Bill Amount
10736,0,0.0633487772525476,94,Low,PAY_AMT2,Payment Trend,PAY_AMT1
17648,1,0.4092850640575522,59,High,PAY_AMT3,Average Payment Amount,BILL_AMT1
25985,1,0.4786343864420931,52,High,Average Payment Delay,Maximum Payment Delay,Number of Delayed Months
2782,0,0.1576587239367382,84,Medium,Credit Utilization,Credit Limit,Bill Balance Trend
21148,1,0.2374676643392585,76,Medium,PAY_AMT3,BILL_AMT5,Average Payment Amount
174,1,0.2692765611895633,73,High,BILL_AMT5,PAY_AMT3,Average Payment Amount
13026,0,0.0700636292549953,93,Low,BILL_AMT1,Bill Balance Trend,Average Bill Amount
11667,1,0.5118166722813154,49,High,Maximum Payment Delay,Average Payment Delay,Number of Delayed Months
6168,0,0.1165329672914513,88,Medium,PAY_AMT4,Payment Trend,Number of Delayed Months
5028,0,0.1121456255928938,89,Medium,PAY_AMT3,BILL_AMT1,BILL_AMT5
4043,0,0.0891888313313468,91,Low,PAY_AMT3,BILL_AMT1,PAY_AMT6
288,0,0.0460563046817018,95,Low,Payment-to-Bill Ratio,BILL_AMT3,Education: University
22628,1,0.2182643255266207,78,Medium,Maximum Payment Delay,Recent Payment Status,Number of Delayed Months
27612,0,0.1280414189549008,87,Medium,Credit Utilization,Credit Limit,PAY_AMT1
27734,0,0.4035804467602435,60,High,Maximum Payment Delay,Number of Delayed Months,Payment Trend
12840,0,0.0527626456718443,95,Low,PAY_AMT2,BILL_AMT3,Education: University
4305,0,0.097277106846267,90,Low,Credit Limit,Payment Trend,PAY_AMT2
18248,0,0.0709782221876932,93,Low,Credit Utilization,BILL_AMT2,Average Bill Amount
28453,0,0.1958489870994728,80,Medium,Maximum Payment Delay,Credit Utilization,Number of Delayed Months
18446,0,0.0554536071844781,94,Low,Payment Trend,Bill Balance Trend,BILL_AMT6
5125,0,0.2231547407826932,78,Medium,PAY_AMT3,Payment Trend,Number of Delayed Months
6396,1,0.3759933873583085,62,High,Maximum Payment Delay,Number of Delayed Months,Average Payment Delay
921,0,0.2399460362582718,76,Medium,PAY_AMT3,Number of Delayed Months,BILL_AMT1
6026,1,0.1117768450877834,89,Medium,Maximum Payment Delay,Average Payment Delay,Number of Delayed Months
14726,0,0.1542674327226642,85,Medium,Credit Utilization,Credit Limit,PAY_AMT6
10591,0,0.19025023488179,81,Medium,Credit Limit,BILL_AMT1,Bill Balance Trend
2887,0,0.0778250816708121,92,Low,Payment Trend,Average Bill Amount,BILL_AMT5
17868,0,0.1477277625707132,85,Medium,Credit Utilization,Credit Limit,Bill Balance Trend
26932,0,0.0780956469406157,92,Low,PAY_AMT3,Payment Trend,BILL_AMT1
16955,0,0.2769761826809572,72,High,Credit Limit,Payment Trend,BILL_AMT5
25117,1,0.1302732975026881,87,Medium,PAY_AMT3,PAY_AMT2,BILL_AMT1
7439,0,0.2089323115558367,79,Medium,Credit Limit,Credit Utilization,Bill Balance Trend
8025,0,0.2076675913188297,79,Medium,Maximum Payment Delay,Number of Delayed Months,BILL_AMT1
20632,0,0.050645076565471,95,Low,Bill Balance Trend,Payment Trend,BILL_AMT6
21252,0,0.1694648128341514,83,Medium,PAY_AMT3,BILL_AMT1,BILL_AMT5
6061,0,0.2666859853154719,73,High,Maximum Payment Delay,Number of Delayed Months,BILL_AMT1
6352,1,0.5871534257921561,41,High,Recent Payment Status,Maximum Payment Delay,Number of Delayed Months
8464,0,0.1544131415485333,85,Medium,Credit Utilization,BILL_AMT2,Average Bill Amount
22446,0,0.1038138919674049,90,Medium,BILL_AMT2,PAY_AMT4,Payment Trend
2110,0,0.0731349946880371,93,Low,Credit Limit,PAY_AMT6,Average Bill Amount
11760,0,0.0896375881935624,91,Low,Credit Utilization,BILL_AMT3,PAY_AMT2
27911,0,0.2026470229179735,80,Medium,Maximum Payment Delay,Average Payment Delay,Number of Delayed Months
29932,0,0.1756790719407724,82,Medium,Credit Limit,Credit Utilization,PAY_AMT5
8399,0,0.4188043330765338,58,High,PAY_AMT3,Average Payment Amount,Number of Delayed Months
475,0,0.1404852974727116,86,Medium,BILL_AMT5,BILL_AMT1,PAY_AMT2
9902,1,0.4869835681059802,51,High,Recent Payment Status,Maximum Payment Delay,Average Payment Delay
25994,0,0.1754656483640148,82,Medium,BILL_AMT1,PAY_AMT3,Credit Limit
23023,0,0.0746131013162781,93,Low,PAY_AMT3,BILL_AMT1,BILL_AMT5
10067,0,0.6215330138738193,38,High,Recent Payment Status,Maximum Payment Delay,Number of Delayed Months
23696,0,0.0885844539418974,91,Low,Credit Utilization,BILL_AMT3,PAY_AMT6
29290,0,0.0771316238228013,92,Low,PAY_AMT6,PAY_AMT2,PAY_AMT1
6240,0,0.0485211390612579,95,Low,Bill Balance Trend,Payment Trend,BILL_AMT3
19618,0,0.0852980285399987,91,Low,PAY_AMT2,BILL_AMT5,Bill Balance Trend
25182,0,0.2461259245416772,75,Medium,Credit Limit,Credit Utilization,PAY_AMT2
4260,1,0.4560139756303454,54,High,Maximum Payment Delay,Bill Balance Trend,Number of Delayed Months
28113,0,0.043457692737196,96,Low,BILL_AMT1,Payment Trend,Payment Status Month 6
16144,0,0.0490738664638248,95,Low,BILL_AMT3,PAY_AMT5,Payment Status Month 6
29435,0,0.0713950471807053,93,Low,PAY_AMT6,Average Bill Amount,PAY_AMT5
5972,1,0.0758226314832192,92,Low,PAY_AMT3,PAY_AMT1,BILL_AMT4
18924,0,0.0999054412923136,90,Low,Credit Utilization,Payment Trend,Credit Limit
6104,0,0.1775161315288176,82,Medium,Credit Utilization,Credit Limit,BILL_AMT3
22421,0,0.4192771422647069,58,High,Maximum Payment Delay,Credit Limit,Credit Utilization
27420,1,0.3583512559763417,64,High,BILL_AMT1,Average Payment Amount,BILL_AMT5
28907,0,0.2732105343820833,73,High,Number of Delayed Months,Average Payment Amount,BILL_AMT5
9508,0,0.4153853794824164,58,High,Maximum Payment Delay,Number of Delayed Months,Average Payment Delay
21858,0,0.1228882591551323,88,Medium,BILL_AMT5,BILL_AMT1,PAY_AMT2
13101,0,0.6401811101157233,36,High,Average Payment Delay,Maximum Payment Delay,Number of Delayed Months
26722,0,0.0778307461936758,92,Low,Credit Utilization,Bill Balance Trend,Payment-to-Bill Ratio
23326,0,0.1807185861754071,82,Medium,Credit Limit,BILL_AMT1,PAY_AMT6
15053,1,0.1191176727395005,88,Medium,Average Payment Delay,Maximum Payment Delay,Number of Delayed Months
470,0,0.1187906431749826,88,Medium,BILL_AMT1,PAY_AMT3,Average Bill Amount
5861,0,0.0887524130537101,91,Low,BILL_AMT1,Bill Balance Trend,PAY_AMT1
3485,0,0.1407710401709459,86,Medium,Credit Utilization,BILL_AMT3,Payment-to-Bill Ratio
3527,0,0.1006187046043691,90,Medium,Credit Utilization,BILL_AMT3,Credit Limit
13667,0,0.1102670260792899,89,Medium,Credit Utilization,Payment Trend,Bill Balance Trend
11775,0,0.1309145092439746,87,Medium,BILL_AMT1,PAY_AMT3,PAY_AMT5
19278,0,0.1369486908216541,86,Medium,BILL_AMT1,PAY_AMT4,PAY_AMT2
26008,0,0.2598207718758802,74,High,Maximum Payment Delay,Credit Utilization,Number of Delayed Months
13919,0,0.0856944273607808,91,Low,Credit Utilization,BILL_AMT3,BILL_AMT4
13943,0,0.1124895412017674,89,Medium,BILL_AMT5,PAY_AMT2,PAY_AMT1
23977,0,0.0814384935781842,92,Low,BILL_AMT1,Bill Balance Trend,Payment Trend
5120,0,0.0458730218049785,95,Low,Bill Balance Trend,Education: University,Education: Other
25375,0,0.0719746377357135,93,Low,PAY_AMT1,PAY_AMT6,BILL_AMT3
7786,1,0.4974964630060713,50,High,Recent Payment Status,Maximum Payment Delay,Payment Trend
4358,0,0.3605454287360599,64,High,Maximum Payment Delay,Average Payment Delay,Number of Delayed Months
25361,0,0.1748466129529967,83,Medium,Credit Utilization,Payment-to-Bill Ratio,Average Bill Amount
2504,1,0.2190039754230948,78,Medium,BILL_AMT1,Average Payment Amount,PAY_AMT2
9534,1,0.4064987302655438,59,High,Maximum Payment Delay,Number of Delayed Months,PAY_AMT3
10139,1,0.3785213388749787,62,High,Maximum Payment Delay,Average Payment Delay,Number of Delayed Months
21867,0,0.1430345676817674,86,Medium,BILL_AMT1,PAY_AMT2,PAY_AMT1
25844,0,0.0674160350477289,93,Low,Credit Utilization,Payment Trend,BILL_AMT3
7582,0,0.1289190352779902,87,Medium,Credit Utilization,Payment-to-Bill Ratio,BILL_AMT3
9104,0,0.0655839937539494,93,Low,PAY_AMT4,Bill Balance Trend,PAY_AMT1
4997,0,0.0488258955634369,95,Low,PAY_AMT6,Payment Trend,PAY_AMT5
5367,0,0.31687926274927,68,High,Maximum Payment Delay,Credit Limit,Number of Delayed Months
25106,0,0.074791180530231,93,Low,PAY_AMT6,Bill Balance Trend,BILL_AMT3
27308,0,0.1429254078291637,86,Medium,Credit Limit,PAY_AMT6,Average Payment Amount
1169,0,0.1559844960113168,84,Medium,PAY_AMT3,BILL_AMT1,PAY_AMT6
29028,1,0.164565383744775,84,Medium,PAY_AMT4,PAY_AMT3,BILL_AMT1
22590,0,0.0712491621415332,93,Low,BILL_AMT5,PAY_AMT2,PAY_AMT4
18862,0,0.182703709377427,82,Medium,Maximum Payment Delay,Number of Delayed Months,Bill Balance Trend
23772,0,0.063984900051146,94,Low,PAY_AMT6,PAY_AMT1,Credit Limit
23872,0,0.4092850640575522,59,High,PAY_AMT3,Average Payment Amount,BILL_AMT1
27632,1,0.6531351471081489,35,High,Recent Payment Status,Maximum Payment Delay,Number of Delayed Months
1671,0,0.1189806829169864,88,Medium,Credit Utilization,Credit Limit,BILL_AMT3
14059,0,0.1336000651640329,87,Medium,Credit Utilization,Credit Limit,BILL_AMT3
24170,0,0.1089394845107373,89,Medium,Credit Utilization,BILL_AMT3,Education: Graduate School
18825,0,0.0911587947434184,91,Low,Credit Utilization,BILL_AMT3,BILL_AMT2
2157,1,0.1479507900814649,85,Medium,Credit Utilization,PAY_AMT4,Bill Balance Trend
4013,0,0.0800918263016928,92,Low,Payment Trend,BILL_AMT1,PAY_AMT1
11711,0,0.2754240282855743,72,High,Maximum Payment Delay,Number of Delayed Months,Average Payment Delay
27451,0,0.0676710280521953,93,Low,BILL_AMT5,Average Bill Amount,BILL_AMT3
3716,0,0.6902034705411131,31,High,Recent Payment Status,Maximum Payment Delay,Average Payment Delay
12055,1,0.2142947812357272,79,Medium,PAY_AMT3,Number of Delayed Months,Average Bill Amount
206,0,0.1541142242656985,85,Medium,Credit Utilization,Payment Trend,Credit Limit
9646,0,0.1049247136168014,90,Medium,BILL_AMT1,PAY_AMT4,PAY_AMT6
8296,1,0.7105282797399942,29,High,Recent Payment Status,Maximum Payment Delay,Average Payment Delay
775,0,0.2201079104275315,78,Medium,Maximum Payment Delay,Number of Delayed Months,BILL_AMT5
17863,1,0.72852304835568,27,High,Recent Payment Status,Maximum Payment Delay,Average Payment Delay
10967,0,0.0755553532310353,92,Low,Bill Balance Trend,PAY_AMT2,PAY_AMT1
9723,0,0.0695769489611028,93,Low,Payment-to-Bill Ratio,Total Payment Amount,PAY_AMT5
4624,0,0.1741310078255397,83,Medium,Credit Utilization,Credit Limit,BILL_AMT3
29082,1,0.4855838586261045,51,High,Maximum Payment Delay,Average Payment Delay,Number of Delayed Months
8122,0,0.1181874645236562,88,Medium,BILL_AMT5,Payment-to-Bill Ratio,BILL_AMT4
19002,0,0.1473142306452437,85,Medium,Maximum Payment Delay,PAY_AMT3,Number of Delayed Months
14052,0,0.0974810230449699,90,Low,BILL_AMT1,BILL_AMT5,PAY_AMT2
8991,0,0.0658148101943266,93,Low,BILL_AMT3,PAY_AMT4,PAY_AMT1
24685,1,0.5714711054671558,43,High,Recent Payment Status,Maximum Payment Delay,Number of Delayed Months
24535,1,0.4092850640575522,59,High,PAY_AMT3,Average Payment Amount,BILL_AMT1
4074,0,0.0604076265373366,94,Low,Payment Trend,PAY_AMT1,BILL_AMT3
23523,0,0.0790679713031918,92,Low,Credit Utilization,BILL_AMT3,BILL_AMT4
25615,0,0.0529832449028519,95,Low,BILL_AMT3,Bill Balance Trend,Education: University
14177,1,0.618136341010387,38,High,Recent Payment Status,Maximum Payment Delay,Number of Delayed Months
25506,0,0.076021974818852,92,Low,PAY_AMT2,PAY_AMT1,BILL_AMT3
20559,0,0.1500577516188875,85,Medium,Credit Utilization,Credit Limit,BILL_AMT3
13868,0,0.1373006784111786,86,Medium,Maximum Payment Delay,Number of Delayed Months,BILL_AMT3
11814,1,0.5276435622583615,47,High,Average Payment Delay,Maximum Payment Delay,Number of Delayed Months
26882,0,0.0646989962376279,94,Low,Payment Trend,PAY_AMT2,Average Bill Amount
10664,1,0.6996706295660026,30,High,Recent Payment Status,Maximum Payment Delay,Average Payment Delay
14788,0,0.0437986566779915,96,Low,Average Payment Amount,Bill Balance Trend,Total Payment Amount
16123,0,0.0494126577198226,95,Low,PAY_AMT4,Payment Status Month 5,BILL_AMT4
17816,0,0.1495203594191665,85,Medium,Credit Utilization,Credit Limit,PAY_AMT5
3498,0,0.0838758333083371,92,Low,BILL_AMT1,PAY_AMT5,Average Bill Amount
17619,1,0.4570085418705106,54,High,Maximum Payment Delay,Average Payment Delay,Number of Delayed Months
7359,0,0.1539772632871041,85,Medium,Credit Utilization,BILL_AMT3,PAY_AMT6
24118,0,0.0424004541828184,96,Low,Payment Status Month 6,Education: Other,Total Payment Amount
1754,0,0.1274779239713038,87,Medium,Payment Trend,Credit Utilization,Credit Limit
24532,1,0.1914086478555392,81,Medium,Credit Utilization,Credit Limit,PAY_AMT6
16049,0,0.1391931284280361,86,Medium,Payment Trend,Credit Utilization,Bill Balance Trend
6901,0,0.0863797198617383,91,Low,PAY_AMT2,BILL_AMT1,Bill Balance Trend
21710,0,0.1346887714366257,87,Medium,PAY_AMT4,Bill Balance Trend,PAY_AMT6
6237,0,0.1407026067363318,86,Medium,PAY_AMT3,BILL_AMT1,PAY_AMT6
15162,0,0.1230280847849127,88,Medium,Credit Limit,Credit Utilization,PAY_AMT1
22758,0,0.0473115537382677,95,Low,PAY_AMT4,Payment Trend,PAY_AMT2
17466,0,0.0557378244894753,94,Low,Bill Balance Trend,PAY_AMT1,Payment Trend
24198,1,0.714447569187989,29,High,Recent Payment Status,Maximum Payment Delay,Average Payment Delay
5505,0,0.1209304377458607,88,Medium,Payment Trend,BILL_AMT4,PAY_AMT1
7128,0,0.0425650434509805,96,Low,Average Payment Amount,Bill Balance Trend,PAY_AMT3
14822,0,0.1479781749170456,85,Medium,Maximum Payment Delay,Number of Delayed Months,PAY_AMT6
19179,1,0.694552094530546,31,High,Recent Payment Status,Maximum Payment Delay,Average Payment Delay
11923,0,0.0961332921328325,90,Low,Credit Limit,BILL_AMT3,Credit Utilization
25265,0,0.0987811522208281,90,Low,Credit Utilization,BILL_AMT3,Average Bill Amount
27558,0,0.073355525563718,93,Low,Payment-to-Bill Ratio,Average Bill Amount,BILL_AMT2
4402,0,0.2754148713311216,72,High,Maximum Payment Delay,Credit Utilization,Payment-to-Bill Ratio
21916,0,0.266182892155501,73,High,Maximum Payment Delay,Credit Utilization,PAY_AMT4
5867,0,0.0696273602373826,93,Low,Credit Utilization,Payment-to-Bill Ratio,Average Bill Amount
2387,0,0.1824473442172765,82,Medium,Number of Delayed Months,BILL_AMT1,PAY_AMT1
20176,0,0.1072054963750719,89,Medium,Bill Balance Trend,Average Bill Amount,PAY_AMT1
11512,0,0.2460757165006199,75,Medium,Maximum Payment Delay,Number of Delayed Months,Bill Balance Trend
412,0,0.1521844171989939,85,Medium,BILL_AMT1,PAY_AMT3,BILL_AMT5
10429,0,0.0444848824263763,96,Low,Credit Utilization,Average Payment Amount,Average Bill Amount
1088,0,0.2638681454345788,74,High,PAY_AMT3,BILL_AMT1,Number of Delayed Months
7180,0,0.2868014092872714,71,High,PAY_AMT3,Average Payment Amount,BILL_AMT1
14721,1,0.1678271823213765,83,Medium,Maximum Payment Delay,BILL_AMT1,Number of Delayed Months
19267,0,0.2229611929585873,78,Medium,BILL_AMT1,BILL_AMT5,Average Payment Amount
27507,1,0.1560545295356257,84,Medium,Credit Utilization,Payment-to-Bill Ratio,Average Bill Amount
15943,0,0.0459980159827905,95,Low,PAY_AMT1,PAY_AMT4,BILL_AMT3
1116,0,0.0671741205838365,93,Low,Credit Limit,PAY_AMT6,PAY_AMT1
14399,0,0.0492537739338028,95,Low,Payment Trend,PAY_AMT3,BILL_AMT3
29288,0,0.2597788937861016,74,High,Maximum Payment Delay,Credit Utilization,BILL_AMT3
11671,0,0.1666417619787754,83,Medium,Credit Utilization,Credit Limit,Payment Trend
7296,0,0.1629083706583431,84,Medium,Credit Limit,Credit Utilization,PAY_AMT2
6170,1,0.4092850640575522,59,High,PAY_AMT3,Average Payment Amount,BILL_AMT1
256,0,0.1581871769885525,84,Medium,Credit Limit,Credit Utilization,PAY_AMT2
5698,1,0.2922613990279317,71,High,Maximum Payment Delay,Payment Trend,Number of Delayed Months
25414,1,0.2379429308108769,76,Medium,Bill Balance Trend,Credit Limit,PAY_AMT2
8277,0,0.4213882524452681,58,High,PAY_AMT3,Average Payment Amount,Number of Delayed Months
27731,1,0.7092565819142912,29,High,Recent Payment Status,Maximum Payment Delay,Average Payment Delay
15317,1,0.6042605106964517,40,High,Recent Payment Status,Maximum Payment Delay,Number of Delayed Months
1057,0,0.3370511899718109,66,High,Maximum Payment Delay,Number of Delayed Months,Payment-to-Bill Ratio
26753,0,0.0626618230459846,94,Low,BILL_AMT3,PAY_AMT1,BILL_AMT4
14662,0,0.1188566795666927,88,Medium,Payment Trend,BILL_AMT1,Average Bill Amount
7434,1,0.0715898396587181,93,Low,PAY_AMT2,Average Bill Amount,Payment Status Month 5
25046,0,0.1373049258485934,86,Medium,Credit Utilization,Payment-to-Bill Ratio,BILL_AMT4
1267,0,0.0743103435768419,93,Low,Credit Utilization,Bill Balance Trend,BILL_AMT3
25786,0,0.0943783175913714,91,Low,Payment Trend,BILL_AMT1,Average Bill Amount
3259,0,0.0500228821910693,95,Low,Bill Balance Trend,Payment Trend,BILL_AMT6
21554,0,0.1626034491340498,84,Medium,Credit Limit,Credit Utilization,PAY_AMT2
29783,0,0.1381768172974645,86,Medium,BILL_AMT1,PAY_AMT2,PAY_AMT6
28726,0,0.0673047521647964,93,Low,BILL_AMT1,PAY_AMT4,Payment Trend
27024,0,0.197311655145214,80,Medium,Credit Limit,Credit Utilization,Bill Balance Trend
6256,1,0.6853031499999989,31,High,Recent Payment Status,Maximum Payment Delay,Average Payment Delay
14126,0,0.0563011338051786,94,Low,Payment Trend,BILL_AMT3,BILL_AMT6
23896,1,0.5272220488782255,47,High,Average Payment Delay,Maximum Payment Delay,Number of Delayed Months
179,0,0.209583013164875,79,Medium,Credit Limit,Credit Utilization,PAY_AMT2
2591,0,0.1490243708076424,85,Medium,BILL_AMT1,PAY_AMT3,Payment Trend
26879,0,0.0388181543956452,96,Low,BILL_AMT4,BILL_AMT3,Payment Status Month 4
6166,0,0.1456228747074792,85,Medium,Credit Utilization,Payment-to-Bill Ratio,Average Bill Amount
3350,0,0.2650109154478703,73,High,BILL_AMT5,PAY_AMT3,Average Payment Amount
7347,0,0.2021852893921175,80,Medium,BILL_AMT1,BILL_AMT5,BILL_AMT3
1632,0,0.050074167840954,95,Low,PAY_AMT3,Bill Balance Trend,BILL_AMT6
8501,0,0.2002331866896176,80,Medium,Maximum Payment Delay,Credit Utilization,Average Bill Amount
25779,0,0.133419648636967,87,Medium,BILL_AMT1,PAY_AMT4,Number of Delayed Months
18601,0,0.153321397499094,85,Medium,BILL_AMT1,PAY_AMT1,Average Bill Amount
21826,0,0.0933092920442604,91,Low,Payment Trend,BILL_AMT4,Bill Balance Trend
28238,0,0.0619488753909877,94,Low,Payment Trend,BILL_AMT1,Bill Balance Trend
3072,1,0.1692694482614064,83,Medium,Maximum Payment Delay,Number of Delayed Months,PAY_AMT6
3623,0,0.0729035583593232,93,Low,PAY_AMT6,PAY_AMT5,PAY_AMT1
13485,0,0.4098604926612364,59,High,Recent Payment Status,Maximum Payment Delay,Number of Delayed Months
27628,1,0.5414584075729437,46,High,Average Payment Delay,Maximum Payment Delay,Number of Delayed Months
3579,0,0.2140936442073225,79,Medium,BILL_AMT1,Average Payment Amount,BILL_AMT5
19474,0,0.0532847057334436,95,Low,Credit Utilization,Bill Balance Trend,BILL_AMT4
18082,0,0.394454580953041,61,High,Maximum Payment Delay,Number of Delayed Months,Credit Utilization
12537,1,0.0696154211676271,93,Low,PAY_AMT6,PAY_AMT1,BILL_AMT1
28713,0,0.0775680692204867,92,Low,Credit Utilization,BILL_AMT3,PAY_AMT5
8227,0,0.4431439908578649,56,High,Maximum Payment Delay,Credit Limit,Average Payment Delay
5988,1,0.4498130957238506,55,High,PAY_AMT3,Average Payment Amount,BILL_AMT1
5743,1,0.6882725696631476,31,High,Recent Payment Status,Maximum Payment Delay,Average Payment Delay
28279,0,0.059815582084917,94,Low,Credit Utilization,Payment Trend,Average Bill Amount
55,0,0.6012315068169704,40,High,Recent Payment Status,Maximum Payment Delay,Number of Delayed Months
26544,0,0.1011783217844603,90,Medium,BILL_AMT1,Payment Trend,PAY_AMT2
4713,0,0.0981141512768101,90,Low,BILL_AMT5,Credit Limit,PAY_AMT3
28458,0,0.2902422973645286,71,High,BILL_AMT1,PAY_AMT3,Average Payment Amount
24664,1,0.1250342248878352,87,Medium,Maximum Payment Delay,Number of Delayed Months,PAY_AMT3
17880,1,0.41117827060785,59,High,PAY_AMT3,Average Payment Amount,Number of Delayed Months
22514,0,0.0954608976262553,90,Low,BILL_AMT1,Average Bill Amount,BILL_AMT3
2080,0,0.5750281037241983,42,High,Average Payment Delay,Maximum Payment Delay,Number of Delayed Months
16446,0,0.1031772028585331,90,Medium,Credit Utilization,Payment-to-Bill Ratio,PAY_AMT1
6782,0,0.0470471224880695,95,Low,PAY_AMT4,Average Payment Amount,Bill Balance Trend
28430,0,0.1617356285534692,84,Medium,BILL_AMT1,Number of Delayed Months,Bill Balance Trend
29541,1,0.2523788674704749,75,High,Credit Limit,PAY_AMT2,Credit Utilization
10462,0,0.1139447846432685,89,Medium,BILL_AMT1,PAY_AMT3,Bill Balance Trend
17270,0,0.1071378651200001,89,Medium,Credit Utilization,Bill Balance Trend,BILL_AMT3
8566,0,0.059583879348579,94,Low,BILL_AMT3,BILL_AMT6,BILL_AMT4
11031,1,0.3200505911190914,68,High,Maximum Payment Delay,Credit Limit,Number of Delayed Months
24333,1,0.6382197019443878,36,High,Recent Payment Status,Maximum Payment Delay,Number of Delayed Months
12735,1,0.3948859119515576,61,High,PAY_AMT3,Average Payment Amount,Number of Delayed Months
7991,0,0.1450572139403001,85,Medium,Credit Utilization,Credit Limit,Payment-to-Bill Ratio
20723,0,0.6181497241810867,38,High,Recent Payment Status,Maximum Payment Delay,Average Payment Delay
3634,1,0.1595317882007921,84,Medium,Maximum Payment Delay,Number of Delayed Months,Payment Trend
8771,0,0.2103176926032229,79,Medium,Maximum Payment Delay,Number of Delayed Months,PAY_AMT2
7700,0,0.1395017276949113,86,Medium,Credit Limit,PAY_AMT4,Bill Balance Trend
9185,1,0.1270771204475651,87,Medium,Credit Limit,Credit Utilization,PAY_AMT1
13939,0,0.1314891107773857,87,Medium,Credit Limit,Credit Utilization,BILL_AMT3
19456,0,0.0727493990958895,93,Low,Payment-to-Bill Ratio,PAY_AMT1,Average Payment Amount
7838,0,0.0543994666450044,95,Low,Average Payment Amount,Bill Balance Trend,Payment Trend
4066,0,0.6091643697555139,39,High,Recent Payment Status,Maximum Payment Delay,Number of Delayed Months
2765,0,0.0686904752800426,93,Low,Credit Utilization,BILL_AMT3,BILL_AMT4
15614,0,0.0932880498605607,91,Low,Credit Utilization,BILL_AMT3,Payment-to-Bill Ratio
12371,0,0.0809394771817958,92,Low,PAY_AMT4,PAY_AMT6,PAY_AMT1
1375,0,0.1505506562013691,85,Medium,BILL_AMT1,PAY_AMT6,PAY_AMT1
5103,0,0.4190040798309187,58,High,PAY_AMT3,Average Payment Amount,Number of Delayed Months
17442,1,0.4011985048481645,60,High,Maximum Payment Delay,Number of Delayed Months,Credit Limit
11513,0,0.0804849256911611,92,Low,BILL_AMT1,Average Bill Amount,BILL_AMT5
26420,0,0.1574782901736778,84,Medium,Credit Utilization,Credit Limit,BILL_AMT3
10041,0,0.1057569825915156,89,Medium,BILL_AMT1,Payment Trend,PAY_AMT1
16100,1,0.2684932181894151,73,High,Credit Limit,BILL_AMT1,PAY_AMT2
13604,1,0.1434056186576538,86,Medium,Credit Limit,Credit Utilization,PAY_AMT6
26726,0,0.0533119297973162,95,Low,BILL_AMT4,Education: Other,Payment Status Month 4
11214,0,0.2104411490778022,79,Medium,BILL_AMT1,PAY_AMT3,Average Bill Amount
23576,0,0.2307951652073264,77,Medium,PAY_AMT3,Average Payment Amount,BILL_AMT5
6909,0,0.2218278977113877,78,Medium,Maximum Payment Delay,Number of Delayed Months,Bill Balance Trend
12459,0,0.1997263195934049,80,Medium,PAY_AMT3,BILL_AMT1,Average Payment Amount
25368,0,0.1249294481529638,88,Medium,Average Payment Amount,BILL_AMT5,PAY_AMT2
22349,0,0.0676511158198538,93,Low,BILL_AMT5,PAY_AMT2,Average Payment Amount
21476,0,0.0598612256273238,94,Low,PAY_AMT1,BILL_AMT5,Payment Status Month 6
1685,0,0.0787807483341799,92,Low,PAY_AMT2,PAY_AMT1,BILL_AMT4
17682,1,0.178373047739818,82,Medium,BILL_AMT1,BILL_AMT5,PAY_AMT3
15997,1,0.0813643687592156,92,Low,Credit Utilization,BILL_AMT3,Payment-to-Bill Ratio
3626,1,0.1187228433049256,88,Medium,PAY_AMT4,Number of Delayed Months,BILL_AMT1
3429,0,0.1116628077613991,89,Medium,PAY_AMT3,BILL_AMT5,PAY_AMT2
29573,1,0.1404702736196497,86,Medium,BILL_AMT1,Payment Trend,Bill Balance Trend
19552,0,0.6685158210400209,33,High,Recent Payment Status,Maximum Payment Delay,Average Payment Delay
29085,1,0.3345621293652299,67,High,PAY_AMT3,Average Payment Amount,BILL_AMT1
29533,0,0.0900828840657085,91,Low,Payment Trend,Average Bill Amount,BILL_AMT4
12270,0,0.0999269146961104,90,Low,Credit Limit,PAY_AMT2,PAY_AMT1
1612,0,0.0820933815476122,92,Low,Payment Trend,PAY_AMT6,Average Bill Amount
830,0,0.0741957229220212,93,Low,PAY_AMT6,Credit Limit,PAY_AMT1
15401,0,0.6788232209509758,32,High,Recent Payment Status,Maximum Payment Delay,Average Payment Delay
11268,0,0.0466174152798912,95,Low,Payment Trend,Payment Status Month 6,Payment Status Month 5
27786,0,0.0378965054889103,96,Low,PAY_AMT4,Payment Trend,Education: University
1492,0,0.1374688772607174,86,Medium,Credit Utilization,Payment-to-Bill Ratio,BILL_AMT3
16152,0,0.1062416469428066,89,Medium,Credit Limit,Payment Trend,PAY_AMT1
6700,0,0.2647587941479644,74,High,PAY_AMT3,Number of Delayed Months,BILL_AMT5
25880,0,0.0559679915323491,94,Low,Payment Status Month 6,Education: University,Education: Other
26254,0,0.1521253136460232,85,Medium,PAY_AMT6,BILL_AMT1,PAY_AMT2
1756,0,0.2651295367377922,73,High,PAY_AMT3,Bill Balance Trend,BILL_AMT1
4250,0,0.1805193095379581,82,Medium,Credit Utilization,Credit Limit,PAY_AMT2
8810,0,0.1603273739706164,84,Medium,Credit Limit,Credit Utilization,PAY_AMT2
16598,0,0.0514009080935056,95,Low,PAY_AMT3,Bill Balance Trend,BILL_AMT4
20286,0,0.2873544839831578,71,High,PAY_AMT3,Average Payment Amount,BILL_AMT1
5169,0,0.0535977478166966,95,Low,BILL_AMT5,PAY_AMT3,PAY_AMT4
11228,0,0.0613971643690226,94,Low,Payment Trend,BILL_AMT1,Payment-to-Bill Ratio
2622,0,0.4224203055742933,58,High,PAY_AMT3,Average Payment Amount,Number of Delayed Months
27982,0,0.1436111659974944,86,Medium,Credit Utilization,Credit Limit,BILL_AMT3
10714,1,0.2308494646912066,77,Medium,Maximum Payment Delay,Number of Delayed Months,PAY_AMT3
2749,1,0.075589895073388,92,Low,Credit Utilization,Payment Trend,Bill Balance Trend
703,1,0.2903614540608565,71,High,Credit Limit,BILL_AMT5,PAY_AMT2
10783,0,0.2504308310060665,75,High,Maximum Payment Delay,Credit Utilization,Credit Limit
15386,1,0.3470870123950544,65,High,Maximum Payment Delay,Number of Delayed Months,PAY_AMT3
13139,0,0.1140899802635122,89,Medium,Payment-to-Bill Ratio,Credit Utilization,PAY_AMT3
19549,1,0.6554484766088134,34,High,Recent Payment Status,Maximum Payment Delay,Number of Delayed Months
13618,0,0.1618990857487205,84,Medium,Credit Utilization,Credit Limit,PAY_AMT2
26873,0,0.0888764729319971,91,Low,Credit Utilization,Payment-to-Bill Ratio,Average Bill Amount
18212,0,0.0643818941311246,94,Low,Bill Balance Trend,BILL_AMT4,PAY_AMT1
19583,0,0.0637001693240516,94,Low,PAY_AMT2,PAY_AMT1,BILL_AMT3
17598,0,0.1199010855466306,88,Medium,PAY_AMT3,BILL_AMT1,PAY_AMT6
16821,0,0.0848205102124916,92,Low,Maximum Payment Delay,Credit Utilization,Credit Limit
386,0,0.0742936337945709,93,Low,Credit Utilization,Payment-to-Bill Ratio,BILL_AMT2
5864,0,0.0478919252589783,95,Low,Payment Trend,Education: University,BILL_AMT5
19656,0,0.0849310296292192,92,Low,PAY_AMT2,Average Bill Amount,PAY_AMT1
3670,0,0.1222446690392806,88,Medium,Payment Trend,Bill Balance Trend,PAY_AMT2
9187,0,0.2764472365709768,72,High,BILL_AMT1,Average Payment Amount,BILL_AMT5
17122,1,0.6902488937376289,31,High,Recent Payment Status,Maximum Payment Delay,Average Payment Delay
6451,0,0.1013944251249597,90,Medium,Credit Limit,Credit Utilization,Education: University
16546,0,0.2738696300456183,73,High,Maximum Payment Delay,Credit Utilization,Credit Limit
26967,0,0.1578357972204343,84,Medium,Credit Utilization,Credit Limit,BILL_AMT3
19351,1,0.6552522405383924,34,High,Recent Payment Status,Maximum Payment Delay,Number of Delayed Months
20249,1,0.6549670805732902,35,High,Recent Payment Status,Maximum Payment Delay,Number of Delayed Months
23774,0,0.2039687767769312,80,Medium,BILL_AMT1,PAY_AMT6,PAY_AMT1
26001,0,0.1211991690940647,88,Medium,Credit Limit,PAY_AMT2,PAY_AMT6
3947,0,0.1834896875253942,82,Medium,PAY_AMT3,BILL_AMT1,Average Bill Amount
10862,1,0.6642965348690956,34,High,Recent Payment Status,Maximum Payment Delay,Number of Delayed Months
29101,0,0.1165463511098632,88,Medium,PAY_AMT3,BILL_AMT1,Payment-to-Bill Ratio
8531,0,0.1446874747572314,86,Medium,Credit Limit,PAY_AMT2,Credit Utilization
462,0,0.1154389714193662,88,Medium,BILL_AMT1,Average Bill Amount,BILL_AMT5
5379,0,0.1624079669945581,84,Medium,Credit Utilization,Payment-to-Bill Ratio,PAY_AMT3
862,0,0.0493994302246237,95,Low,BILL_AMT1,Payment Trend,Payment Status Month 4
18940,1,0.0442432681176667,96,Low,Bill Balance Trend,Education: Other,Education: Graduate School
23095,1,0.0957691196851275,90,Low,Credit Utilization,Payment-to-Bill Ratio,BILL_AMT3
26225,0,0.0929965684171415,91,Low,BILL_AMT1,Average Bill Amount,BILL_AMT5
17486,1,0.6968993742090593,30,High,Recent Payment Status,Maximum Payment Delay,Average Payment Delay
16053,1,0.6727095977880184,33,High,Recent Payment Status,Maximum Payment Delay,Average Payment Delay
29776,0,0.404391352839976,60,High,Maximum Payment Delay,Number of Delayed Months,Average Payment Delay
28499,0,0.1402043522447041,86,Medium,BILL_AMT1,PAY_AMT2,Average Bill Amount
25297,0,0.1237822615335371,88,Medium,Credit Utilization,PAY_AMT6,Payment-to-Bill Ratio
4327,0,0.1714118259874424,83,Medium,BILL_AMT1,PAY_AMT6,BILL_AMT5
18919,1,0.7163146815701285,28,High,Recent Payment Status,Maximum Payment Delay,Average Payment Delay
6183,1,0.5853034566800916,41,High,Recent Payment Status,Maximum Payment Delay,Average Payment Delay
14186,0,0.1422748090098596,86,Medium,Payment Trend,BILL_AMT1,Number of Delayed Months
24547,0,0.0933692829466044,91,Low,PAY_AMT4,PAY_AMT3,PAY_AMT5
3069,0,0.0544104109429168,95,Low,Payment Trend,BILL_AMT4,Bill Balance Trend
9665,1,0.3173872656444166,68,High,Maximum Payment Delay,Credit Limit,BILL_AMT5
12464,0,0.0970793169807068,90,Low,Maximum Payment Delay,Number of Delayed Months,Payment Trend
4059,0,0.0558625751946965,94,Low,Maximum Payment Delay,Number of Delayed Months,BILL_AMT3
27920,0,0.5558030471701995,44,High,Maximum Payment Delay,Average Payment Delay,Number of Delayed Months
4134,1,0.1588827528080467,84,Medium,Maximum Payment Delay,Credit Utilization,Payment-to-Bill Ratio
3084,0,0.1303023308065782,87,Medium,Payment Trend,BILL_AMT1,BILL_AMT5
23890,0,0.3507479213563897,65,High,Credit Limit,BILL_AMT5,PAY_AMT4
2319,1,0.073801213264441,93,Low,Average Payment Amount,BILL_AMT5,PAY_AMT6
5873,0,0.0741312292357998,93,Low,PAY_AMT1,Payment Status Month 4,BILL_AMT6
1795,1,0.2112307832583443,79,Medium,BILL_AMT1,PAY_AMT2,BILL_AMT5
23829,0,0.0848995122353385,92,Low,Bill Balance Trend,Payment Trend,Average Bill Amount
5997,0,0.1333367552174966,87,Medium,Credit Utilization,Credit Limit,PAY_AMT1
19405,0,0.0676008477366004,93,Low,Credit Utilization,BILL_AMT3,Education: University
22861,1,0.3089323999742308,69,High,Maximum Payment Delay,Number of Delayed Months,BILL_AMT1
22099,0,0.0615854935800817,94,Low,PAY_AMT2,BILL_AMT4,Payment Trend
11150,0,0.418938659354928,58,High,Maximum Payment Delay,Average Payment Delay,Number of Delayed Months
4898,0,0.1038078487749397,90,Medium,Credit Utilization,Payment-to-Bill Ratio,PAY_AMT1
3524,0,0.1665755654142496,83,Medium,BILL_AMT1,Average Payment Amount,PAY_AMT2
12882,0,0.2640429623351168,74,High,Maximum Payment Delay,Number of Delayed Months,Bill Balance Trend
24145,0,0.1367628548490614,86,Medium,Credit Utilization,Credit Limit,PAY_AMT1
23626,0,0.0651793988390163,93,Low,PAY_AMT1,BILL_AMT4,Credit Limit
15423,0,0.0596923572751424,94,Low,Payment Trend,Average Bill Amount,Payment-to-Bill Ratio
11757,0,0.2849081189722856,72,High,Credit Limit,PAY_AMT3,BILL_AMT5
15417,0,0.0804496413680268,92,Low,PAY_AMT4,Number of Delayed Months,PAY_AMT6
23659,0,0.2124540699689693,79,Medium,Maximum Payment Delay,Number of Delayed Months,Average Payment Delay
28220,0,0.1582286906567229,84,Medium,Credit Limit,PAY_AMT2,Credit Utilization
21105,0,0.1511007895366631,85,Medium,BILL_AMT1,Number of Delayed Months,Bill Balance Trend
27564,0,0.0759757472000846,92,Low,Credit Utilization,BILL_AMT3,Average Bill Amount
4536,1,0.4121818942950052,59,High,PAY_AMT3,Average Payment Amount,Number of Delayed Months
2560,0,0.3241129086402129,68,High,Maximum Payment Delay,Number of Delayed Months,Average Payment Delay
2184,0,0.2108599280791397,79,Medium,PAY_AMT3,BILL_AMT1,BILL_AMT5
25223,0,0.1499356988488504,85,Medium,BILL_AMT1,Bill Balance Trend,PAY_AMT2
14434,0,0.1447021323445138,86,Medium,Credit Limit,Credit Utilization,PAY_AMT2
1579,0,0.1437594316524615,86,Medium,BILL_AMT1,Number of Delayed Months,PAY_AMT6
17702,0,0.1437362031118935,86,Medium,Maximum Payment Delay,Number of Delayed Months,Average Payment Delay
3403,1,0.2249070800537439,78,Medium,Maximum Payment Delay,Payment Trend,Number of Delayed Months
2111,0,0.0985835593295138,90,Low,Credit Utilization,BILL_AMT3,BILL_AMT4
16755,0,0.2102191903391845,79,Medium,Credit Limit,BILL_AMT5,PAY_AMT3
27784,0,0.0862142897417211,91,Low,Bill Balance Trend,PAY_AMT1,BILL_AMT3
10435,0,0.1308749411562924,87,Medium,BILL_AMT1,PAY_AMT3,Average Bill Amount
16783,1,0.4654186301047416,53,High,Maximum Payment Delay,Credit Limit,Average Payment Delay
13768,0,0.154422528887501,85,Medium,Credit Limit,BILL_AMT1,PAY_AMT2
16836,0,0.1283293787851544,87,Medium,BILL_AMT1,Payment Trend,Average Bill Amount
21375,0,0.3892838371245855,61,High,Maximum Payment Delay,BILL_AMT5,Number of Delayed Months
16861,0,0.1152999117525155,88,Medium,Credit Utilization,Payment-to-Bill Ratio,BILL_AMT3
20722,1,0.7283156175156266,27,High,Recent Payment Status,Maximum Payment Delay,Average Payment Delay
7419,0,0.0990467181995383,90,Low,Credit Limit,PAY_AMT4,Credit Utilization
23880,0,0.0743641960591801,93,Low,BILL_AMT1,PAY_AMT6,BILL_AMT5
19337,0,0.0486403298593342,95,Low,PAY_AMT1,BILL_AMT4,Education: Other
5852,0,0.0840104624488829,92,Low,BILL_AMT3,PAY_AMT1,Credit Utilization
8034,0,0.0683254542933974,93,Low,Credit Limit,PAY_AMT1,Payment Status Month 6
15489,1,0.2562862553673057,74,High,BILL_AMT1,Number of Delayed Months,Average Payment Amount
28908,0,0.0814458059525938,92,Low,BILL_AMT5,PAY_AMT6,PAY_AMT1
2082,0,0.1284256393611851,87,Medium,PAY_AMT4,BILL_AMT5,PAY_AMT6
21228,0,0.0574048122490955,94,Low,Credit Utilization,PAY_AMT4,Average Bill Amount
26648,1,0.6637939058598161,34,High,Recent Payment Status,Maximum Payment Delay,Average Payment Delay
8895,0,0.0896644004432541,91,Low,Credit Utilization,BILL_AMT3,BILL_AMT4
24549,0,0.4084480806060948,59,High,Maximum Payment Delay,Average Payment Delay,Number of Delayed Months
20307,1,0.3482283889348174,65,High,Maximum Payment Delay,Number of Delayed Months,Credit Limit
29135,0,0.0992530479604174,90,Low,PAY_AMT3,BILL_AMT5,Average Payment Amount
29146,1,0.1229813737605383,88,Medium,Credit Utilization,Payment-to-Bill Ratio,BILL_AMT3
23150,0,0.1486643059642572,85,Medium,BILL_AMT1,Payment Trend,PAY_AMT1
15120,1,0.616692532059652,38,High,Average Payment Delay,Maximum Payment Delay,Number of Delayed Months
23758,1,0.1691667262179389,83,Medium,Payment-to-Bill Ratio,Credit Utilization,BILL_AMT1
19658,0,0.3443763437275076,66,High,Maximum Payment Delay,Credit Utilization,Number of Delayed Months
10123,0,0.1512279677286555,85,Medium,Credit Limit,BILL_AMT5,PAY_AMT1
3162,0,0.1785551890350241,82,Medium,Credit Limit,BILL_AMT1,BILL_AMT5
10815,1,0.1499038905399231,85,Medium,BILL_AMT1,PAY_AMT6,BILL_AMT5
19937,0,0.2966504153512702,70,High,Maximum Payment Delay,Credit Utilization,Payment Trend
27202,0,0.1297073299299535,87,Medium,PAY_AMT3,BILL_AMT1,BILL_AMT5
25857,0,0.0674439010654015,93,Low,Payment Trend,BILL_AMT4,BILL_AMT3
27297,0,0.2529313849570835,75,High,Credit Limit,Credit Utilization,PAY_AMT2
16939,0,0.1046017277172906,90,Medium,Bill Balance Trend,PAY_AMT2,PAY_AMT1
18950,0,0.0501008402896121,95,Low,BILL_AMT3,BILL_AMT4,Education: University
18315,0,0.6660960446358835,33,High,Recent Payment Status,Maximum Payment Delay,Average Payment Delay
9971,1,0.1694705093257837,83,Medium,Credit Limit,PAY_AMT6,Average Payment Amount
13194,1,0.3412868382556926,66,High,Maximum Payment Delay,Bill Balance Trend,Credit Limit
12046,0,0.089776900645139,91,Low,Credit Utilization,BILL_AMT4,Education: University
22632,0,0.0430665199231107,96,Low,Average Payment Amount,Bill Balance Trend,Total Payment Amount
18019,0,0.4019432882256834,60,High,PAY_AMT3,Average Payment Amount,Number of Delayed Months
16643,0,0.5845234414466589,42,High,Maximum Payment Delay,Average Payment Delay,Number of Delayed Months
3215,0,0.2379501722362496,76,Medium,Credit Limit,BILL_AMT5,PAY_AMT2
8091,1,0.6087445868895088,39,High,Recent Payment Status,Maximum Payment Delay,Average Payment Delay
11831,1,0.4890404993459032,51,High,Maximum Payment Delay,Average Payment Delay,Number of Delayed Months
9203,0,0.0633097241609883,94,Low,Credit Utilization,Average Bill Amount,BILL_AMT1
14912,0,0.0630163877406132,94,Low,Payment Trend,BILL_AMT4,PAY_AMT1
9138,0,0.0588840685432421,94,Low,Payment Trend,BILL_AMT5,BILL_AMT4
7929,1,0.1449931963397399,86,Medium,PAY_AMT3,PAY_AMT2,BILL_AMT5
14635,0,0.0533904607911337,95,Low,Payment-to-Bill Ratio,BILL_AMT3,Payment Trend
24962,0,0.1294121065659054,87,Medium,Credit Utilization,PAY_AMT6,BILL_AMT3
12170,1,0.3480796105809283,65,High,PAY_AMT3,BILL_AMT1,BILL_AMT5
15931,0,0.0637882291185377,94,Low,BILL_AMT5,PAY_AMT5,Payment Trend
211,0,0.0684769788256541,93,Low,BILL_AMT5,PAY_AMT6,BILL_AMT3
23695,0,0.3566083833398775,64,High,Maximum Payment Delay,Average Payment Delay,Number of Delayed Months
21135,0,0.0570685003941853,94,Low,PAY_AMT5,Payment Trend,Bill Balance Trend
21314,0,0.3739789538567099,63,High,BILL_AMT1,Credit Limit,Average Bill Amount
16841,0,0.0794755006648941,92,Low,Credit Utilization,Payment-to-Bill Ratio,BILL_AMT3
5297,0,0.0702756441135501,93,Low,BILL_AMT2,Average Bill Amount,BILL_AMT1
25735,0,0.0619374855810969,94,Low,Payment Trend,Average Bill Amount,BILL_AMT5
25693,0,0.0476078118385958,95,Low,PAY_AMT4,Payment Status Month 6,Payment Status Month 5
6036,1,0.103138371635195,90,Medium,BILL_AMT1,Bill Balance Trend,Payment Trend
5681,0,0.0722157435761356,93,Low,Credit Utilization,BILL_AMT3,Education: University
5741,0,0.0807367499293941,92,Low,BILL_AMT5,PAY_AMT5,Average Bill Amount
28235,0,0.0778121737660438,92,Low,Credit Utilization,Average Bill Amount,Bill Balance Trend
4223,0,0.4977484374702201,50,High,Recent Payment Status,Maximum Payment Delay,Number of Delayed Months
19365,0,0.0603576249991517,94,Low,Credit Limit,BILL_AMT5,PAY_AMT6
21200,0,0.1333214801744973,87,Medium,Credit Utilization,Payment-to-Bill Ratio,PAY_AMT6
662,1,0.0686233471653551,93,Low,PAY_AMT2,PAY_AMT6,Average Payment Amount
4014,1,0.664493409148785,34,High,Maximum Payment Delay,Recent Payment Status,Average Payment Delay
20946,0,0.0699282483767426,93,Low,Average Bill Amount,BILL_AMT5,Bill Balance Trend
12771,0,0.0741057732506559,93,Low,BILL_AMT4,BILL_AMT3,PAY_AMT3
4793,0,0.1389228875609202,86,Medium,Credit Utilization,Credit Limit,PAY_AMT2
1303,0,0.2176498113007553,78,Medium,Maximum Payment Delay,Credit Utilization,Credit Limit
20690,1,0.6641083005018817,34,High,Recent Payment Status,Maximum Payment Delay,Average Payment Delay
27637,0,0.3129793570708458,69,High,Credit Limit,PAY_AMT3,BILL_AMT5
27912,0,0.2010850676064045,80,Medium,Maximum Payment Delay,Payment Trend,Number of Delayed Months
2247,0,0.1009361593300026,90,Medium,Payment-to-Bill Ratio,Credit Utilization,BILL_AMT3
23960,0,0.3362249416697478,66,High,Credit Limit,Number of Delayed Months,PAY_AMT3
18785,0,0.04533757245284,95,Low,BILL_AMT5,Payment Trend,Payment Status Month 6
22428,0,0.0834681647399596,92,Low,BILL_AMT5,PAY_AMT6,Average Bill Amount
12322,0,0.25033286530764,75,High,Maximum Payment Delay,Average Payment Delay,Number of Delayed Months
22425,0,0.1336015844839365,87,Medium,BILL_AMT1,BILL_AMT5,Bill Balance Trend
6327,0,0.0847949441963098,92,Low,BILL_AMT1,Payment Trend,Average Bill Amount
1961,1,0.642348540902821,36,High,Recent Payment Status,Maximum Payment Delay,Average Payment Delay
3777,1,0.4897119993532094,51,High,Average Payment Delay,Maximum Payment Delay,Number of Delayed Months
26083,0,0.5679495698787312,43,High,Average Payment Delay,Maximum Payment Delay,Number of Delayed Months
2458,0,0.5520785679195543,45,High,Average Payment Delay,Maximum Payment Delay,Number of Delayed Months
28268,0,0.1200774568220339,88,Medium,Bill Balance Trend,Payment Trend,PAY_AMT2
19058,1,0.3912317865534711,61,High,Maximum Payment Delay,Number of Delayed Months,Credit Utilization
18814,0,0.1439343886820367,86,Medium,Credit Utilization,Credit Limit,PAY_AMT1
18991,0,0.1985051347775281,80,Medium,Credit Utilization,Credit Limit,BILL_AMT3
25743,1,0.1162721300494564,88,Medium,Credit Utilization,Payment-to-Bill Ratio,BILL_AMT3
29227,0,0.3288778778138665,67,High,Credit Limit,Bill Balance Trend,PAY_AMT2
9714,0,0.2494948815888168,75,Medium,Maximum Payment Delay,Number of Delayed Months,BILL_AMT1
3007,0,0.0773764947002157,92,Low,Credit Utilization,BILL_AMT4,BILL_AMT3
6286,0,0.5195127454608177,48,High,Average Payment Delay,Maximum Payment Delay,Number of Delayed Months
10296,0,0.0621720247163097,94,Low,Payment-to-Bill Ratio,BILL_AMT3,Education: University
11897,0,0.1151989791976203,88,Medium,Payment-to-Bill Ratio,Credit Utilization,BILL_AMT3
23485,0,0.0620164495569812,94,Low,Credit Utilization,Payment Trend,Payment-to-Bill Ratio
11433,1,0.1646219070850443,84,Medium,PAY_AMT3,BILL_AMT1,PAY_AMT1
23852,0,0.2936884100038557,71,High,Maximum Payment Delay,BILL_AMT1,Number of Delayed Months
25560,0,0.0793714787583685,92,Low,Payment-to-Bill Ratio,Bill Balance Trend,BILL_AMT3
20938,0,0.1516043812519309,85,Medium,Maximum Payment Delay,Number of Delayed Months,PAY_AMT3
25677,0,0.3699755117827953,63,High,Recent Payment Status,Maximum Payment Delay,Number of Delayed Months
13424,1,0.2690071001809426,73,High,Maximum Payment Delay,Number of Delayed Months,Credit Limit
19523,1,0.680811360617358,32,High,Recent Payment Status,Maximum Payment Delay,Number of Delayed Months
28444,0,0.0629705506437131,94,Low,Credit Utilization,BILL_AMT6,Education: University
13901,0,0.1683335987779736,83,Medium,Credit Limit,PAY_AMT2,Credit Utilization
20166,0,0.0530528037885001,95,Low,PAY_AMT6,PAY_AMT4,Payment Trend
29806,0,0.1465374333372994,85,Medium,Credit Utilization,Credit Limit,BILL_AMT4
8804,0,0.4418117832121651,56,High,Maximum Payment Delay,Credit Limit,Bill Balance Trend
23030,0,0.130145317851915,87,Medium,PAY_AMT3,BILL_AMT1,BILL_AMT5
12105,0,0.2281679517871835,77,Medium,Maximum Payment Delay,Number of Delayed Months,PAY_AMT2
13537,0,0.0601722859996227,94,Low,Payment Trend,BILL_AMT3,Education: Other
5493,0,0.1786557440474756,82,Medium,Number of Delayed Months,BILL_AMT1,Average Payment Amount
26912,0,0.0676342060323091,93,Low,Credit Utilization,BILL_AMT3,PAY_AMT1
2657,1,0.2819721594865019,72,High,Average Payment Delay,Maximum Payment Delay,Number of Delayed Months
14225,0,0.0735259299733575,93,Low,PAY_AMT2,PAY_AMT3,PAY_AMT1
15460,0,0.3436415049332567,66,High,Maximum Payment Delay,Number of Delayed Months,BILL_AMT5
16983,0,0.1568541494900639,84,Medium,BILL_AMT1,PAY_AMT4,PAY_AMT1
1822,0,0.0602835047042018,94,Low,PAY_AMT1,BILL_AMT4,Education: Other
21487,0,0.2327108319288766,77,Medium,Maximum Payment Delay,Bill Balance Trend,Number of Delayed Months
13904,0,0.4128670803270098,59,High,PAY_AMT3,Average Payment Amount,BILL_AMT1
24492,0,0.0527859558188585,95,Low,Payment Trend,PAY_AMT4,PAY_AMT5
4540,0,0.1239623936656419,88,Medium,Payment Trend,BILL_AMT1,Bill Balance Trend
5065,1,0.5182502079494103,48,High,Average Payment Delay,Maximum Payment Delay,Number of Delayed Months
29421,0,0.1931529759607558,81,Medium,BILL_AMT1,PAY_AMT2,BILL_AMT5
3652,0,0.0835049516230554,92,Low,Credit Utilization,BILL_AMT3,Average Bill Amount
20302,0,0.0698894932631726,93,Low,Bill Balance Trend,PAY_AMT1,BILL_AMT3
9410,0,0.0740623079190591,93,Low,BILL_AMT5,BILL_AMT2,PAY_AMT1
12168,0,0.1223023252923332,88,Medium,Maximum Payment Delay,Number of Delayed Months,PAY_AMT4
15712,0,0.081809193863506,92,Low,Bill Balance Trend,Payment Trend,PAY_AMT2
28506,0,0.1747053021406624,83,Medium,Credit Limit,BILL_AMT5,PAY_AMT6
27814,0,0.4143912114376054,59,High,PAY_AMT3,Average Payment Amount,Number of Delayed Months
3389,0,0.1449587383326159,86,Medium,Credit Limit,Credit Utilization,Average Payment Amount
19621,0,0.0957276474685222,90,Low,Credit Limit,Credit Utilization,Payment Trend
18769,0,0.1396219117230533,86,Medium,BILL_AMT3,Credit Utilization,BILL_AMT4
18445,1,0.5923070336039032,41,High,Average Payment Delay,Maximum Payment Delay,Number of Delayed Months
18396,0,0.2466711165907691,75,Medium,Maximum Payment Delay,Number of Delayed Months,Credit Limit
22528,0,0.1794542713609409,82,Medium,BILL_AMT5,PAY_AMT2,PAY_AMT6
24454,0,0.0508380046793006,95,Low,BILL_AMT3,Credit Utilization,Bill Balance Trend
5333,0,0.1949482254481547,81,Medium,Credit Limit,Credit Utilization,PAY_AMT2
8087,0,0.2162501352854369,78,Medium,PAY_AMT3,BILL_AMT5,Average Payment Amount
21976,0,0.0820795906196156,92,Low,Credit Utilization,Bill Balance Trend,BILL_AMT3
10572,1,0.1075873717276671,89,Medium,PAY_AMT6,Average Bill Amount,PAY_AMT1
10615,0,0.2141533762804195,79,Medium,Maximum Payment Delay,PAY_AMT4,Number of Delayed Months
22383,0,0.0830983286453677,92,Low,Bill Balance Trend,BILL_AMT4,PAY_AMT1
14673,0,0.1104117344622023,89,Medium,PAY_AMT3,PAY_AMT2,BILL_AMT5
13898,0,0.5632795009837333,44,High,Average Payment Delay,Maximum Payment Delay,Number of Delayed Months
23643,0,0.0636838235433453,94,Low,Bill Balance Trend,Average Bill Amount,BILL_AMT5
28380,0,0.1721532332321229,83,Medium,Credit Limit,Credit Utilization,PAY_AMT2
27680,0,0.1157013615907784,88,Medium,Credit Limit,PAY_AMT6,BILL_AMT5
25983,0,0.6202376168114183,38,High,Recent Payment Status,Maximum Payment Delay,Number of Delayed Months
8372,0,0.1519831304475394,85,Medium,Bill Balance Trend,BILL_AMT1,Number of Delayed Months
21588,0,0.240751262564159,76,Medium,Maximum Payment Delay,Credit Utilization,Credit Limit
20073,0,0.0612045643663256,94,Low,Bill Balance Trend,PAY_AMT1,Education: Other
22190,0,0.2081980975630623,79,Medium,Credit Utilization,Payment-to-Bill Ratio,BILL_AMT3
502,0,0.5441701934039835,46,High,Average Payment Delay,Maximum Payment Delay,Number of Delayed Months
22867,0,0.3445468890892426,66,High,BILL_AMT1,Average Payment Amount,PAY_AMT3
22955,0,0.0443715744491339,96,Low,BILL_AMT3,Education: Other,BILL_AMT4
18583,0,0.5263369225133405,47,High,Maximum Payment Delay,Average Payment Delay,Number of Delayed Months
15106,0,0.1382365523616984,86,Medium,BILL_AMT1,PAY_AMT2,PAY_AMT3
14549,0,0.0924463800868822,91,Low,BILL_AMT5,PAY_AMT3,PAY_AMT5
6600,0,0.063364103004853,94,Low,PAY_AMT1,BILL_AMT6,Education: University
29093,0,0.1831894545155942,82,Medium,Payment-to-Bill Ratio,Average Bill Amount,Bill Balance Trend
10908,1,0.7036209227478527,30,High,Recent Payment Status,Maximum Payment Delay,Average Payment Delay
21403,1,0.1358746835752174,86,Medium,Credit Limit,BILL_AMT1,PAY_AMT3
28181,0,0.1048582252791324,90,Medium,PAY_AMT3,BILL_AMT5,PAY_AMT2
9858,1,0.6653769555273933,33,High,Recent Payment Status,Maximum Payment Delay,Average Payment Delay
6723,0,0.0365883545503067,96,Low,Payment Trend,Average Payment Amount,BILL_AMT3
19510,0,0.0465597775227107,95,Low,Payment Trend,BILL_AMT5,BILL_AMT3
5985,0,0.2008266224694357,80,Medium,Credit Utilization,BILL_AMT3,PAY_AMT6
8562,0,0.2013004217717827,80,Medium,Maximum Payment Delay,Number of Delayed Months,Credit Utilization
12009,0,0.1633861520699802,84,Medium,Credit Limit,Credit Utilization,PAY_AMT2
2304,1,0.3903525525387374,61,High,Maximum Payment Delay,Average Payment Delay,Number of Delayed Months
8685,0,0.1120869783538098,89,Medium,PAY_AMT3,BILL_AMT1,Total Bill Amount
5183,0,0.0520448355739322,95,Low,Average Bill Amount,BILL_AMT5,Education: Other
2114,1,0.1498589122805678,85,Medium,Credit Utilization,Credit Limit,PAY_AMT2
21632,0,0.0745770996276316,93,Low,BILL_AMT1,Bill Balance Trend,Average Bill Amount
28459,0,0.0764769688563114,92,Low,BILL_AMT1,PAY_AMT3,Payment Trend
23418,1,0.682509284137948,32,High,Recent Payment Status,Maximum Payment Delay,Average Payment Delay
7025,0,0.0725053376657158,93,Low,Bill Balance Trend,Payment Trend,PAY_AMT1
25138,0,0.3111037634269071,69,High,PAY_AMT3,BILL_AMT1,Number of Delayed Months
10919,0,0.049500696751468,95,Low,Payment Trend,BILL_AMT3,Bill Balance Trend
18297,1,0.4664492970166179,53,High,Maximum Payment Delay,Credit Limit,Number of Delayed Months
11198,0,0.6897870560796812,31,High,Recent Payment Status,Maximum Payment Delay,Average Payment Delay
26815,0,0.168958902427168,83,Medium,BILL_AMT1,Payment Trend,Number of Delayed Months
2728,0,0.1353933998146346,86,Medium,Maximum Payment Delay,Number of Delayed Months,PAY_AMT2
9967,0,0.0617929043418328,94,Low,Credit Utilization,BILL_AMT3,Average Bill Amount
29235,1,0.3530462219107451,65,High,Maximum Payment Delay,Credit Limit,Bill Balance Trend
20285,0,0.6146917727853272,39,High,Average Payment Delay,Maximum Payment Delay,Number of Delayed Months
21924,0,0.0746822274949979,93,Low,PAY_AMT1,Payment-to-Bill Ratio,Education: University
23783,0,0.4005096107935251,60,High,PAY_AMT3,Average Payment Amount,Number of Delayed Months
20896,0,0.0602376659231187,94,Low,PAY_AMT2,BILL_AMT5,Payment Trend
2019,0,0.0885277190279331,91,Low,PAY_AMT1,BILL_AMT3,Credit Limit
12595,0,0.078789783408732,92,Low,Average Bill Amount,BILL_AMT5,PAY_AMT1
11761,0,0.2038454069271646,80,Medium,PAY_AMT3,BILL_AMT5,Average Payment Amount
865,0,0.0658095201217846,93,Low,Bill Balance Trend,PAY_AMT1,BILL_AMT4
8149,1,0.3764893081770379,62,High,Maximum Payment Delay,Number of Delayed Months,Average Payment Delay
21161,0,0.096401638464818,90,Low,BILL_AMT5,PAY_AMT2,PAY_AMT5
28105,0,0.3245411347961125,68,High,Maximum Payment Delay,Number of Delayed Months,Credit Limit
6264,0,0.0943595122385704,91,Low,BILL_AMT1,PAY_AMT2,PAY_AMT6
4887,0,0.0796094370903535,92,Low,BILL_AMT5,PAY_AMT3,BILL_AMT1
182,0,0.0580511608596355,94,Low,Payment Trend,BILL_AMT4,BILL_AMT2
9320,0,0.0579992781065191,94,Low,Payment Trend,Bill Balance Trend,BILL_AMT4
16368,1,0.19575002242899,80,Medium,Credit Utilization,Payment-to-Bill Ratio,BILL_AMT6
6003,1,0.3276111043740172,67,High,Maximum Payment Delay,Credit Utilization,Number of Delayed Months
7692,0,0.1467865750605422,85,Medium,Credit Utilization,Payment Trend,Bill Balance Trend
15696,0,0.1521111950266085,85,Medium,BILL_AMT1,PAY_AMT1,BILL_AMT3
7163,0,0.6497530800519379,35,High,Recent Payment Status,Maximum Payment Delay,Number of Delayed Months
8170,0,0.1349624631584805,87,Medium,BILL_AMT1,BILL_AMT3,PAY_AMT1
23170,0,0.6391197050067852,36,High,Recent Payment Status,Maximum Payment Delay,Average Payment Delay
4780,0,0.1200729474261639,88,Medium,Credit Utilization,BILL_AMT3,BILL_AMT4
6426,0,0.0955396348116846,90,Low,Payment Trend,Average Bill Amount,BILL_AMT5
24965,0,0.0903694921513733,91,Low,Average Payment Amount,PAY_AMT2,BILL_AMT1
25852,1,0.5563259191720319,44,High,Recent Payment Status,Maximum Payment Delay,Number of Delayed Months
10827,0,0.4237556277695374,58,High,PAY_AMT3,Average Payment Amount,Number of Delayed Months
22637,0,0.0663728517566819,93,Low,PAY_AMT1,BILL_AMT4,BILL_AMT3
14646,0,0.2049277285503083,80,Medium,Credit Limit,BILL_AMT5,Payment Trend
13620,1,0.2497407173546596,75,Medium,Maximum Payment Delay,Number of Delayed Months,Average Payment Delay
11899,0,0.1281858576555309,87,Medium,BILL_AMT1,PAY_AMT4,PAY_AMT1
2322,0,0.5591895119757982,44,High,Average Payment Delay,Maximum Payment Delay,Number of Delayed Months
20824,1,0.146858388254698,85,Medium,Credit Utilization,BILL_AMT3,Payment-to-Bill Ratio
28501,0,0.0715151837551791,93,Low,BILL_AMT1,Bill Balance Trend,PAY_AMT5
22896,0,0.472684096637692,53,High,Maximum Payment Delay,Average Payment Delay,Number of Delayed Months
1660,0,0.1729768549810817,83,Medium,Credit Limit,Average Payment Amount,PAY_AMT3
20751,0,0.2134589722654576,79,Medium,PAY_AMT3,BILL_AMT1,Bill Balance Trend
3752,0,0.2360074734368173,76,Medium,PAY_AMT3,BILL_AMT1,BILL_AMT5
15954,0,0.1966765735668259,80,Medium,BILL_AMT1,Number of Delayed Months,Average Bill Amount
210,0,0.0751607034709449,92,Low,BILL_AMT5,Average Bill Amount,PAY_AMT6
22511,0,0.1602999996834992,84,Medium,Credit Limit,Credit Utilization,Bill Balance Trend
20499,0,0.1066618226091574,89,Medium,Credit Utilization,Payment-to-Bill Ratio,Average Bill Amount
5316,0,0.0657847644584399,93,Low,Bill Balance Trend,PAY_AMT1,Education: Other
12795,1,0.0669406477956211,93,Low,Average Payment Amount,PAY_AMT2,BILL_AMT5
21927,0,0.0744452618554497,93,Low,PAY_AMT3,Average Payment Amount,PAY_AMT2
11659,1,0.6290267429679545,37,High,Recent Payment Status,Maximum Payment Delay,Average Payment Delay
3362,0,0.1389660599772813,86,Medium,Maximum Payment Delay,BILL_AMT1,Number of Delayed Months
22738,0,0.1553579592609985,84,Medium,Payment Trend,BILL_AMT1,Credit Limit
6404,1,0.1840263980399158,82,Medium,Maximum Payment Delay,Number of Delayed Months,PAY_AMT1
5627,1,0.4494124750191544,55,High,Maximum Payment Delay,Average Payment Delay,Number of Delayed Months
27636,1,0.1470664037878061,85,Medium,Credit Utilization,BILL_AMT3,Credit Limit
19269,0,0.1088699612800799,89,Medium,PAY_AMT3,BILL_AMT1,PAY_AMT2
17377,0,0.1089843928072453,89,Medium,PAY_AMT2,Credit Limit,PAY_AMT1
3137,0,0.1585871399454988,84,Medium,Credit Limit,Credit Utilization,PAY_AMT6
698,0,0.428804521153481,57,High,Maximum Payment Delay,Number of Delayed Months,Average Payment Delay
24803,0,0.0974714774939444,90,Low,Bill Balance Trend,PAY_AMT6,PAY_AMT1
17752,0,0.2431160163882502,76,Medium,PAY_AMT3,BILL_AMT5,BILL_AMT1
16892,0,0.2176187096973608,78,Medium,BILL_AMT5,BILL_AMT1,Number of Delayed Months
13722,0,0.133645183433306,87,Medium,Credit Utilization,Credit Limit,PAY_AMT2
17879,0,0.2839031416688631,72,High,Maximum Payment Delay,Number of Delayed Months,Bill Balance Trend
21189,1,0.1291678924715095,87,Medium,Credit Utilization,PAY_AMT6,BILL_AMT3
16485,1,0.1120053980130931,89,Medium,Bill Balance Trend,BILL_AMT1,PAY_AMT6
10304,0,0.1686635548870298,83,Medium,PAY_AMT3,BILL_AMT5,Average Payment Amount
13421,0,0.0388266141655858,96,Low,Education: University,Payment Trend,Education: Other
29973,0,0.0496030854665543,95,Low,PAY_AMT3,PAY_AMT1,Payment Status Month 6
2423,0,0.1565468469526758,84,Medium,PAY_AMT3,Average Payment Amount,BILL_AMT1
5264,0,0.0677683094992375,93,Low,Payment Trend,PAY_AMT2,Payment Status Month 6
26376,0,0.4188043330765338,58,High,PAY_AMT3,Average Payment Amount,Number of Delayed Months
15975,0,0.0951147020550996,90,Low,Bill Balance Trend,Credit Limit,PAY_AMT1
15264,0,0.1051914036289162,89,Medium,Credit Utilization,Payment-to-Bill Ratio,BILL_AMT3
9012,1,0.6274617774153649,37,High,Recent Payment Status,Maximum Payment Delay,Number of Delayed Months
29684,0,0.1866648273030389,81,Medium,PAY_AMT3,PAY_AMT2,Average Payment Amount
20190,0,0.0630521191566751,94,Low,Credit Utilization,Average Bill Amount,Average Payment Amount
7205,0,0.0723988252441135,93,Low,BILL_AMT1,Payment Trend,BILL_AMT3
19316,0,0.5518066536894332,45,High,Recent Payment Status,Maximum Payment Delay,Number of Delayed Months
18316,0,0.0646216625663099,94,Low,PAY_AMT3,BILL_AMT1,Payment Trend
3464,0,0.0829872261102529,92,Low,Credit Limit,Payment Trend,BILL_AMT5
12400,0,0.1752068741325997,82,Medium,BILL_AMT1,PAY_AMT2,BILL_AMT5
3539,1,0.0669902930330011,93,Low,PAY_AMT2,Average Bill Amount,BILL_AMT1
15926,0,0.2999156306117751,70,High,PAY_AMT3,BILL_AMT5,Average Payment Amount
2525,0,0.1157424866969824,88,Medium,Credit Limit,PAY_AMT6,BILL_AMT1
803,0,0.1347175566763886,87,Medium,Bill Balance Trend,BILL_AMT1,Credit Limit
27884,0,0.642268443963936,36,High,Recent Payment Status,Maximum Payment Delay,Average Payment Delay
29845,0,0.0479373183270524,95,Low,Payment Trend,Average Bill Amount,Bill Balance Trend
15488,1,0.3752871355311475,62,High,PAY_AMT3,Number of Delayed Months,BILL_AMT5
17445,0,0.4182056227972687,58,High,PAY_AMT3,Average Payment Amount,Number of Delayed Months
22716,0,0.268849507301229,73,High,PAY_AMT3,BILL_AMT5,BILL_AMT1
24610,0,0.0864217819043761,91,Low,BILL_AMT1,PAY_AMT1,Bill Balance Trend
9045,0,0.0406148574169201,96,Low,Average Payment Amount,Total Payment Amount,Average Bill Amount
12276,0,0.1389588666325433,86,Medium,Credit Utilization,Credit Limit,Payment Status Month 6
25633,0,0.1323188117465207,87,Medium,Credit Utilization,BILL_AMT2,Payment-to-Bill Ratio
5704,0,0.0854834350757022,91,Low,Average Payment Amount,PAY_AMT2,BILL_AMT1
19899,1,0.6545002486860408,35,High,Recent Payment Status,Maximum Payment Delay,Number of Delayed Months
7421,0,0.2080317590237106,79,Medium,PAY_AMT3,BILL_AMT1,Payment Trend
3729,1,0.5390842331925335,46,High,Maximum Payment Delay,Average Payment Delay,Number of Delayed Months
697,0,0.0912761667827929,91,Low,Credit Limit,PAY_AMT2,PAY_AMT1
21114,0,0.1148107751292245,89,Medium,BILL_AMT5,PAY_AMT3,BILL_AMT3
12974,0,0.1178271562276411,88,Medium,BILL_AMT1,PAY_AMT2,BILL_AMT5
20465,1,0.6271897649381132,37,High,Recent Payment Status,Maximum Payment Delay,Number of Delayed Months
1785,0,0.0662064534790903,93,Low,Maximum Payment Delay,Number of Delayed Months,BILL_AMT3
1377,0,0.1074196567487983,89,Medium,Credit Limit,PAY_AMT2,Average Payment Amount
13239,1,0.4362003213156639,56,High,Maximum Payment Delay,Average Payment Delay,Number of Delayed Months
14067,0,0.4172623890334633,58,High,Maximum Payment Delay,Average Payment Delay,Credit Utilization
11612,0,0.0677803873063078,93,Low,Credit Utilization,Average Bill Amount,Bill Balance Trend
18200,0,0.0626992649794831,94,Low,Bill Balance Trend,PAY_AMT2,PAY_AMT1
18411,0,0.1718991635062732,83,Medium,PAY_AMT3,BILL_AMT1,BILL_AMT5
10622,0,0.1103218418413021,89,Medium,Credit Limit,Credit Utilization,PAY_AMT1
2,1,0.4409429720909958,56,High,Maximum Payment Delay,Number of Delayed Months,Average Payment Delay
23602,0,0.0845778451321846,92,Low,Payment Trend,Average Bill Amount,PAY_AMT1
13517,0,0.3494297049547966,65,High,Maximum Payment Delay,Number of Delayed Months,Credit Limit
24970,1,0.7045891932487981,30,High,Recent Payment Status,Maximum Payment Delay,Average Payment Delay
7209,0,0.2165753133603776,78,Medium,Maximum Payment Delay,Number of Delayed Months,Payment Trend
17111,0,0.2546294104566216,75,High,Credit Limit,Credit Utilization,Bill Balance Trend
15432,0,0.1214224399534342,88,Medium,Credit Utilization,Bill Balance Trend,BILL_AMT3
3502,0,0.0434314722843907,96,Low,Bill Balance Trend,BILL_AMT3,Education: Other
6572,0,0.1697834341780333,83,Medium,Credit Limit,Credit Utilization,PAY_AMT2
27535,0,0.1124591177158929,89,Medium,Credit Limit,BILL_AMT5,PAY_AMT2
18859,0,0.1062801342783819,89,Medium,Credit Utilization,Payment Trend,BILL_AMT3
16474,0,0.2368336341370518,76,Medium,Maximum Payment Delay,Average Payment Delay,Number of Delayed Months
18392,0,0.0604333839409194,94,Low,PAY_AMT4,PAY_AMT1,Education: Other
18485,0,0.1334195259266296,87,Medium,BILL_AMT5,PAY_AMT3,Average Payment Amount
25629,0,0.065770341604527,93,Low,Bill Balance Trend,Payment Trend,Payment Status Month 6
5269,0,0.0916023273599726,91,Low,Credit Utilization,BILL_AMT3,Payment-to-Bill Ratio
13014,0,0.2101835498001373,79,Medium,Maximum Payment Delay,Number of Delayed Months,Average Payment Delay
7073,0,0.0683309444544523,93,Low,Average Payment Amount,PAY_AMT6,Average Bill Amount
20358,1,0.2498845582063493,75,Medium,BILL_AMT1,PAY_AMT3,PAY_AMT2
16582,0,0.6648365122745193,34,High,Maximum Payment Delay,Number of Delayed Months,Recent Payment Status
18961,1,0.0906628390730333,91,Low,BILL_AMT5,PAY_AMT3,PAY_AMT5
22227,0,0.0909580639816107,91,Low,BILL_AMT1,PAY_AMT6,BILL_AMT3
9100,0,0.1226509361503589,88,Medium,PAY_AMT4,Credit Utilization,BILL_AMT3
19504,0,0.1027236822863699,90,Medium,Maximum Payment Delay,Number of Delayed Months,Bill Balance Trend
257,0,0.142406477494612,86,Medium,BILL_AMT1,Bill Balance Trend,PAY_AMT2
20835,0,0.1722484885433785,83,Medium,BILL_AMT1,Bill Balance Trend,PAY_AMT1
20793,0,0.0855167094364903,91,Low,BILL_AMT1,Bill Balance Trend,PAY_AMT1
17213,0,0.2000749695213034,80,Medium,Maximum Payment Delay,Number of Delayed Months,Credit Limit
7390,0,0.061751552777582,94,Low,Payment Trend,PAY_AMT3,BILL_AMT4
25269,0,0.07204850103955,93,Low,PAY_AMT6,PAY_AMT1,BILL_AMT4
18195,0,0.0839144159238118,92,Low,PAY_AMT4,Credit Utilization,Average Bill Amount
17057,0,0.1601594451340946,84,Medium,Credit Limit,Credit Utilization,Bill Balance Trend
21489,0,0.123022105790049,88,Medium,Credit Utilization,Bill Balance Trend,PAY_AMT6
14723,1,0.7010693164563522,30,High,Recent Payment Status,Maximum Payment Delay,Average Payment Delay
1385,0,0.1074012051993096,89,Medium,BILL_AMT5,Credit Limit,Payment Trend
24188,0,0.1397199038914029,86,Medium,Credit Utilization,Payment Trend,Average Payment Amount
1210,1,0.1498325775265488,85,Medium,Credit Limit,Credit Utilization,Payment Trend
22764,0,0.0594379755005884,94,Low,Payment Trend,PAY_AMT3,BILL_AMT4
18881,0,0.0772666229182162,92,Low,PAY_AMT6,BILL_AMT1,Average Bill Amount
2402,0,0.1562137848050448,84,Medium,BILL_AMT1,Average Payment Amount,BILL_AMT3
2295,1,0.4698299951300277,53,High,Maximum Payment Delay,Number of Delayed Months,Average Payment Delay
17292,1,0.1232430754283418,88,Medium,Credit Limit,PAY_AMT2,PAY_AMT6
8627,0,0.3515298222712706,65,High,Maximum Payment Delay,Credit Limit,Number of Delayed Months
21457,1,0.0606262338796833,94,Low,Credit Utilization,Bill Balance Trend,Average Bill Amount
7658,0,0.2041549412229936,80,Medium,BILL_AMT1,Number of Delayed Months,PAY_AMT3
6590,0,0.1696461615313843,83,Medium,BILL_AMT1,Payment Trend,BILL_AMT3
2924,1,0.2989972910191757,70,High,Maximum Payment Delay,Number of Delayed Months,Average Payment Delay
2894,0,0.4644339339502439,54,High,Maximum Payment Delay,Number of Delayed Months,BILL_AMT1
6982,1,0.2660420918877431,73,High,BILL_AMT1,Average Payment Amount,BILL_AMT5
6367,1,0.2481520728331288,75,Medium,PAY_AMT3,BILL_AMT1,Number of Delayed Months
2707,1,0.6318306484113028,37,High,Recent Payment Status,Maximum Payment Delay,Average Payment Delay
13826,0,0.1642603134606019,84,Medium,PAY_AMT3,Average Payment Amount,BILL_AMT1
11946,0,0.2855754787409433,71,High,BILL_AMT1,PAY_AMT3,PAY_AMT2
886,0,0.1197526162737321,88,Medium,Credit Utilization,Bill Balance Trend,Credit Limit
25619,0,0.0739186812493227,93,Low,PAY_AMT3,BILL_AMT5,Payment Trend
12247,0,0.12533376796384,87,Medium,BILL_AMT1,PAY_AMT6,PAY_AMT3
16192,1,0.6594585449868487,34,High,Recent Payment Status,Maximum Payment Delay,Bill Balance Trend
7122,0,0.0667738508578405,93,Low,Credit Utilization,Bill Balance Trend,Average Bill Amount
17753,0,0.0915369358398417,91,Low,Credit Utilization,Payment-to-Bill Ratio,Bill Balance Trend
23137,0,0.0441959454510199,96,Low,Credit Utilization,Payment-to-Bill Ratio,BILL_AMT3
2009,1,0.2169380441011127,78,Medium,PAY_AMT3,Average Payment Amount,BILL_AMT5
2146,0,0.1088817578960446,89,Medium,BILL_AMT5,Payment Trend,Bill Balance Trend
20957,0,0.0506083333876127,95,Low,Payment Trend,BILL_AMT3,Education: University
11932,0,0.0758696673028687,92,Low,Payment Trend,PAY_AMT1,PAY_AMT4
26216,0,0.199058878814326,80,Medium,Maximum Payment Delay,Number of Delayed Months,Payment Trend
10313,0,0.0709954692807055,93,Low,Payment Trend,BILL_AMT6,PAY_AMT6
11480,0,0.0472355970221708,95,Low,BILL_AMT4,Payment Status Month 5,BILL_AMT5
5500,0,0.0422895273111791,96,Low,Payment Trend,Payment Status Month 5,BILL_AMT4
8703,0,0.0602664560524075,94,Low,Credit Utilization,BILL_AMT3,Payment Trend
7398,1,0.4458026334187404,55,High,PAY_AMT3,Average Payment Amount,BILL_AMT1
13746,0,0.4168532858580061,58,High,PAY_AMT3,Average Payment Amount,BILL_AMT1
13681,0,0.6272049222283811,37,High,Recent Payment Status,Maximum Payment Delay,Average Payment Delay
7764,0,0.1059178104451599,89,Medium,Bill Balance Trend,Credit Utilization,BILL_AMT4
16973,1,0.4480048918754227,55,High,Average Payment Amount,PAY_AMT3,BILL_AMT1
6548,0,0.086859176254049,91,Low,PAY_AMT6,BILL_AMT4,PAY_AMT2
6634,0,0.0632784416614136,94,Low,PAY_AMT6,PAY_AMT1,PAY_AMT2
18591,0,0.0687968110854027,93,Low,PAY_AMT6,BILL_AMT5,Average Bill Amount
9493,1,0.5028592525996183,50,High,Average Payment Delay,Maximum Payment Delay,Number of Delayed Months
13329,1,0.0682770010070216,93,Low,PAY_AMT4,Credit Utilization,Average Bill Amount
13333,0,0.1599858919167575,84,Medium,Credit Utilization,Credit Limit,PAY_AMT1
14880,0,0.0564578303659136,94,Low,Payment-to-Bill Ratio,BILL_AMT3,PAY_AMT1
2808,0,0.2888861231985375,71,High,Bill Balance Trend,PAY_AMT3,Number of Delayed Months
17120,0,0.0471730468862126,95,Low,Bill Balance Trend,BILL_AMT3,BILL_AMT4
3160,0,0.1126076190288407,89,Medium,BILL_AMT1,BILL_AMT3,PAY_AMT6
14927,0,0.045782465713134,95,Low,Payment Trend,PAY_AMT3,Payment Status Month 6
6332,1,0.6019546509539956,40,High,Recent Payment Status,Maximum Payment Delay,Number of Delayed Months
22019,0,0.1213500827511079,88,Medium,Credit Utilization,BILL_AMT3,PAY_AMT1
3745,0,0.0455364120672347,95,Low,Credit Utilization,BILL_AMT3,BILL_AMT6
7091,0,0.0714983423175783,93,Low,Credit Utilization,BILL_AMT3,Average Bill Amount
20257,0,0.1889537595081176,81,Medium,Credit Utilization,Credit Limit,Bill Balance Trend
6654,1,0.0866968344341769,91,Low,PAY_AMT2,Average Payment Amount,PAY_AMT6
1535,0,0.0984805237022595,90,Low,Credit Limit,PAY_AMT1,Average Payment Amount
29617,0,0.0515088385108614,95,Low,PAY_AMT6,PAY_AMT2,PAY_AMT1
14354,0,0.1610550115441538,84,Medium,Credit Limit,Credit Utilization,PAY_AMT2
16112,0,0.0517873144086527,95,Low,BILL_AMT3,PAY_AMT1,PAY_AMT3
18998,0,0.230270015051733,77,Medium,Maximum Payment Delay,Payment Trend,Credit Utilization
27867,0,0.1588641108394231,84,Medium,BILL_AMT5,Credit Utilization,BILL_AMT3
23863,0,0.2245213878372601,78,Medium,Maximum Payment Delay,Bill Balance Trend,BILL_AMT1
1567,0,0.064486693665604,94,Low,Bill Balance Trend,PAY_AMT1,BILL_AMT3
20652,1,0.5282591924358034,47,High,Average Payment Delay,Maximum Payment Delay,Number of Delayed Months
1404,0,0.0739497971550305,93,Low,BILL_AMT5,BILL_AMT1,Payment Trend
14903,0,0.0753877396721504,92,Low,BILL_AMT4,BILL_AMT3,Bill Balance Trend
13474,0,0.0565146701849311,94,Low,BILL_AMT4,BILL_AMT3,Payment Status Month 4
9379,0,0.0511050887800591,95,Low,Payment-to-Bill Ratio,PAY_AMT6,PAY_AMT1
10033,1,0.1532631091935798,85,Medium,BILL_AMT1,Payment Trend,BILL_AMT5
24116,0,0.3361982085210042,66,High,Credit Limit,BILL_AMT5,PAY_AMT3
9001,0,0.1523781307038447,85,Medium,Credit Limit,BILL_AMT5,Average Payment Amount
26918,0,0.1655553373248701,83,Medium,Maximum Payment Delay,Number of Delayed Months,PAY_AMT1
4047,0,0.2225187620305521,78,Medium,Maximum Payment Delay,Number of Delayed Months,Credit Limit
23277,0,0.0498446842035396,95,Low,BILL_AMT3,Payment-to-Bill Ratio,Education: University
10169,0,0.05041045289271,95,Low,Payment Trend,Payment Status Month 6,BILL_AMT4
18220,1,0.4201766546722942,58,High,PAY_AMT3,Average Payment Amount,Number of Delayed Months
11510,0,0.0672054368424101,93,Low,Credit Utilization,BILL_AMT3,Payment Trend
29718,1,0.1483098072633733,85,Medium,Credit Limit,Payment Trend,Credit Utilization
18422,1,0.2430570670280653,76,Medium,Payment Trend,BILL_AMT1,Number of Delayed Months
15321,1,0.1571286500227993,84,Medium,PAY_AMT3,BILL_AMT1,Payment Trend
3268,0,0.0448012261970807,96,Low,Payment-to-Bill Ratio,BILL_AMT3,Education: Other
28609,0,0.1679589301514019,83,Medium,Maximum Payment Delay,Number of Delayed Months,Payment Trend
5233,0,0.5224834044744644,48,High,Maximum Payment Delay,Average Payment Delay,Number of Delayed Months
17636,0,0.0628593122432565,94,Low,Payment Trend,BILL_AMT3,BILL_AMT4
6218,0,0.4345634337121135,57,High,Maximum Payment Delay,Average Payment Delay,Number of Delayed Months
22417,0,0.6815912506602375,32,High,Recent Payment Status,Maximum Payment Delay,Average Payment Delay
1085,0,0.1103960613227084,89,Medium,Credit Utilization,Payment-to-Bill Ratio,BILL_AMT4
22454,0,0.0886659688667291,91,Low,Maximum Payment Delay,Number of Delayed Months,Credit Utilization
7150,0,0.1514872775726401,85,Medium,Maximum Payment Delay,Number of Delayed Months,BILL_AMT1
29868,0,0.1279758687922455,87,Medium,Credit Utilization,Average Bill Amount,BILL_AMT2
27916,1,0.5961282804801206,40,High,Recent Payment Status,Maximum Payment Delay,Number of Delayed Months
9934,1,0.1122873804788001,89,Medium,PAY_AMT3,Payment Trend,BILL_AMT5
17999,0,0.2670647788258752,73,High,Maximum Payment Delay,Payment-to-Bill Ratio,Payment Trend
19087,0,0.068929937445341,93,Low,BILL_AMT3,PAY_AMT4,PAY_AMT1
16534,0,0.143424065223556,86,Medium,Credit Utilization,Payment-to-Bill Ratio,Average Bill Amount
7241,0,0.0767365166763092,92,Low,BILL_AMT1,BILL_AMT5,Average Bill Amount
16246,0,0.1984785460380971,80,Medium,Credit Limit,BILL_AMT1,BILL_AMT3
3414,1,0.5331338002031364,47,High,Maximum Payment Delay,Average Payment Delay,Number of Delayed Months
9802,1,0.0539778391035774,95,Low,PAY_AMT1,Payment-to-Bill Ratio,BILL_AMT4
23949,0,0.1188265139261766,88,Medium,Credit Limit,Credit Utilization,PAY_AMT2
23502,0,0.5116375400422198,49,High,Maximum Payment Delay,Average Payment Delay,Number of Delayed Months
2952,0,0.1582711470613622,84,Medium,PAY_AMT3,PAY_AMT2,Average Payment Amount
8325,0,0.064830926419813,94,Low,Payment Trend,BILL_AMT5,BILL_AMT6
5287,1,0.0514761410396876,95,Low,Credit Utilization,Average Bill Amount,PAY_AMT4
21012,0,0.1233798874809992,88,Medium,Credit Limit,Credit Utilization,PAY_AMT1
23882,0,0.1496225339027219,85,Medium,BILL_AMT1,Payment Trend,Bill Balance Trend
11587,0,0.4061654979566655,59,High,Maximum Payment Delay,Number of Delayed Months,BILL_AMT1
12887,1,0.072184037128817,93,Low,Bill Balance Trend,Average Bill Amount,BILL_AMT4
16344,1,0.3275683202856692,67,High,Maximum Payment Delay,Credit Utilization,Number of Delayed Months
9287,1,0.7108900419221674,29,High,Recent Payment Status,Maximum Payment Delay,Average Payment Delay
19339,0,0.0568336932299924,94,Low,BILL_AMT5,PAY_AMT3,PAY_AMT4
343,0,0.3185435100565307,68,High,Maximum Payment Delay,Average Payment Delay,Bill Balance Trend
29259,0,0.3045928510696985,70,High,Maximum Payment Delay,Average Payment Delay,Number of Delayed Months
12696,0,0.2445733364979205,76,Medium,Maximum Payment Delay,Credit Limit,Number of Delayed Months
26839,0,0.0573681820023444,94,Low,Bill Balance Trend,BILL_AMT5,PAY_AMT3
18106,0,0.0952561902968884,90,Low,Credit Utilization,BILL_AMT3,PAY_AMT6
14032,0,0.2150940374881463,78,Medium,Credit Limit,PAY_AMT2,Credit Utilization
4373,1,0.0647044391973299,94,Low,BILL_AMT5,Payment-to-Bill Ratio,BILL_AMT4
7168,0,0.1347095796118614,87,Medium,PAY_AMT2,BILL_AMT1,BILL_AMT5
29748,1,0.6680072757760284,33,High,Recent Payment Status,Maximum Payment Delay,Average Payment Delay
23749,0,0.3167633534123172,68,High,Maximum Payment Delay,Credit Utilization,Number of Delayed Months
16520,1,0.4358127910265875,56,High,Maximum Payment Delay,Average Payment Delay,Number of Delayed Months
2242,1,0.6201863595213929,38,High,Recent Payment Status,Maximum Payment Delay,Number of Delayed Months
13714,1,0.2987006525801396,70,High,Maximum Payment Delay,Bill Balance Trend,Number of Delayed Months
5054,0,0.0470309560970778,95,Low,BILL_AMT4,Education: University,PAY_AMT3
4690,0,0.4223861044364683,58,High,Maximum Payment Delay,Average Payment Delay,Number of Delayed Months
24321,0,0.0482185578337817,95,Low,Bill Balance Trend,Average Bill Amount,Payment Status Month 6
6604,0,0.0742893657021393,93,Low,PAY_AMT2,PAY_AMT6,PAY_AMT5
28395,0,0.087556966056343,91,Low,PAY_AMT4,Average Bill Amount,BILL_AMT1
25610,0,0.1183643267953701,88,Medium,PAY_AMT2,PAY_AMT6,BILL_AMT1
27958,0,0.6865837809516481,31,High,Recent Payment Status,Maximum Payment Delay,Average Payment Delay
986,1,0.1067487479078612,89,Medium,BILL_AMT1,Number of Delayed Months,Payment Trend
18048,1,0.4775487520446033,52,High,Maximum Payment Delay,Number of Delayed Months,Average Payment Delay
7194,1,0.1725812645599223,83,Medium,Maximum Payment Delay,Number of Delayed Months,Bill Balance Trend
15807,0,0.0994530902112882,90,Low,Credit Utilization,Payment-to-Bill Ratio,BILL_AMT3
7276,0,0.2479119562585498,75,Medium,Maximum Payment Delay,Number of Delayed Months,Bill Balance Trend
10329,0,0.3511859128222534,65,High,Maximum Payment Delay,Average Payment Delay,Number of Delayed Months
1465,0,0.0616800773665792,94,Low,Bill Balance Trend,Education: University,BILL_AMT3
24733,0,0.3756012899940801,62,High,Maximum Payment Delay,Number of Delayed Months,Bill Balance Trend
239,1,0.12398415243261,88,Medium,Credit Utilization,Average Bill Amount,BILL_AMT3
19241,0,0.0888854739999677,91,Low,Payment Trend,Average Bill Amount,PAY_AMT1
12874,1,0.1808164196687947,82,Medium,Credit Limit,Credit Utilization,PAY_AMT2
21901,1,0.6228491403268899,38,High,Recent Payment Status,Maximum Payment Delay,Average Payment Delay
8809,1,0.5812773633662491,42,High,Maximum Payment Delay,Average Payment Delay,Number of Delayed Months
25882,0,0.089516466059241,91,Low,BILL_AMT5,PAY_AMT2,PAY_AMT6
15770,0,0.2999156306117751,70,High,PAY_AMT3,BILL_AMT5,Average Payment Amount
28898,0,0.0657972287159358,93,Low,Payment Trend,Average Bill Amount,BILL_AMT3
18510,0,0.2810319646298685,72,High,BILL_AMT5,PAY_AMT3,Average Payment Amount
5315,0,0.1703662340522806,83,Medium,Number of Delayed Months,PAY_AMT3,Payment Trend
17307,0,0.3480628287190659,65,High,Credit Limit,BILL_AMT5,Average Payment Amount
20356,0,0.2186079425142622,78,Medium,BILL_AMT1,Payment Trend,Average Bill Amount
9447,0,0.2583282643457449,74,High,Bill Balance Trend,BILL_AMT5,Payment-to-Bill Ratio
5288,0,0.0634720364394855,94,Low,Bill Balance Trend,BILL_AMT3,Education: University
12579,0,0.03973832047383,96,Low,Average Payment Amount,BILL_AMT3,BILL_AMT6
1541,1,0.4645688232293064,54,High,Maximum Payment Delay,Credit Limit,Number of Delayed Months
14337,0,0.0530149222038268,95,Low,Bill Balance Trend,BILL_AMT3,Payment-to-Bill Ratio
16633,0,0.2730043949586953,73,High,Maximum Payment Delay,BILL_AMT1,Number of Delayed Months
3534,1,0.2971977671443217,70,High,BILL_AMT1,BILL_AMT5,Average Payment Amount
10044,0,0.3078721255176541,69,High,BILL_AMT1,PAY_AMT6,Average Payment Amount
25529,0,0.1032395375863687,90,Medium,PAY_AMT3,BILL_AMT5,PAY_AMT2
8789,1,0.6306245339347205,37,High,Recent Payment Status,Maximum Payment Delay,Number of Delayed Months
19486,1,0.6859536410643177,31,High,Recent Payment Status,Maximum Payment Delay,Average Payment Delay
4608,0,0.089532026703266,91,Low,Maximum Payment Delay,BILL_AMT1,Number of Delayed Months
12931,1,0.4611473994493538,54,High,Average Payment Delay,Maximum Payment Delay,Number of Delayed Months
13131,0,0.1777202045144632,82,Medium,BILL_AMT1,PAY_AMT6,Payment Trend
25186,0,0.6738883118800754,33,High,Recent Payment Status,Maximum Payment Delay,Average Payment Delay
1271,0,0.1361177109564159,86,Medium,Credit Utilization,Credit Limit,PAY_AMT1
508,0,0.12802012254832,87,Medium,Maximum Payment Delay,Number of Delayed Months,PAY_AMT5
22360,0,0.0465857927618331,95,Low,Bill Balance Trend,BILL_AMT3,BILL_AMT5
20746,0,0.1621380485874129,84,Medium,Credit Limit,BILL_AMT1,Average Bill Amount
9131,1,0.644446176430085,36,High,Recent Payment Status,Maximum Payment Delay,Number of Delayed Months
2454,0,0.2000115852946157,80,Medium,Maximum Payment Delay,Credit Utilization,Credit Limit
3184,0,0.0697190115925305,93,Low,PAY_AMT4,Credit Utilization,Average Bill Amount
4071,0,0.0655999528911356,93,Low,PAY_AMT2,BILL_AMT1,Payment Trend
9386,1,0.6267847383332844,37,High,Recent Payment Status,Maximum Payment Delay,Number of Delayed Months
8621,0,0.1167620140148758,88,Medium,Credit Utilization,Payment-to-Bill Ratio,BILL_AMT3
707,0,0.3931414296471016,61,High,Maximum Payment Delay,Credit Utilization,Number of Delayed Months
9500,0,0.2804052830047348,72,High,Maximum Payment Delay,Payment-to-Bill Ratio,Credit Utilization
12053,0,0.1186141216539754,88,Medium,Bill Balance Trend,Credit Utilization,PAY_AMT1
13021,1,0.674631477095951,33,High,Recent Payment Status,Maximum Payment Delay,Average Payment Delay
12554,1,0.1739110193715196,83,Medium,BILL_AMT1,Bill Balance Trend,PAY_AMT6
22081,1,0.6984718079244697,30,High,Recent Payment Status,Maximum Payment Delay,Average Payment Delay
9498,0,0.0476808037593387,95,Low,Bill Balance Trend,BILL_AMT4,BILL_AMT3
16250,0,0.1545183277723039,85,Medium,BILL_AMT5,PAY_AMT2,PAY_AMT4
11227,0,0.0568316391138409,94,Low,Average Bill Amount,Average Payment Amount,BILL_AMT4
26398,0,0.0863244861500768,91,Low,Credit Utilization,Payment-to-Bill Ratio,BILL_AMT3
10722,0,0.2253295571398637,77,Medium,Credit Limit,Bill Balance Trend,PAY_AMT2
18809,0,0.0684450545360699,93,Low,Bill Balance Trend,PAY_AMT6,PAY_AMT1
4039,0,0.1592602752370181,84,Medium,Credit Limit,PAY_AMT2,Average Payment Amount
28591,1,0.3852209935586746,61,High,Maximum Payment Delay,Average Payment Delay,Number of Delayed Months
2096,0,0.1608667413439757,84,Medium,Maximum Payment Delay,Number of Delayed Months,BILL_AMT3
24938,1,0.350001557119003,65,High,Payment-to-Bill Ratio,Maximum Payment Delay,Bill Balance Trend
9329,1,0.6867280477738058,31,High,Recent Payment Status,Maximum Payment Delay,Average Payment Delay
15259,0,0.3264776268713251,67,High,PAY_AMT3,Number of Delayed Months,BILL_AMT1
7314,1,0.2283524944660118,77,Medium,BILL_AMT5,Credit Limit,Credit Utilization
22306,0,0.0653850076047296,93,Low,PAY_AMT2,Payment Trend,BILL_AMT3
13596,0,0.1375953099524581,86,Medium,Credit Utilization,Credit Limit,PAY_AMT1
25385,1,0.6815621859754303,32,High,Recent Payment Status,Maximum Payment Delay,Average Payment Delay
24722,0,0.2145073918926366,79,Medium,PAY_AMT3,BILL_AMT1,BILL_AMT5
11040,0,0.4231248594409231,58,High,PAY_AMT3,Average Payment Amount,Number of Delayed Months
13998,1,0.4462711075665942,55,High,Maximum Payment Delay,Average Payment Delay,Number of Delayed Months
15067,0,0.1193953355578417,88,Medium,Credit Utilization,PAY_AMT4,Average Bill Amount
28624,0,0.1826827900196044,82,Medium,Maximum Payment Delay,Number of Delayed Months,Average Payment Delay
16363,0,0.3882189355494816,61,High,Maximum Payment Delay,Average Payment Delay,Number of Delayed Months
6186,0,0.0849466418716224,92,Low,Credit Utilization,Credit Limit,PAY_AMT1
11950,0,0.2491106707679874,75,Medium,Payment Trend,Payment-to-Bill Ratio,Credit Utilization
16278,0,0.0630882433732949,94,Low,Credit Utilization,Average Bill Amount,BILL_AMT3
25437,0,0.0879338375484566,91,Low,Credit Utilization,Payment Trend,Average Bill Amount
5878,0,0.0677154763732991,93,Low,BILL_AMT5,PAY_AMT2,Payment Trend
10356,0,0.0655831399552198,93,Low,PAY_AMT6,PAY_AMT3,PAY_AMT5
23100,1,0.5334690665453663,47,High,Recent Payment Status,Maximum Payment Delay,Average Payment Delay
8072,0,0.2821733486913342,72,High,Credit Utilization,Credit Limit,Payment Trend
22367,0,0.1378991220498538,86,Medium,Credit Limit,PAY_AMT6,Average Bill Amount
13079,0,0.1358681505610172,86,Medium,BILL_AMT1,BILL_AMT5,PAY_AMT3
21779,1,0.118762619775976,88,Medium,Maximum Payment Delay,Number of Delayed Months,PAY_AMT1
18761,0,0.1357410879154545,86,Medium,Maximum Payment Delay,Payment Trend,Number of Delayed Months
1247,1,0.6845224107776952,32,High,Recent Payment Status,Maximum Payment Delay,Average Payment Delay
26875,0,0.0551286752749012,94,Low,PAY_AMT6,Payment Trend,BILL_AMT4
24309,0,0.0779437472745988,92,Low,BILL_AMT3,BILL_AMT1,Average Bill Amount
12223,1,0.5706599045108309,43,High,Recent Payment Status,Maximum Payment Delay,PAY_AMT4
23519,0,0.1164768456712482,88,Medium,PAY_AMT3,PAY_AMT2,Average Payment Amount
27697,1,0.5868972906198887,41,High,Maximum Payment Delay,Average Payment Delay,Number of Delayed Months
9749,0,0.1657673616438256,83,Medium,Maximum Payment Delay,Number of Delayed Months,PAY_AMT2
23914,0,0.2751808089069626,72,High,Maximum Payment Delay,Credit Limit,Credit Utilization
26295,1,0.2959612932381379,70,High,Maximum Payment Delay,BILL_AMT1,Number of Delayed Months
2566,0,0.135346840016466,86,Medium,Maximum Payment Delay,Number of Delayed Months,Payment Trend
5585,0,0.1958575240424186,80,Medium,BILL_AMT1,Bill Balance Trend,Number of Delayed Months
25666,0,0.1933284753531434,81,Medium,Credit Limit,PAY_AMT4,Payment Trend
5356,0,0.1440316604968126,86,Medium,Credit Utilization,Credit Limit,BILL_AMT3
24796,0,0.0593303559952837,94,Low,BILL_AMT5,Bill Balance Trend,Payment Trend
21451,0,0.0738054446833798,93,Low,Average Payment Amount,PAY_AMT6,Payment-to-Bill Ratio
10488,1,0.1041875892666878,90,Medium,Credit Utilization,Payment-to-Bill Ratio,BILL_AMT3
17296,0,0.0674813570504795,93,Low,Payment Trend,Payment Status Month 4,BILL_AMT1
11935,0,0.0691564067965827,93,Low,Average Payment Amount,PAY_AMT3,PAY_AMT6
7154,0,0.2913238675511732,71,High,Credit Utilization,BILL_AMT5,BILL_AMT3
4778,1,0.3260770795928958,67,High,BILL_AMT5,Credit Limit,PAY_AMT3
27766,0,0.2830326229515373,72,High,PAY_AMT3,Average Payment Amount,BILL_AMT5
11989,0,0.2165898448327765,78,Medium,BILL_AMT1,Average Payment Amount,Number of Delayed Months
28364,0,0.41117827060785,59,High,PAY_AMT3,Average Payment Amount,Number of Delayed Months
4849,0,0.0886951325050618,91,Low,Credit Utilization,BILL_AMT3,Education: University
18888,0,0.1057387750927915,89,Medium,BILL_AMT1,Credit Limit,PAY_AMT3
9496,0,0.1425966038897661,86,Medium,BILL_AMT1,PAY_AMT6,PAY_AMT2
11978,0,0.684304697477793,32,High,Recent Payment Status,Maximum Payment Delay,Average Payment Delay
24616,0,0.0793556738094651,92,Low,Credit Utilization,BILL_AMT3,PAY_AMT2
7007,0,0.1789353358134993,82,Medium,Average Payment Amount,BILL_AMT1,Number of Delayed Months
14937,1,0.0897633205014989,91,Low,Credit Utilization,BILL_AMT3,Education: University
20864,0,0.1284586813084614,87,Medium,BILL_AMT5,Average Payment Amount,BILL_AMT3
674,1,0.71642009022982,28,High,Recent Payment Status,Maximum Payment Delay,Number of Delayed Months
27690,0,0.2243938998416658,78,Medium,Credit Limit,Bill Balance Trend,PAY_AMT2
20658,0,0.241940831315937,76,Medium,Maximum Payment Delay,Number of Delayed Months,Credit Limit
23325,0,0.0942444493878459,91,Low,BILL_AMT1,PAY_AMT6,PAY_AMT1
17768,0,0.1021502854892597,90,Medium,Credit Utilization,Average Payment Amount,Average Bill Amount
5969,0,0.076837353246696,92,Low,PAY_AMT2,PAY_AMT1,Average Bill Amount
7095,1,0.157294552807505,84,Medium,BILL_AMT5,PAY_AMT3,PAY_AMT4
21046,0,0.0846069346820396,92,Low,BILL_AMT1,BILL_AMT5,Average Bill Amount
20502,0,0.1376587895762898,86,Medium,Credit Utilization,Payment-to-Bill Ratio,BILL_AMT3
23352,0,0.1241946187415519,88,Medium,Credit Limit,BILL_AMT1,Payment Trend
2362,0,0.0688670725071841,93,Low,PAY_AMT6,PAY_AMT2,BILL_AMT5
4661,0,0.1101429691271181,89,Medium,Credit Utilization,Payment Trend,PAY_AMT2
15465,0,0.0685876525750337,93,Low,BILL_AMT1,PAY_AMT4,Bill Balance Trend
13035,0,0.0975818676773496,90,Low,Credit Utilization,BILL_AMT3,Payment-to-Bill Ratio
28915,0,0.1179571353247883,88,Medium,PAY_AMT2,BILL_AMT5,PAY_AMT6
27153,0,0.0505750797516498,95,Low,Bill Balance Trend,BILL_AMT4,Payment Status Month 4
23663,1,0.6965256162214826,30,High,Recent Payment Status,Maximum Payment Delay,Average Payment Delay
21732,0,0.0729054363569183,93,Low,PAY_AMT4,BILL_AMT1,Average Bill Amount
6199,0,0.383718225593962,62,High,Maximum Payment Delay,Number of Delayed Months,Bill Balance Trend
17770,0,0.095629902559604,90,Low,Credit Utilization,Payment-to-Bill Ratio,Average Bill Amount
6719,0,0.0993307863196097,90,Low,Maximum Payment Delay,Payment Trend,Number of Delayed Months
15923,1,0.6542902515318594,35,High,Recent Payment Status,Maximum Payment Delay,Average Payment Delay
20968,1,0.620850332779992,38,High,Maximum Payment Delay,Recent Payment Status,Average Payment Delay
17175,1,0.6652177229254076,33,High,Recent Payment Status,Maximum Payment Delay,Average Payment Delay
6014,0,0.1655419119866442,83,Medium,Credit Utilization,Credit Limit,PAY_AMT1
28989,1,0.4090081939726708,59,High,Maximum Payment Delay,Average Payment Delay,Number of Delayed Months
9527,0,0.0728430464849349,93,Low,PAY_AMT6,BILL_AMT5,Average Bill Amount
22980,0,0.0903675359592349,91,Low,PAY_AMT6,PAY_AMT4,Average Bill Amount
7334,0,0.1968774762015725,80,Medium,Credit Utilization,Payment-to-Bill Ratio,Average Bill Amount
16883,0,0.0724916092123072,93,Low,BILL_AMT5,PAY_AMT1,PAY_AMT5
13719,0,0.4206074075926058,58,High,PAY_AMT3,Average Payment Amount,Number of Delayed Months
12471,0,0.5369956172314883,46,High,Maximum Payment Delay,Average Payment Delay,Number of Delayed Months
9252,0,0.3537278696257311,65,High,Maximum Payment Delay,Number of Delayed Months,Credit Limit
25149,0,0.0762858233501406,92,Low,Credit Utilization,BILL_AMT3,Payment-to-Bill Ratio
1483,0,0.0584108765862524,94,Low,Payment-to-Bill Ratio,BILL_AMT3,PAY_AMT3
3641,0,0.689273447128009,31,High,Recent Payment Status,Maximum Payment Delay,Average Payment Delay
22197,0,0.0474126206020623,95,Low,PAY_AMT1,BILL_AMT3,Payment Trend
21834,1,0.6772023690340193,32,High,Recent Payment Status,Maximum Payment Delay,Average Payment Delay
25996,1,0.647933531740976,35,High,Recent Payment Status,Maximum Payment Delay,Number of Delayed Months
25061,0,0.0838331250221063,92,Low,Credit Limit,BILL_AMT5,Average Bill Amount
20089,0,0.0475227465603425,95,Low,PAY_AMT4,Bill Balance Trend,Education: University
23385,1,0.5901223493180816,41,High,Average Payment Delay,Maximum Payment Delay,Number of Delayed Months
25623,0,0.4686456340566798,53,High,Maximum Payment Delay,Number of Delayed Months,BILL_AMT1
28227,0,0.0553991991243185,94,Low,Payment Trend,PAY_AMT3,BILL_AMT6
7402,0,0.2051620360143046,79,Medium,Credit Limit,Credit Utilization,PAY_AMT2
24752,0,0.1537878726862173,85,Medium,BILL_AMT1,PAY_AMT1,PAY_AMT2
17589,0,0.2316327515137806,77,Medium,Credit Limit,Bill Balance Trend,PAY_AMT2
18180,0,0.4028895857588561,60,High,Maximum Payment Delay,Number of Delayed Months,Average Payment Delay
29915,0,0.0600115438060553,94,Low,Payment Trend,BILL_AMT4,BILL_AMT3
961,1,0.3603610019636376,64,High,Maximum Payment Delay,Average Payment Delay,Number of Delayed Months
588,1,0.1751352155207178,82,Medium,Maximum Payment Delay,Payment Trend,Number of Delayed Months
14221,1,0.703258957790097,30,High,Recent Payment Status,Maximum Payment Delay,Average Payment Delay
27490,0,0.1468432672819572,85,Medium,Credit Utilization,BILL_AMT3,BILL_AMT4
2687,0,0.0554178808341705,94,Low,Payment Trend,Education: University,BILL_AMT4
3556,0,0.1037267658923005,90,Medium,Credit Utilization,Bill Balance Trend,PAY_AMT6
16328,0,0.3083830253273293,69,High,PAY_AMT3,Average Payment Amount,BILL_AMT1
9023,0,0.2486283057370282,75,Medium,BILL_AMT5,Number of Delayed Months,Average Payment Amount
11696,0,0.1836175339859042,82,Medium,Credit Limit,PAY_AMT3,Average Payment Amount
17231,1,0.6907873886652895,31,High,Recent Payment Status,Maximum Payment Delay,Average Payment Delay
9924,0,0.1395315390755734,86,Medium,Credit Limit,Credit Utilization,Payment-to-Bill Ratio
2501,1,0.0428627047974694,96,Low,Education: Other,Payment Status Month 4,Payment Status Month 3
12377,0,0.1274473965313264,87,Medium,Credit Utilization,PAY_AMT6,BILL_AMT3
28299,0,0.1585571894897764,84,Medium,Credit Utilization,Credit Limit,PAY_AMT1
20993,1,0.6810578532960115,32,High,Recent Payment Status,Maximum Payment Delay,Average Payment Delay
14235,0,0.0495679014851341,95,Low,PAY_AMT5,Education: Other,Payment Status Month 4
6733,0,0.0828630809332567,92,Low,Bill Balance Trend,PAY_AMT2,Payment-to-Bill Ratio
23252,0,0.1407380447630835,86,Medium,Credit Limit,Bill Balance Trend,PAY_AMT6
16666,0,0.0532487085063361,95,Low,PAY_AMT3,BILL_AMT5,Payment Status Month 6
18358,0,0.5762693262564599,42,High,Average Payment Delay,Maximum Payment Delay,Number of Delayed Months
29599,1,0.1193522015783864,88,Medium,Credit Utilization,BILL_AMT3,Credit Limit
16263,0,0.049012037120654,95,Low,Credit Utilization,BILL_AMT4,BILL_AMT3
12164,0,0.6091583890841649,39,High,Average Payment Delay,Maximum Payment Delay,Number of Delayed Months
17461,1,0.4607198959427658,54,High,Recent Payment Status,Maximum Payment Delay,Number of Delayed Months
11464,0,0.1651585602853651,83,Medium,Credit Limit,Credit Utilization,PAY_AMT2
2680,0,0.1500879558349324,85,Medium,Credit Limit,BILL_AMT5,PAY_AMT1
23680,0,0.4224203055742933,58,High,PAY_AMT3,Average Payment Amount,Number of Delayed Months
24668,0,0.0695669833565638,93,Low,PAY_AMT2,BILL_AMT5,PAY_AMT1
20419,0,0.0866454820355893,91,Low,Bill Balance Trend,PAY_AMT1,BILL_AMT3
1759,0,0.0963393465078128,90,Low,Bill Balance Trend,PAY_AMT6,PAY_AMT1
9210,0,0.1042157964669053,90,Medium,BILL_AMT1,Payment Trend,Average Bill Amount
3838,0,0.1165973030735664,88,Medium,Bill Balance Trend,PAY_AMT2,Credit Limit
8749,0,0.0831870488792716,92,Low,Credit Utilization,BILL_AMT3,Payment-to-Bill Ratio
24847,1,0.4237556277695374,58,High,PAY_AMT3,Average Payment Amount,Number of Delayed Months
2301,0,0.6769280406892144,32,High,Recent Payment Status,Maximum Payment Delay,Number of Delayed Months
13251,0,0.2637675627849704,74,High,Maximum Payment Delay,BILL_AMT1,Number of Delayed Months
24191,0,0.0480641468472237,95,Low,PAY_AMT4,Credit Utilization,Payment Trend
11445,0,0.1695640895250815,83,Medium,Maximum Payment Delay,Average Payment Delay,Number of Delayed Months
2689,1,0.1281210582618324,87,Medium,Credit Utilization,Average Bill Amount,Payment-to-Bill Ratio
5671,0,0.382257317462475,62,High,PAY_AMT3,Average Payment Amount,BILL_AMT1
22010,0,0.0807509219946046,92,Low,Payment Trend,Average Payment Amount,PAY_AMT1
17731,0,0.2123037717060147,79,Medium,Bill Balance Trend,BILL_AMT1,Number of Delayed Months
105,0,0.6431251428924195,36,High,Recent Payment Status,Maximum Payment Delay,Average Payment Delay
2455,0,0.0453193281099673,95,Low,BILL_AMT3,BILL_AMT4,Education: Other
24146,0,0.0491091731498115,95,Low,Average Bill Amount,PAY_AMT2,PAY_AMT6
20170,0,0.0535425758094398,95,Low,Credit Utilization,BILL_AMT3,Average Bill Amount
6152,0,0.2625818695353498,74,High,BILL_AMT5,Credit Utilization,Credit Limit
22600,0,0.0421745605190625,96,Low,BILL_AMT1,Average Bill Amount,BILL_AMT5
14447,1,0.694104976368601,31,High,Recent Payment Status,Maximum Payment Delay,Average Payment Delay
28207,1,0.416159988630667,58,High,PAY_AMT3,Average Payment Amount,BILL_AMT1
20837,0,0.0804880174175217,92,Low,Credit Utilization,PAY_AMT4,Bill Balance Trend
11287,0,0.2576847082887919,74,High,Maximum Payment Delay,BILL_AMT1,Number of Delayed Months
18166,0,0.1576946023824969,84,Medium,Credit Limit,Credit Utilization,PAY_AMT6
27463,0,0.0395530362016869,96,Low,PAY_AMT5,Average Bill Amount,Education: Other
3841,0,0.1516036143584807,85,Medium,Maximum Payment Delay,Number of Delayed Months,Bill Balance Trend
13340,0,0.042797907100742,96,Low,Payment Trend,BILL_AMT3,Education: University
21807,0,0.1373877524408973,86,Medium,BILL_AMT5,PAY_AMT3,Average Payment Amount
6065,0,0.1668789249238127,83,Medium,Credit Utilization,BILL_AMT3,Payment-to-Bill Ratio
22397,0,0.1035840874879281,90,Medium,Credit Utilization,Bill Balance Trend,BILL_AMT3
23897,0,0.077104496648188,92,Low,Payment-to-Bill Ratio,BILL_AMT3,BILL_AMT4
17775,1,0.6683288808636427,33,High,Recent Payment Status,Maximum Payment Delay,Average Payment Delay
250,0,0.1077886413600855,89,Medium,Credit Limit,PAY_AMT2,PAY_AMT1
29409,1,0.5358428283139234,46,High,Average Payment Delay,Maximum Payment Delay,Number of Delayed Months
2726,0,0.4159856811673872,58,High,PAY_AMT3,Average Payment Amount,Number of Delayed Months
23227,0,0.1000121423108988,90,Medium,Credit Utilization,Average Bill Amount,Average Payment Amount
15862,1,0.7023433753588805,30,High,Recent Payment Status,Maximum Payment Delay,Average Payment Delay
25851,1,0.3464192656995947,65,High,PAY_AMT3,Average Payment Amount,BILL_AMT1
24265,0,0.1632312355061544,84,Medium,Credit Limit,Average Payment Amount,PAY_AMT2
6947,1,0.555526521867086,44,High,Recent Payment Status,Maximum Payment Delay,Number of Delayed Months
20144,0,0.0388881808256582,96,Low,Average Payment Amount,Payment Trend,Average Bill Amount
22753,0,0.1011091799488211,90,Medium,Total Payment Amount,BILL_AMT3,Credit Utilization
20573,1,0.4084420076741692,59,High,Maximum Payment Delay,Average Payment Delay,Number of Delayed Months
10140,1,0.0589058034115661,94,Low,Payment Trend,PAY_AMT1,BILL_AMT3
23144,0,0.1205713586288865,88,Medium,Credit Utilization,BILL_AMT3,BILL_AMT4
8357,0,0.1478778957488855,85,Medium,Number of Delayed Months,BILL_AMT1,PAY_AMT2
1990,1,0.160152981734304,84,Medium,Credit Utilization,Bill Balance Trend,Credit Limit
3077,1,0.0888553160054291,91,Low,Credit Limit,PAY_AMT2,Average Payment Amount
11895,0,0.1441021465644345,86,Medium,Credit Utilization,Credit Limit,BILL_AMT3
10466,0,0.0447402601711996,96,Low,BILL_AMT2,Payment Trend,Bill Balance Trend
29769,0,0.1265080813016341,87,Medium,Credit Limit,PAY_AMT2,BILL_AMT3
29453,1,0.3250923509263459,67,High,Maximum Payment Delay,Credit Limit,Number of Delayed Months
20913,0,0.3083830253273293,69,High,PAY_AMT3,Average Payment Amount,BILL_AMT1
26767,0,0.1728166085977408,83,Medium,Credit Utilization,Credit Limit,BILL_AMT4
29652,1,0.556629531552933,44,High,Maximum Payment Delay,Recent Payment Status,Average Payment Delay
27871,0,0.2052476490872448,79,Medium,PAY_AMT3,Average Payment Amount,BILL_AMT5
11317,0,0.0824777603730721,92,Low,PAY_AMT1,BILL_AMT6,PAY_AMT5
5676,0,0.2564995333562185,74,High,PAY_AMT3,Number of Delayed Months,BILL_AMT1
23434,0,0.1222001833700171,88,Medium,Credit Utilization,Payment Trend,Average Bill Amount
23337,0,0.0895612120869546,91,Low,Bill Balance Trend,PAY_AMT2,PAY_AMT1
24647,1,0.11072966525178,89,Medium,Credit Utilization,BILL_AMT3,Credit Limit
20738,0,0.5396911295352026,46,High,Maximum Payment Delay,Recent Payment Status,Average Payment Delay
15498,1,0.5289675384691258,47,High,Average Payment Delay,Maximum Payment Delay,Number of Delayed Months
29261,0,0.3344288112223592,67,High,Credit Limit,Credit Utilization,Bill Balance Trend
20084,0,0.4224203055742933,58,High,PAY_AMT3,Average Payment Amount,Number of Delayed Months
12375,1,0.6779689022264409,32,High,Recent Payment Status,Maximum Payment Delay,Average Payment Delay
17686,1,0.5826246337270712,42,High,Recent Payment Status,Maximum Payment Delay,Number of Delayed Months
5678,0,0.1911152262160916,81,Medium,Credit Utilization,Credit Limit,Payment Trend
22808,0,0.0803059658361051,92,Low,Credit Utilization,Payment-to-Bill Ratio,Average Bill Amount
28528,0,0.0572459493361134,94,Low,PAY_AMT6,PAY_AMT5,Average Bill Amount
18264,1,0.0804564627961864,92,Low,Payment-to-Bill Ratio,Bill Balance Trend,BILL_AMT3
8246,0,0.1439905689438179,86,Medium,PAY_AMT3,BILL_AMT1,BILL_AMT5
10036,0,0.0981175165544534,90,Low,Credit Utilization,Payment-to-Bill Ratio,BILL_AMT3
10444,0,0.0476411185944728,95,Low,Payment Trend,PAY_AMT3,PAY_AMT6
1417,0,0.1881419840847305,81,Medium,Credit Limit,Payment Trend,PAY_AMT6
327,1,0.4860435332897689,51,High,Maximum Payment Delay,Number of Delayed Months,Average Payment Delay
7996,0,0.0685977342243843,93,Low,Credit Utilization,Payment-to-Bill Ratio,BILL_AMT3
7440,1,0.4424617348575406,56,High,Credit Limit,BILL_AMT5,PAY_AMT3
23884,0,0.2623073844849219,74,High,Maximum Payment Delay,Credit Utilization,Number of Delayed Months
21033,0,0.1809032333721397,82,Medium,BILL_AMT1,Number of Delayed Months,PAY_AMT4
19547,0,0.1801146531370758,82,Medium,Credit Limit,Credit Utilization,PAY_AMT2
9336,0,0.0517427838415462,95,Low,Credit Utilization,Average Bill Amount,Education: Other
22627,0,0.0740705083654188,93,Low,Bill Balance Trend,PAY_AMT1,BILL_AMT3
7099,0,0.1007611554267398,90,Medium,Payment-to-Bill Ratio,PAY_AMT6,BILL_AMT3
17178,0,0.1920507569778012,81,Medium,Maximum Payment Delay,PAY_AMT3,Payment Trend
27475,0,0.0500155564098033,95,Low,Payment-to-Bill Ratio,BILL_AMT3,PAY_AMT5
21204,1,0.3967371718647414,60,High,Recent Payment Status,Maximum Payment Delay,Number of Delayed Months
25940,0,0.0744106135051279,93,Low,Bill Balance Trend,Payment Trend,PAY_AMT1
29928,0,0.0653584806712872,93,Low,Credit Utilization,Bill Balance Trend,Average Bill Amount
4731,0,0.0476451965447537,95,Low,PAY_AMT6,BILL_AMT4,Education: Other
14090,0,0.0765484146518865,92,Low,Credit Utilization,BILL_AMT3,Payment-to-Bill Ratio
21559,0,0.2704136356912513,73,High,Maximum Payment Delay,Credit Utilization,Number of Delayed Months
10593,0,0.200784071672591,80,Medium,PAY_AMT3,BILL_AMT5,BILL_AMT1
23273,0,0.2794464706909763,72,High,PAY_AMT3,BILL_AMT5,Number of Delayed Months
14663,0,0.0465683562728319,95,Low,PAY_AMT4,Payment Trend,Total Payment Amount
27957,0,0.0800968478286713,92,Low,PAY_AMT6,Average Bill Amount,BILL_AMT5
15900,0,0.1129666702200031,89,Medium,BILL_AMT1,Average Bill Amount,PAY_AMT2
22494,0,0.1121034618685041,89,Medium,Credit Utilization,Payment-to-Bill Ratio,BILL_AMT3
23177,0,0.0691967066496419,93,Low,PAY_AMT4,Payment Trend,PAY_AMT2
2300,0,0.139281807362774,86,Medium,PAY_AMT3,BILL_AMT5,PAY_AMT2
353,1,0.462440121535749,54,High,PAY_AMT3,Average Payment Amount,BILL_AMT1
17837,1,0.7110137517521343,29,High,Recent Payment Status,Maximum Payment Delay,Average Payment Delay
3506,0,0.0969758027385758,90,Low,BILL_AMT5,PAY_AMT3,PAY_AMT2
15025,0,0.3327847915907544,67,High,Maximum Payment Delay,Number of Delayed Months,Credit Limit
21709,0,0.5031907712184398,50,High,Average Payment Delay,Maximum Payment Delay,Number of Delayed Months
26656,0,0.3708816214823651,63,High,Maximum Payment Delay,Credit Limit,Number of Delayed Months
2616,0,0.060726711711793,94,Low,PAY_AMT4,Average Payment Amount,Average Bill Amount
27606,0,0.2660468673244295,73,High,Maximum Payment Delay,Number of Delayed Months,Average Payment Delay
9695,1,0.6940580998764281,31,High,Recent Payment Status,Maximum Payment Delay,Average Payment Delay
24275,0,0.0434776891820647,96,Low,Bill Balance Trend,BILL_AMT4,BILL_AMT3
27706,0,0.0809605745039966,92,Low,Credit Utilization,Bill Balance Trend,PAY_AMT5
21271,0,0.0894394439883211,91,Low,Credit Utilization,BILL_AMT3,BILL_AMT4
247,0,0.0638834725242542,94,Low,BILL_AMT5,PAY_AMT2,PAY_AMT1
28077,1,0.5925281386855351,41,High,Recent Payment Status,Maximum Payment Delay,Number of Delayed Months
25175,1,0.3977411485996477,60,High,Maximum Payment Delay,Credit Utilization,Number of Delayed Months
9589,0,0.062190033045464,94,Low,Payment Trend,PAY_AMT2,Credit Limit
7300,0,0.0773613849185105,92,Low,PAY_AMT1,Average Bill Amount,Payment Status Month 6
19080,0,0.0787698545266534,92,Low,Credit Utilization,Credit Limit,BILL_AMT3
7799,0,0.2878691859152805,71,High,Maximum Payment Delay,Credit Utilization,Credit Limit
21961,1,0.7152002457430311,28,High,Recent Payment Status,Maximum Payment Delay,Average Payment Delay
12198,1,0.274652308899769,73,High,Maximum Payment Delay,Number of Delayed Months,Bill Balance Trend
13705,0,0.0462952135287421,95,Low,BILL_AMT4,Education: Other,Payment Status Month 4
12797,1,0.4959065744220781,50,High,Maximum Payment Delay,Credit Limit,Number of Delayed Months
10863,0,0.2202951208477132,78,Medium,Average Payment Amount,BILL_AMT5,Number of Delayed Months
7322,0,0.0418187572628472,96,Low,Average Payment Amount,Payment Trend,Total Payment Amount
18884,0,0.4237556277695374,58,High,PAY_AMT3,Average Payment Amount,Number of Delayed Months
7061,0,0.3365265801686186,66,High,Maximum Payment Delay,Number of Delayed Months,Bill Balance Trend
20255,1,0.7186187497385538,28,High,Recent Payment Status,Maximum Payment Delay,Average Payment Delay
23435,0,0.1033387910729555,90,Medium,BILL_AMT1,PAY_AMT2,BILL_AMT5
9211,1,0.1965910652034739,80,Medium,Maximum Payment Delay,Payment Trend,Number of Delayed Months
11349,0,0.0765985154525927,92,Low,Credit Utilization,BILL_AMT3,Education: University
15178,0,0.3420206041296827,66,High,Maximum Payment Delay,Bill Balance Trend,Number of Delayed Months
6398,0,0.0674383079338052,93,Low,PAY_AMT2,Education: University,Payment Status Month 4
17149,0,0.6079517594115993,39,High,Average Payment Delay,Maximum Payment Delay,Number of Delayed Months
1096,0,0.0774670113233227,92,Low,Payment-to-Bill Ratio,Average Bill Amount,Credit Limit
15946,0,0.0542547078114229,95,Low,PAY_AMT1,BILL_AMT3,Education: University
4895,0,0.2965640028055703,70,High,BILL_AMT1,PAY_AMT3,Number of Delayed Months
22844,1,0.1658567874029465,83,Medium,Credit Utilization,Credit Limit,PAY_AMT1
13671,0,0.2047084374838118,80,Medium,BILL_AMT1,Average Payment Amount,Bill Balance Trend
16104,0,0.5633331163299063,44,High,Maximum Payment Delay,Average Payment Delay,Credit Limit
11555,1,0.5382019793721443,46,High,Maximum Payment Delay,Recent Payment Status,Number of Delayed Months
19668,0,0.6316597892502891,37,High,Recent Payment Status,Maximum Payment Delay,Credit Utilization
19832,1,0.4348741438129622,57,High,Maximum Payment Delay,Average Payment Delay,Number of Delayed Months
2445,0,0.2449054583968509,76,Medium,Maximum Payment Delay,Credit Utilization,Number of Delayed Months
4058,0,0.2673597721784885,73,High,Credit Limit,Credit Utilization,PAY_AMT2
391,0,0.4571571885863126,54,High,PAY_AMT3,Average Payment Amount,BILL_AMT1
17507,0,0.2171346107143049,78,Medium,PAY_AMT3,BILL_AMT1,Bill Balance Trend
27946,0,0.2598796165862965,74,High,BILL_AMT1,PAY_AMT3,Average Bill Amount
4311,0,0.2034477521645569,80,Medium,PAY_AMT3,BILL_AMT5,Average Payment Amount
22312,0,0.1447329571547276,86,Medium,Credit Utilization,Payment-to-Bill Ratio,BILL_AMT6
27363,0,0.1305363098449576,87,Medium,BILL_AMT5,PAY_AMT3,Average Payment Amount
578,0,0.2614681579773232,74,High,Maximum Payment Delay,Payment Trend,Number of Delayed Months
16365,0,0.1210546541601395,88,Medium,BILL_AMT1,BILL_AMT5,PAY_AMT2
485,0,0.1771497020193063,82,Medium,BILL_AMT1,PAY_AMT2,PAY_AMT1
2897,0,0.4144372797714314,59,High,PAY_AMT3,Average Payment Amount,Number of Delayed Months
21212,0,0.0605191027820717,94,Low,Payment-to-Bill Ratio,Bill Balance Trend,PAY_AMT5
20547,0,0.0623787992581108,94,Low,Bill Balance Trend,Credit Utilization,Total Payment Amount
18472,0,0.2475707465109212,75,Medium,PAY_AMT3,BILL_AMT1,Number of Delayed Months
18751,0,0.0679696032939424,93,Low,Bill Balance Trend,PAY_AMT1,BILL_AMT3
24380,0,0.0816103415932452,92,Low,Payment Trend,BILL_AMT5,BILL_AMT1
24891,0,0.2863680797325109,71,High,Average Payment Delay,Maximum Payment Delay,Number of Delayed Months
4263,1,0.5907580132343698,41,High,Maximum Payment Delay,Average Payment Delay,Number of Delayed Months
3708,0,0.1391801325160589,86,Medium,Credit Utilization,BILL_AMT3,BILL_AMT4
17870,0,0.0562390930340251,94,Low,PAY_AMT3,BILL_AMT1,Payment Status Month 4
5177,0,0.0485798647027342,95,Low,PAY_AMT4,Payment Status Month 6,Payment Status Month 4
12199,0,0.0764756317371728,92,Low,Credit Utilization,Payment-to-Bill Ratio,BILL_AMT3
18041,0,0.1462176831062527,85,Medium,Credit Limit,BILL_AMT1,Bill Balance Trend
27450,0,0.1785545955075544,82,Medium,Credit Limit,Credit Utilization,PAY_AMT2
5091,0,0.1507151662933603,85,Medium,Credit Limit,Credit Utilization,PAY_AMT2
8724,0,0.6976692449932336,30,High,Recent Payment Status,Maximum Payment Delay,Average Payment Delay
1329,0,0.0802507537290919,92,Low,Credit Utilization,BILL_AMT3,Bill Balance Trend
7892,0,0.0705000575312419,93,Low,Average Payment Amount,Bill Balance Trend,PAY_AMT3
9334,0,0.0450137962021194,95,Low,Bill Balance Trend,PAY_AMT4,BILL_AMT4
1402,0,0.6201667963041945,38,High,Recent Payment Status,Maximum Payment Delay,Number of Delayed Months
25421,1,0.5254085337714802,47,High,Recent Payment Status,Maximum Payment Delay,Number of Delayed Months
23255,0,0.0816412115322512,92,Low,BILL_AMT5,PAY_AMT6,PAY_AMT5
13120,0,0.0597524773750063,94,Low,Bill Balance Trend,BILL_AMT3,BILL_AMT4
17621,0,0.1292258848468354,87,Medium,BILL_AMT1,Bill Balance Trend,PAY_AMT6
26476,1,0.2598767372524263,74,High,Maximum Payment Delay,Credit Utilization,Number of Delayed Months
15100,0,0.1069297076646841,89,Medium,BILL_AMT5,PAY_AMT3,Payment Trend
29632,0,0.1451910283043269,85,Medium,Credit Limit,Credit Utilization,Payment-to-Bill Ratio
2582,0,0.2888674432322551,71,High,Maximum Payment Delay,Credit Utilization,Number of Delayed Months
29571,1,0.7122577699705922,29,High,Recent Payment Status,Maximum Payment Delay,Average Payment Delay
29959,0,0.0996286052406485,90,Low,Average Payment Amount,BILL_AMT1,PAY_AMT2
23777,0,0.1015637952516821,90,Medium,Bill Balance Trend,PAY_AMT2,PAY_AMT1
19616,0,0.1324810325806083,87,Medium,Payment Trend,Credit Utilization,Credit Limit
5353,0,0.496572982292701,50,High,Maximum Payment Delay,Average Payment Delay,Number of Delayed Months
13034,0,0.0864274739361819,91,Low,Payment Trend,BILL_AMT1,BILL_AMT3
25301,0,0.1269002224843055,87,Medium,Credit Limit,PAY_AMT6,PAY_AMT1
15285,0,0.0534078692654392,95,Low,Payment-to-Bill Ratio,PAY_AMT5,Education: Other
6228,0,0.1910408895743611,81,Medium,Credit Utilization,Credit Limit,PAY_AMT2
6827,0,0.2561969191952541,74,High,Maximum Payment Delay,Credit Utilization,Number of Delayed Months
3333,1,0.1360258179540711,86,Medium,BILL_AMT1,Credit Limit,PAY_AMT1
5666,1,0.1134207513153299,89,Medium,Credit Utilization,Payment-to-Bill Ratio,BILL_AMT3
15235,1,0.1728317897252059,83,Medium,Maximum Payment Delay,Payment Trend,Number of Delayed Months
11782,0,0.070953599858594,93,Low,PAY_AMT3,PAY_AMT1,PAY_AMT5
24729,0,0.0751661695337111,92,Low,PAY_AMT4,Credit Utilization,Payment Trend
25811,0,0.0503077502956057,95,Low,BILL_AMT1,Payment Status Month 4,BILL_AMT3
6090,0,0.4356197374952717,56,High,Maximum Payment Delay,Average Payment Delay,Number of Delayed Months
3591,0,0.2841718907348322,72,High,Credit Limit,Credit Utilization,Bill Balance Trend
15202,1,0.7005412873817766,30,High,Recent Payment Status,Maximum Payment Delay,Average Payment Delay
1023,0,0.1052156902085312,89,Medium,Payment-to-Bill Ratio,PAY_AMT6,BILL_AMT3
14823,1,0.229999502786688,77,Medium,PAY_AMT3,BILL_AMT1,Average Payment Amount
2932,0,0.2368251596710739,76,Medium,Maximum Payment Delay,Number of Delayed Months,PAY_AMT1
706,1,0.1253361884575483,87,Medium,Credit Limit,Bill Balance Trend,PAY_AMT1
18255,0,0.1277800189443124,87,Medium,Credit Utilization,BILL_AMT3,BILL_AMT4
13933,0,0.5970332569038245,40,High,Average Payment Delay,Maximum Payment Delay,Number of Delayed Months
13798,0,0.4858129335523219,51,High,Average Payment Delay,Maximum Payment Delay,Number of Delayed Months
23590,0,0.0779923421880332,92,Low,Credit Utilization,Bill Balance Trend,Average Bill Amount
20699,1,0.1031444980963351,90,Medium,BILL_AMT3,PAY_AMT6,PAY_AMT1
14693,1,0.4549550632895535,55,High,Average Payment Delay,Maximum Payment Delay,Number of Delayed Months
19310,0,0.0551601048674286,94,Low,Credit Utilization,BILL_AMT3,Bill Balance Trend
22103,0,0.0831055058466992,92,Low,Credit Limit,Credit Utilization,Education: Other
10076,1,0.1818795022105233,82,Medium,Average Payment Amount,Number of Delayed Months,BILL_AMT1
11043,0,0.0842086294331002,92,Low,Credit Utilization,BILL_AMT3,BILL_AMT4
285,0,0.0617262999752508,94,Low,BILL_AMT3,Bill Balance Trend,Education: Graduate School
17797,0,0.117746142231765,88,Medium,BILL_AMT1,PAY_AMT6,BILL_AMT5
21449,0,0.0733754338892232,93,Low,BILL_AMT1,BILL_AMT2,Average Payment Amount
6929,0,0.0825308250591615,92,Low,Credit Utilization,BILL_AMT3,Average Bill Amount
21791,0,0.1271293243398249,87,Medium,Number of Delayed Months,BILL_AMT1,PAY_AMT1
22440,0,0.0694509224796379,93,Low,Payment Trend,Bill Balance Trend,BILL_AMT3
12525,0,0.6931645614801129,31,High,Recent Payment Status,Maximum Payment Delay,Average Payment Delay
8209,1,0.0739008016640861,93,Low,PAY_AMT3,BILL_AMT5,PAY_AMT6
10521,0,0.3509101136459386,65,High,Maximum Payment Delay,Number of Delayed Months,Credit Limit
28894,0,0.2987826530098941,70,High,Maximum Payment Delay,Recent Payment Status,Average Payment Delay
18366,0,0.1805038768770114,82,Medium,Credit Limit,Payment Trend,BILL_AMT5
3304,0,0.0440740280074745,96,Low,Bill Balance Trend,BILL_AMT3,Education: University
5021,0,0.0469799678580174,95,Low,BILL_AMT3,Bill Balance Trend,Education: University
9016,0,0.0814848112414412,92,Low,Credit Utilization,Credit Limit,BILL_AMT4
13084,1,0.6945414744292538,31,High,Recent Payment Status,Maximum Payment Delay,Average Payment Delay
6921,1,0.1770207853416348,82,Medium,PAY_AMT3,BILL_AMT1,PAY_AMT6
21995,0,0.0657314136193578,93,Low,PAY_AMT1,Average Bill Amount,Education: Other
6229,1,0.5887762353927993,41,High,Recent Payment Status,Maximum Payment Delay,Average Payment Amount
12751,1,0.6164877370551864,38,High,Maximum Payment Delay,Average Payment Delay,Number of Delayed Months
22353,0,0.1948561987270746,81,Medium,Maximum Payment Delay,Bill Balance Trend,BILL_AMT6
3116,0,0.2246821789807289,78,Medium,Maximum Payment Delay,Average Payment Delay,Number of Delayed Months
14960,0,0.3059666783791574,69,High,Credit Limit,Credit Utilization,PAY_AMT2
12568,0,0.0669675755082949,93,Low,Payment Trend,Credit Utilization,Average Payment Amount
2643,0,0.2707036862061865,73,High,Maximum Payment Delay,Number of Delayed Months,Credit Limit
7207,0,0.2612395115784851,74,High,Maximum Payment Delay,PAY_AMT3,Number of Delayed Months
29727,1,0.7158595077762734,28,High,Recent Payment Status,Maximum Payment Delay,Average Payment Delay
8775,0,0.1328431963028018,87,Medium,Maximum Payment Delay,Number of Delayed Months,PAY_AMT2
525,0,0.054183800268747,95,Low,Bill Balance Trend,BILL_AMT3,PAY_AMT4
3492,0,0.0475215380715438,95,Low,BILL_AMT5,PAY_AMT4,BILL_AMT4
22901,1,0.7021999722742857,30,High,Recent Payment Status,Maximum Payment Delay,Average Payment Delay
15532,1,0.5470138333855774,45,High,Recent Payment Status,Maximum Payment Delay,Number of Delayed Months
9426,0,0.4384809203778494,56,High,Maximum Payment Delay,Average Payment Delay,Number of Delayed Months
16456,0,0.6650900814543564,33,High,Recent Payment Status,Maximum Payment Delay,Average Payment Delay
9400,1,0.1255065488493137,87,Medium,Credit Utilization,Payment Trend,BILL_AMT3
17937,0,0.1538149010511562,85,Medium,Credit Utilization,Credit Limit,PAY_AMT1
21840,0,0.0810403153279071,92,Low,PAY_AMT2,PAY_AMT6,Average Payment Amount
18559,0,0.0636975727104309,94,Low,Payment-to-Bill Ratio,PAY_AMT2,PAY_AMT6
22125,1,0.7090507898997358,29,High,Recent Payment Status,Maximum Payment Delay,Average Payment Delay
25520,0,0.1425481760627579,86,Medium,Maximum Payment Delay,PAY_AMT3,BILL_AMT1
1139,0,0.2363122257105532,76,Medium,Maximum Payment Delay,Credit Utilization,Number of Delayed Months
17994,0,0.0481224987604674,95,Low,Bill Balance Trend,Education: Other,Payment Status Month 4
13616,0,0.2426878567491581,76,Medium,Payment Trend,PAY_AMT3,Number of Delayed Months
6354,0,0.2063122467153133,79,Medium,BILL_AMT5,Number of Delayed Months,PAY_AMT4
8225,0,0.5391323118306038,46,High,Average Payment Delay,Maximum Payment Delay,Number of Delayed Months
306,0,0.1471685981754553,85,Medium,PAY_AMT3,BILL_AMT1,PAY_AMT6
19009,0,0.040264368889069,96,Low,PAY_AMT6,BILL_AMT3,Payment Status Month 4
8530,0,0.0607259914346354,94,Low,Payment Trend,PAY_AMT4,PAY_AMT6
27545,0,0.5114978081832856,49,High,Maximum Payment Delay,Average Payment Delay,Number of Delayed Months
5593,0,0.6853373540629976,31,High,Recent Payment Status,Maximum Payment Delay,Average Payment Delay
6216,0,0.3693254576608867,63,High,Maximum Payment Delay,Average Payment Delay,Number of Delayed Months
18435,0,0.0820258092862846,92,Low,BILL_AMT1,PAY_AMT1,Payment Trend
7411,0,0.2463225761085471,75,Medium,Credit Limit,Credit Utilization,Bill Balance Trend
12217,1,0.6975426389870903,30,High,Recent Payment Status,Maximum Payment Delay,Average Payment Delay
22756,1,0.0817145961011955,92,Low,BILL_AMT1,Average Bill Amount,BILL_AMT5
27461,0,0.1043281376546037,90,Medium,BILL_AMT1,PAY_AMT2,PAY_AMT1
10236,0,0.0791870096273048,92,Low,BILL_AMT5,PAY_AMT6,Average Payment Amount
13005,0,0.1572507110894916,84,Medium,PAY_AMT3,BILL_AMT5,BILL_AMT1
7792,0,0.2022907829351259,80,Medium,BILL_AMT1,Average Payment Amount,Bill Balance Trend
29970,0,0.0554788060909148,94,Low,BILL_AMT3,BILL_AMT4,PAY_AMT3
28242,0,0.1498618930136735,85,Medium,Maximum Payment Delay,Credit Utilization,Number of Delayed Months
21144,1,0.1162840217770651,88,Medium,Credit Limit,Credit Utilization,PAY_AMT1
15550,0,0.0445250175131799,96,Low,Payment Trend,Bill Balance Trend,BILL_AMT6
27186,0,0.19606262283244,80,Medium,Maximum Payment Delay,Number of Delayed Months,PAY_AMT2
12635,0,0.0436531735879756,96,Low,BILL_AMT1,Bill Balance Trend,PAY_AMT6
23630,0,0.101657224954995,90,Medium,BILL_AMT5,PAY_AMT2,Payment-to-Bill Ratio
5547,0,0.1782416745800536,82,Medium,Credit Limit,Credit Utilization,Average Payment Amount
9002,0,0.0826349366125248,92,Low,BILL_AMT1,Bill Balance Trend,PAY_AMT1
29117,0,0.1778308340791927,82,Medium,Credit Limit,Credit Utilization,Bill Balance Trend
15254,0,0.0439584055629988,96,Low,Bill Balance Trend,PAY_AMT5,Education: Other
15226,1,0.4697521280759509,53,High,Average Payment Delay,Maximum Payment Delay,Number of Delayed Months
22518,0,0.1770939385257304,82,Medium,Credit Limit,BILL_AMT1,Payment Trend
11066,0,0.1859451256892202,81,Medium,Credit Limit,PAY_AMT2,BILL_AMT5
19878,0,0.163609227716739,84,Medium,Credit Utilization,Credit Limit,PAY_AMT6
18198,0,0.0573145710594263,94,Low,Payment Trend,PAY_AMT3,BILL_AMT5
4857,0,0.1465284182334242,85,Medium,Credit Limit,PAY_AMT6,Payment-to-Bill Ratio
3913,0,0.1223286890338085,88,Medium,Credit Utilization,BILL_AMT3,Payment-to-Bill Ratio
21250,0,0.1021368313135409,90,Medium,PAY_AMT4,BILL_AMT1,PAY_AMT1
27500,1,0.7174465656672325,28,High,Recent Payment Status,Maximum Payment Delay,Average Payment Delay
10517,0,0.0801626729650317,92,Low,Credit Utilization,PAY_AMT4,Payment Trend
4805,0,0.0894334505250148,91,Low,Credit Limit,PAY_AMT1,BILL_AMT4
26736,0,0.10113555490711,90,Medium,Credit Utilization,Bill Balance Trend,BILL_AMT3
729,0,0.0602341942934011,94,Low,PAY_AMT6,BILL_AMT6,BILL_AMT5
28993,0,0.104036488871924,90,Medium,Credit Utilization,Payment-to-Bill Ratio,BILL_AMT3
23506,1,0.5726227558376132,43,High,Average Payment Delay,Maximum Payment Delay,Number of Delayed Months
19331,0,0.0572760592439874,94,Low,Payment Trend,PAY_AMT3,PAY_AMT6
217,1,0.2380226867688352,76,Medium,BILL_AMT5,PAY_AMT3,Average Payment Amount
18497,0,0.0603852824951346,94,Low,Payment-to-Bill Ratio,PAY_AMT1,PAY_AMT4
23221,0,0.433043604876188,57,High,Maximum Payment Delay,Number of Delayed Months,BILL_AMT1
11280,0,0.206611019706823,79,Medium,PAY_AMT3,BILL_AMT1,BILL_AMT5
224,0,0.0406293675542514,96,Low,BILL_AMT4,PAY_AMT3,Education: University
17912,1,0.233935505893912,77,Medium,Credit Limit,Bill Balance Trend,Credit Utilization
25532,0,0.3303751399585014,67,High,PAY_AMT3,Average Payment Amount,BILL_AMT1
19343,0,0.4150307974580751,58,High,PAY_AMT3,Average Payment Amount,Number of Delayed Months
21398,0,0.1161985802732865,88,Medium,Credit Utilization,BILL_AMT6,Average Bill Amount
22386,1,0.0786047157845558,92,Low,BILL_AMT1,PAY_AMT1,PAY_AMT5
11550,1,0.1180037733602608,88,Medium,Credit Utilization,Bill Balance Trend,BILL_AMT4
21790,1,0.6792937886753613,32,High,Recent Payment Status,Maximum Payment Delay,Average Payment Delay
29142,0,0.0439377433106558,96,Low,Average Payment Amount,Bill Balance Trend,BILL_AMT4
5517,0,0.6335075530625334,37,High,Recent Payment Status,Maximum Payment Delay,Number of Delayed Months
20191,0,0.0497332424218316,95,Low,Payment Trend,Bill Balance Trend,BILL_AMT6
3129,0,0.3754191726421694,62,High,Maximum Payment Delay,Credit Utilization,Number of Delayed Months
27859,1,0.6038274317646358,40,High,Recent Payment Status,Maximum Payment Delay,Number of Delayed Months
13113,0,0.1004872933230681,90,Medium,Credit Utilization,Payment-to-Bill Ratio,BILL_AMT3
7157,0,0.164696507929828,84,Medium,Credit Utilization,Credit Limit,BILL_AMT3
22062,0,0.0902750512074077,91,Low,Credit Utilization,Payment Trend,BILL_AMT3
17435,0,0.2038429346760386,80,Medium,BILL_AMT1,PAY_AMT2,Credit Limit
8852,0,0.1271403940401337,87,Medium,Credit Limit,BILL_AMT1,PAY_AMT3
6503,0,0.1106545711537014,89,Medium,PAY_AMT3,BILL_AMT5,PAY_AMT4
7984,0,0.0965284861888151,90,Low,BILL_AMT1,PAY_AMT6,Average Bill Amount
1066,0,0.0804783618606403,92,Low,Credit Utilization,Average Payment Amount,Payment Trend
17988,0,0.046088682762519,95,Low,Bill Balance Trend,BILL_AMT4,BILL_AMT3
9465,0,0.0874716543657932,91,Low,Credit Utilization,BILL_AMT4,BILL_AMT3
28188,1,0.3259218619407658,67,High,BILL_AMT1,PAY_AMT3,PAY_AMT2
21684,0,0.1632110447745963,84,Medium,Credit Utilization,Credit Limit,PAY_AMT1
29642,0,0.0711076226709085,93,Low,Credit Utilization,Payment-to-Bill Ratio,Average Bill Amount
5370,0,0.0745242046629992,93,Low,Bill Balance Trend,Payment-to-Bill Ratio,Average Bill Amount
15989,1,0.1008784242855619,90,Medium,PAY_AMT2,PAY_AMT4,Credit Limit
2318,0,0.1330805076108426,87,Medium,Credit Limit,Credit Utilization,PAY_AMT6
4008,0,0.2737542143202113,73,High,PAY_AMT3,Average Payment Amount,Number of Delayed Months
16842,0,0.1386676717657634,86,Medium,BILL_AMT5,BILL_AMT1,Average Payment Amount
1504,0,0.1835716475044731,82,Medium,PAY_AMT4,Credit Limit,Credit Utilization
10456,0,0.1125820662977279,89,Medium,Credit Utilization,BILL_AMT3,Payment-to-Bill Ratio
9767,0,0.2221547968111391,78,Medium,BILL_AMT1,Payment Trend,Number of Delayed Months
7059,0,0.101198207841921,90,Medium,Payment Trend,BILL_AMT1,Bill Balance Trend
29614,0,0.0707673485029267,93,Low,Credit Utilization,Average Bill Amount,BILL_AMT3
4977,0,0.3333158730028187,67,High,PAY_AMT3,Average Payment Amount,BILL_AMT1
2748,0,0.0758994472138641,92,Low,Payment-to-Bill Ratio,Bill Balance Trend,Credit Utilization
28481,0,0.2808817952393816,72,High,PAY_AMT3,Number of Delayed Months,Average Payment Amount
14533,0,0.0805758879476471,92,Low,Payment Trend,Average Bill Amount,BILL_AMT2
2172,0,0.0619349619636333,94,Low,PAY_AMT2,PAY_AMT1,BILL_AMT3
14304,0,0.3453190230017044,65,High,Maximum Payment Delay,Average Payment Delay,Number of Delayed Months
27694,0,0.3148645785704782,69,High,Maximum Payment Delay,Number of Delayed Months,Credit Limit
12628,1,0.1880621049368056,81,Medium,PAY_AMT3,BILL_AMT1,PAY_AMT1
4878,0,0.088646367631661,91,Low,Credit Limit,PAY_AMT6,PAY_AMT1
14922,0,0.0749484647981909,93,Low,Credit Utilization,BILL_AMT3,PAY_AMT2
5947,1,0.0558704824100595,94,Low,PAY_AMT1,Credit Limit,Bill Balance Trend
4382,0,0.2304276326592986,77,Medium,Credit Limit,BILL_AMT1,PAY_AMT2
13652,0,0.2331859188960284,77,Medium,BILL_AMT1,Average Payment Amount,PAY_AMT2
9478,1,0.136765708538201,86,Medium,Credit Limit,BILL_AMT1,PAY_AMT6
8188,1,0.1365516021771616,86,Medium,Maximum Payment Delay,Number of Delayed Months,PAY_AMT3
12278,0,0.0667991881314091,93,Low,Credit Limit,BILL_AMT4,Education: Graduate School
26881,0,0.6544273343108826,35,High,Recent Payment Status,Maximum Payment Delay,PAY_AMT4
3585,0,0.0556685587798339,94,Low,Bill Balance Trend,Payment Trend,Education: Other
14197,0,0.0626820787044485,94,Low,PAY_AMT6,PAY_AMT2,BILL_AMT3
24989,1,0.5513599151250645,45,High,Average Payment Delay,Maximum Payment Delay,Number of Delayed Months
10233,1,0.3279911151687492,67,High,Maximum Payment Delay,Number of Delayed Months,Credit Limit
11216,0,0.0847876537567198,92,Low,BILL_AMT1,PAY_AMT6,BILL_AMT5
9591,0,0.1490874627106479,85,Medium,Credit Limit,Credit Utilization,PAY_AMT2
7464,0,0.0903026597221082,91,Low,BILL_AMT1,PAY_AMT2,PAY_AMT1
16388,0,0.0498038040276565,95,Low,PAY_AMT4,Total Payment Amount,BILL_AMT6
20932,0,0.059133218195436,94,Low,Average Bill Amount,BILL_AMT1,PAY_AMT1
13484,0,0.0995174926512256,90,Low,Credit Utilization,Bill Balance Trend,BILL_AMT4
3702,0,0.0720896798410277,93,Low,PAY_AMT2,PAY_AMT6,Average Bill Amount
572,0,0.1487485316748224,85,Medium,Credit Utilization,Credit Limit,PAY_AMT1
14874,1,0.4832821306154264,52,High,Maximum Payment Delay,Credit Limit,BILL_AMT5
17276,0,0.1633201774574401,84,Medium,BILL_AMT1,Payment Trend,BILL_AMT5
10463,0,0.0461684812087638,95,Low,Bill Balance Trend,BILL_AMT3,BILL_AMT4
26622,0,0.1613649569047034,84,Medium,Credit Limit,Credit Utilization,Bill Balance Trend
5840,0,0.1506953791005928,85,Medium,PAY_AMT3,BILL_AMT1,PAY_AMT4
21102,0,0.3974790705286664,60,High,Maximum Payment Delay,Credit Limit,BILL_AMT5
25855,0,0.1186842513117274,88,Medium,BILL_AMT1,PAY_AMT1,PAY_AMT6
2752,0,0.3405498034620756,66,High,Maximum Payment Delay,Number of Delayed Months,Average Payment Amount
5750,0,0.1942415820217991,81,Medium,Maximum Payment Delay,Number of Delayed Months,Payment Trend
4104,0,0.097769672061626,90,Low,PAY_AMT3,Payment Trend,Bill Balance Trend
338,0,0.1464716894507847,85,Medium,PAY_AMT3,BILL_AMT1,BILL_AMT5
9570,0,0.4122695618959569,59,High,Maximum Payment Delay,Credit Limit,Number of Delayed Months
13539,0,0.1563295743185905,84,Medium,Credit Utilization,Credit Limit,Payment Trend
18747,0,0.2003510463846964,80,Medium,Credit Limit,Credit Utilization,Bill Balance Trend
1036,1,0.5782567771281104,42,High,Average Payment Delay,Maximum Payment Delay,Number of Delayed Months
7925,0,0.1080816412813751,89,Medium,Credit Utilization,Payment-to-Bill Ratio,BILL_AMT3
2334,0,0.3679148785481373,63,High,Maximum Payment Delay,Number of Delayed Months,Payment Trend
16907,0,0.0870684348113838,91,Low,Credit Utilization,PAY_AMT1,Payment Trend
3697,0,0.1147566823355816,89,Medium,Credit Limit,PAY_AMT2,BILL_AMT5
17061,1,0.1941122011183207,81,Medium,Credit Limit,PAY_AMT4,Credit Utilization
9898,1,0.2047034497342724,80,Medium,Payment Trend,BILL_AMT1,Number of Delayed Months
668,0,0.2195051594636304,78,Medium,Credit Limit,Credit Utilization,PAY_AMT2
25176,0,0.4045549013356819,60,High,Average Payment Delay,Maximum Payment Delay,Number of Delayed Months
26679,0,0.1448083582024607,86,Medium,Credit Utilization,Credit Limit,PAY_AMT1
12140,0,0.1216252874948866,88,Medium,Credit Utilization,Payment-to-Bill Ratio,BILL_AMT3
16472,0,0.0559692364220043,94,Low,BILL_AMT4,PAY_AMT5,BILL_AMT3
852,0,0.4584995497305897,54,High,Maximum Payment Delay,Average Payment Delay,Number of Delayed Months
26221,0,0.3211478663469502,68,High,BILL_AMT1,PAY_AMT3,Average Payment Amount
27496,1,0.1497595496853981,85,Medium,BILL_AMT1,PAY_AMT1,BILL_AMT5
25455,0,0.1118472795477794,89,Medium,PAY_AMT3,BILL_AMT1,PAY_AMT6
6986,0,0.1226331244193115,88,Medium,Credit Utilization,Credit Limit,PAY_AMT1
23388,1,0.0975136424898017,90,Low,PAY_AMT6,PAY_AMT2,PAY_AMT1
29392,1,0.3925212281145456,61,High,Maximum Payment Delay,Number of Delayed Months,PAY_AMT3
1295,0,0.1445756700128506,86,Medium,Maximum Payment Delay,Payment Trend,Number of Delayed Months
10644,0,0.2782978439722252,72,High,Maximum Payment Delay,Average Payment Delay,Number of Delayed Months
15152,1,0.6284576862873023,37,High,Recent Payment Status,Maximum Payment Delay,Average Payment Delay
3046,0,0.2962948233565157,70,High,BILL_AMT1,PAY_AMT3,Average Payment Amount
22699,0,0.1124778845233212,89,Medium,BILL_AMT1,PAY_AMT4,PAY_AMT3
11210,0,0.1229386745107087,88,Medium,BILL_AMT1,PAY_AMT4,Bill Balance Trend
13750,0,0.1603415827726381,84,Medium,Maximum Payment Delay,Number of Delayed Months,Average Payment Delay
13819,0,0.0437499067382605,96,Low,PAY_AMT6,BILL_AMT3,PAY_AMT5
28267,0,0.1391477813666613,86,Medium,Number of Delayed Months,PAY_AMT6,BILL_AMT1
22733,0,0.0465519554407861,95,Low,Bill Balance Trend,BILL_AMT6,Education: University
26822,0,0.0914288010060323,91,Low,Credit Utilization,BILL_AMT3,BILL_AMT4
6609,0,0.4086517448251106,59,High,Maximum Payment Delay,Credit Limit,Bill Balance Trend
24155,1,0.6390734009879772,36,High,Recent Payment Status,Maximum Payment Delay,Average Payment Delay
11749,0,0.6051797320757264,39,High,Average Payment Delay,Maximum Payment Delay,Number of Delayed Months
12702,0,0.1635778828696364,84,Medium,Credit Utilization,Payment-to-Bill Ratio,BILL_AMT3
3952,0,0.1026914515992017,90,Medium,Bill Balance Trend,Credit Limit,Payment Trend
21113,0,0.3233802938562488,68,High,Maximum Payment Delay,Number of Delayed Months,Payment-to-Bill Ratio
10634,0,0.0949017753576018,91,Low,Credit Utilization,Credit Limit,PAY_AMT1
19334,0,0.1552675074534022,84,Medium,Credit Utilization,Credit Limit,PAY_AMT1
15199,0,0.0579142204944993,94,Low,Credit Utilization,BILL_AMT3,Credit Limit
27473,0,0.0950345540072371,90,Low,Credit Limit,Payment Trend,Average Bill Amount
1092,0,0.0910478442429943,91,Low,Credit Utilization,Payment-to-Bill Ratio,Average Bill Amount
11403,0,0.1063124124126757,89,Medium,PAY_AMT3,Average Payment Amount,BILL_AMT1
16623,1,0.680315366376659,32,High,Recent Payment Status,Maximum Payment Delay,Average Payment Delay
1507,0,0.2950717917547135,70,High,BILL_AMT1,Average Payment Amount,Average Bill Amount
14645,0,0.2291628301201064,77,Medium,Maximum Payment Delay,Credit Limit,Credit Utilization
6038,0,0.0939639768458029,91,Low,Payment Trend,BILL_AMT1,BILL_AMT3
2562,0,0.2161996700465692,78,Medium,Maximum Payment Delay,Credit Utilization,Number of Delayed Months
25643,0,0.3343531070631735,67,High,BILL_AMT1,Credit Limit,Average Bill Amount
18519,1,0.6853919542281579,31,High,Recent Payment Status,Maximum Payment Delay,Average Payment Delay
11406,0,0.0534985138143069,95,Low,Bill Balance Trend,PAY_AMT4,Average Bill Amount
12195,1,0.2061972174519357,79,Medium,BILL_AMT1,PAY_AMT3,Credit Limit
2794,0,0.0939584695088741,91,Low,BILL_AMT1,Number of Delayed Months,PAY_AMT6
10281,0,0.05841380076024,94,Low,BILL_AMT1,Payment Status Month 4,Average Payment Amount
25943,0,0.4326850294421969,57,High,Recent Payment Status,Maximum Payment Delay,Number of Delayed Months
17978,0,0.0638551721051805,94,Low,Credit Utilization,Bill Balance Trend,Payment-to-Bill Ratio
25108,0,0.1487311784589856,85,Medium,Credit Utilization,Credit Limit,PAY_AMT1
6107,0,0.3953304476812593,60,High,PAY_AMT3,Average Payment Amount,Number of Delayed Months
11329,0,0.0674930236159577,93,Low,BILL_AMT1,Bill Balance Trend,Payment Status Month 4
630,0,0.1047314794354697,90,Medium,BILL_AMT1,Average Bill Amount,BILL_AMT4
27001,0,0.3208562886167989,68,High,Maximum Payment Delay,Number of Delayed Months,Average Payment Delay
2661,1,0.1843754161342954,82,Medium,PAY_AMT3,BILL_AMT1,PAY_AMT2
1475,1,0.0797318299902345,92,Low,Credit Utilization,BILL_AMT3,Bill Balance Trend
12416,0,0.107589968472505,89,Medium,Credit Utilization,BILL_AMT1,Payment Trend
25664,0,0.0809915752581868,92,Low,Payment Trend,Credit Limit,Bill Balance Trend
6464,0,0.0584097738979406,94,Low,Payment Trend,PAY_AMT4,Average Bill Amount
15626,0,0.1455636283285929,85,Medium,Credit Utilization,Credit Limit,Bill Balance Trend
7716,0,0.1177049154064606,88,Medium,Maximum Payment Delay,Number of Delayed Months,Payment-to-Bill Ratio
14629,1,0.1517916124031557,85,Medium,Credit Utilization,Credit Limit,Bill Balance Trend
19546,0,0.6443465801440919,36,High,Recent Payment Status,Maximum Payment Delay,Average Payment Delay
18192,0,0.1421253477894722,86,Medium,Credit Utilization,Credit Limit,Bill Balance Trend
27532,0,0.0522709815753092,95,Low,PAY_AMT1,BILL_AMT4,Education: Other
24449,1,0.5996449658279036,40,High,Recent Payment Status,Maximum Payment Delay,Average Payment Delay
22253,0,0.0461231082631835,95,Low,PAY_AMT4,BILL_AMT3,Bill Balance Trend
7669,0,0.166221720566553,83,Medium,BILL_AMT1,PAY_AMT2,Bill Balance Trend
17012,0,0.3366979258480478,66,High,Maximum Payment Delay,Credit Utilization,Number of Delayed Months
4632,0,0.1722784445025065,83,Medium,Credit Limit,Credit Utilization,PAY_AMT1
17241,0,0.3328453982892875,67,High,Maximum Payment Delay,Number of Delayed Months,Credit Utilization
8439,0,0.0818487446317457,92,Low,PAY_AMT4,BILL_AMT1,Payment Trend
13305,0,0.0445862174751491,96,Low,Total Payment Amount,BILL_AMT4,Average Payment Amount
28309,0,0.1361258471000605,86,Medium,Credit Utilization,Credit Limit,BILL_AMT3
28833,0,0.0703239754412939,93,Low,Payment-to-Bill Ratio,Average Bill Amount,BILL_AMT3
5532,0,0.239700635495487,76,Medium,PAY_AMT3,Payment Trend,BILL_AMT1
3917,1,0.6214214988336021,38,High,Recent Payment Status,Maximum Payment Delay,Number of Delayed Months
10065,1,0.1638698223479614,84,Medium,Credit Utilization,Credit Limit,PAY_AMT2
24289,0,0.0590561922896192,94,Low,Bill Balance Trend,BILL_AMT4,BILL_AMT3
28172,0,0.1058681929147425,89,Medium,Credit Utilization,BILL_AMT3,Average Bill Amount
6674,0,0.4828993156514443,52,High,Average Payment Delay,Maximum Payment Delay,Number of Delayed Months
22586,0,0.2773121283729695,72,High,Maximum Payment Delay,Credit Utilization,Number of Delayed Months
25345,0,0.1563470743722277,84,Medium,Credit Utilization,Payment-to-Bill Ratio,BILL_AMT4
23197,0,0.0522438184363015,95,Low,BILL_AMT3,Education: Graduate School,Education: Other
1177,0,0.167318337878522,83,Medium,Credit Limit,Bill Balance Trend,PAY_AMT2
4607,1,0.192638981398017,81,Medium,Credit Limit,Payment Trend,Credit Utilization
15888,0,0.0599157961081236,94,Low,Payment-to-Bill Ratio,BILL_AMT3,PAY_AMT5
3695,1,0.6739231821831485,33,High,Recent Payment Status,Maximum Payment Delay,PAY_AMT4
17196,0,0.0712888690546987,93,Low,PAY_AMT4,PAY_AMT6,PAY_AMT5
7104,0,0.0359382475870903,96,Low,BILL_AMT3,PAY_AMT5,Payment Status Month 4
28813,0,0.0762901932850082,92,Low,Bill Balance Trend,PAY_AMT2,PAY_AMT1
9394,0,0.0780801987242311,92,Low,Credit Utilization,BILL_AMT3,Payment Trend
25221,0,0.6297601335006471,37,High,Average Payment Delay,Maximum Payment Delay,Number of Delayed Months
27591,0,0.0676572018260764,93,Low,Bill Balance Trend,BILL_AMT3,Payment-to-Bill Ratio
7923,1,0.4226005014594585,58,High,Maximum Payment Delay,Average Payment Delay,Credit Utilization
11099,0,0.6265092229943064,37,High,Recent Payment Status,Maximum Payment Delay,Average Payment Delay
23410,0,0.0648088652270724,94,Low,Credit Utilization,Payment-to-Bill Ratio,Average Bill Amount
1217,0,0.0708632357881994,93,Low,PAY_AMT4,PAY_AMT3,PAY_AMT1
679,0,0.1083849345388044,89,Medium,BILL_AMT1,PAY_AMT4,Average Bill Amount
7039,0,0.1177890751245214,88,Medium,BILL_AMT1,Number of Delayed Months,BILL_AMT5
25747,0,0.1672167545756399,83,Medium,Number of Delayed Months,BILL_AMT1,PAY_AMT1
1403,1,0.1282945022445273,87,Medium,Bill Balance Trend,BILL_AMT1,Credit Limit
22239,0,0.09571619975934,90,Low,BILL_AMT1,PAY_AMT2,Payment Trend
21718,0,0.1702129880293522,83,Medium,BILL_AMT1,Number of Delayed Months,PAY_AMT6
26172,0,0.1360682627800365,86,Medium,Credit Utilization,BILL_AMT3,Bill Balance Trend
1430,0,0.1051060037113587,89,Medium,Credit Utilization,BILL_AMT3,BILL_AMT4
21445,0,0.078754050436606,92,Low,BILL_AMT4,PAY_AMT1,BILL_AMT3
22951,1,0.4444899997201332,56,High,Maximum Payment Delay,Number of Delayed Months,BILL_AMT1
1950,0,0.0494483113433271,95,Low,Bill Balance Trend,BILL_AMT3,BILL_AMT4
757,0,0.0720354966407181,93,Low,BILL_AMT1,Bill Balance Trend,PAY_AMT1
1560,1,0.1242013023076474,88,Medium,Maximum Payment Delay,Bill Balance Trend,Number of Delayed Months
29316,0,0.0635809452966463,94,Low,BILL_AMT1,Payment Trend,PAY_AMT1
13247,0,0.0509163478188842,95,Low,Payment-to-Bill Ratio,BILL_AMT4,BILL_AMT3
23754,0,0.1338767926786662,87,Medium,PAY_AMT3,BILL_AMT1,BILL_AMT5
27767,1,0.4019432882256834,60,High,PAY_AMT3,Average Payment Amount,Number of Delayed Months
14072,1,0.4796481222739775,52,High,Recent Payment Status,Maximum Payment Delay,Number of Delayed Months
15300,0,0.054460640323824,95,Low,Payment-to-Bill Ratio,PAY_AMT1,BILL_AMT4
17663,0,0.0575019875176265,94,Low,PAY_AMT3,Average Payment Amount,Payment Trend
12273,0,0.050497252348588,95,Low,PAY_AMT2,PAY_AMT1,BILL_AMT4
14683,0,0.4764346163964685,52,High,Average Payment Delay,Maximum Payment Delay,Number of Delayed Months
18389,0,0.0867080278261264,91,Low,Credit Utilization,Credit Limit,BILL_AMT3
29484,1,0.0522929213801557,95,Low,BILL_AMT4,Education: University,Payment Status Month 4
18572,0,0.2366327059829335,76,Medium,BILL_AMT1,Average Payment Amount,BILL_AMT5
5108,1,0.2567025514313382,74,High,Maximum Payment Delay,Credit Utilization,Payment Trend
18140,0,0.058993998214485,94,Low,BILL_AMT3,BILL_AMT4,PAY_AMT1
7575,0,0.2059867337681193,79,Medium,PAY_AMT3,Average Payment Amount,BILL_AMT1
11821,0,0.1819630324607737,82,Medium,Maximum Payment Delay,BILL_AMT1,Number of Delayed Months
15303,1,0.1309961161450566,87,Medium,PAY_AMT3,BILL_AMT5,BILL_AMT1
12619,0,0.1206612905389628,88,Medium,PAY_AMT3,Payment Trend,BILL_AMT1
9553,0,0.155786776489909,84,Medium,Bill Balance Trend,PAY_AMT6,Average Payment Amount
4503,1,0.361639890396159,64,High,Maximum Payment Delay,Number of Delayed Months,Credit Utilization
14932,0,0.1581620379778822,84,Medium,BILL_AMT1,PAY_AMT2,PAY_AMT1
23099,0,0.056262112013112,94,Low,Credit Utilization,Bill Balance Trend,BILL_AMT3
17779,0,0.6175828385182204,38,High,Recent Payment Status,Maximum Payment Delay,Average Payment Delay
14282,0,0.3554636787813736,64,High,Maximum Payment Delay,Number of Delayed Months,Average Payment Delay
25620,1,0.4027525845815168,60,High,Maximum Payment Delay,Credit Limit,Bill Balance Trend
14900,0,0.0447909018424532,96,Low,BILL_AMT4,Education: Other,BILL_AMT6
20413,0,0.0488220471105301,95,Low,PAY_AMT4,BILL_AMT1,Bill Balance Trend
10677,0,0.0627982194374458,94,Low,Payment Trend,BILL_AMT5,BILL_AMT3
12517,1,0.1908740194091819,81,Medium,Maximum Payment Delay,Credit Utilization,Credit Limit
26428,0,0.1001220436387898,90,Medium,Credit Utilization,Average Bill Amount,Payment Trend
6854,1,0.0468041339944903,95,Low,BILL_AMT1,Bill Balance Trend,PAY_AMT1
5221,0,0.1799126464958818,82,Medium,Credit Utilization,BILL_AMT5,PAY_AMT6
16916,0,0.0620733936141618,94,Low,Bill Balance Trend,PAY_AMT1,Average Payment Amount
17206,0,0.1971097162241507,80,Medium,Maximum Payment Delay,Number of Delayed Months,Bill Balance Trend
2684,0,0.0562889241165485,94,Low,Payment Trend,BILL_AMT4,Payment Status Month 6
10531,0,0.1743944402638849,83,Medium,PAY_AMT3,BILL_AMT1,PAY_AMT4
8841,0,0.1696574631168264,83,Medium,BILL_AMT1,BILL_AMT5,PAY_AMT6
5018,0,0.3657263798904236,63,High,Maximum Payment Delay,Average Payment Delay,Number of Delayed Months
22856,1,0.4333547874752963,57,High,Average Payment Delay,Maximum Payment Delay,Number of Delayed Months
2828,0,0.070829895882526,93,Low,PAY_AMT4,BILL_AMT1,Average Bill Amount
1841,0,0.1244804883480792,88,Medium,Credit Utilization,Payment-to-Bill Ratio,Credit Limit
13513,1,0.1190457266288321,88,Medium,Credit Limit,Credit Utilization,PAY_AMT1
581,1,0.3333466647999868,67,High,BILL_AMT5,PAY_AMT3,Number of Delayed Months
29738,1,0.6358941856863551,36,High,Recent Payment Status,Maximum Payment Delay,Number of Delayed Months
15652,0,0.5432823324039456,46,High,Maximum Payment Delay,Average Payment Delay,Number of Delayed Months
26176,0,0.064059326008796,94,Low,Bill Balance Trend,PAY_AMT1,Education: Other
2841,0,0.1256971099975402,87,Medium,BILL_AMT1,BILL_AMT5,PAY_AMT1
9541,0,0.1092628695700569,89,Medium,Credit Limit,Credit Utilization,PAY_AMT6
23953,1,0.357127016375867,64,High,Maximum Payment Delay,PAY_AMT4,Credit Limit
29095,0,0.1934705846913319,81,Medium,BILL_AMT1,PAY_AMT2,PAY_AMT6
5344,0,0.2728268513613454,73,High,Maximum Payment Delay,Credit Limit,Number of Delayed Months
27185,1,0.3870634543948667,61,High,Maximum Payment Delay,Number of Delayed Months,Payment Trend
2908,1,0.1298015687713543,87,Medium,BILL_AMT5,Bill Balance Trend,BILL_AMT3
17006,0,0.1067179565421709,89,Medium,Maximum Payment Delay,Number of Delayed Months,Average Payment Amount
10740,1,0.608524511677555,39,High,Recent Payment Status,Maximum Payment Delay,Average Payment Delay
13784,1,0.6548264033005623,35,High,Maximum Payment Delay,Recent Payment Status,Number of Delayed Months
24996,0,0.044962254325132,96,Low,Credit Utilization,BILL_AMT3,Payment-to-Bill Ratio
29737,0,0.0708897681995539,93,Low,BILL_AMT1,PAY_AMT2,BILL_AMT5
29017,0,0.2070218066288566,79,Medium,BILL_AMT1,PAY_AMT2,BILL_AMT5
74,0,0.2973903705944202,70,High,PAY_AMT3,Number of Delayed Months,BILL_AMT1
5823,0,0.1096213002835606,89,Medium,BILL_AMT5,PAY_AMT6,PAY_AMT5
18234,0,0.0387490704482378,96,Low,Average Payment Amount,Total Payment Amount,Education: Graduate School
14205,1,0.3381146634927867,66,High,Maximum Payment Delay,Credit Limit,BILL_AMT1
8898,0,0.2855765144988967,71,High,Maximum Payment Delay,Credit Limit,Number of Delayed Months
25626,0,0.0793297410351278,92,Low,Credit Utilization,Payment Trend,Average Bill Amount
26524,0,0.052270025778721,95,Low,Average Bill Amount,BILL_AMT3,Education: University
14998,0,0.0740531588361986,93,Low,Credit Utilization,Credit Limit,PAY_AMT1
11105,0,0.657833888408963,34,High,Maximum Payment Delay,Recent Payment Status,Average Payment Delay
16371,0,0.1186168760890921,88,Medium,PAY_AMT3,BILL_AMT5,PAY_AMT2
21490,0,0.1793156188382508,82,Medium,BILL_AMT1,PAY_AMT2,Average Payment Amount
18650,0,0.0640501760278619,94,Low,Bill Balance Trend,BILL_AMT1,Average Bill Amount
2490,0,0.4150707926740684,58,High,Maximum Payment Delay,Credit Limit,Number of Delayed Months
4983,0,0.2010516878042419,80,Medium,PAY_AMT3,BILL_AMT1,Number of Delayed Months
25907,0,0.1553906226875825,84,Medium,Credit Utilization,Credit Limit,PAY_AMT6
6998,0,0.2978969486014994,70,High,Maximum Payment Delay,Number of Delayed Months,BILL_AMT1
17943,0,0.0538353603430014,95,Low,Credit Utilization,PAY_AMT3,BILL_AMT3
291,1,0.1480238782265545,85,Medium,Bill Balance Trend,BILL_AMT5,BILL_AMT1
21750,0,0.1188411335193515,88,Medium,Credit Limit,Credit Utilization,PAY_AMT1
13771,0,0.1469392376007471,85,Medium,BILL_AMT1,PAY_AMT6,PAY_AMT2
67,1,0.6766806498657125,32,High,Recent Payment Status,Maximum Payment Delay,Average Payment Delay
17488,0,0.0870361293670088,91,Low,Credit Utilization,Payment-to-Bill Ratio,BILL_AMT3
10265,0,0.4185691199939031,58,High,Maximum Payment Delay,Average Payment Delay,Number of Delayed Months
7198,0,0.0913786279572722,91,Low,Bill Balance Trend,Payment Trend,PAY_AMT1
18070,0,0.221098417014444,78,Medium,Maximum Payment Delay,Credit Utilization,Number of Delayed Months
23284,0,0.1051268729468827,89,Medium,Credit Utilization,Bill Balance Trend,BILL_AMT3
18613,0,0.051574094088346,95,Low,Payment Trend,BILL_AMT3,BILL_AMT6
781,0,0.2330720568892113,77,Medium,Maximum Payment Delay,Average Payment Delay,Number of Delayed Months
19729,0,0.1035167594010253,90,Medium,Average Bill Amount,PAY_AMT1,BILL_AMT1
26624,0,0.1396373596701825,86,Medium,Credit Limit,PAY_AMT2,PAY_AMT1
4056,0,0.1171585181347557,88,Medium,Credit Utilization,BILL_AMT3,Bill Balance Trend
16914,0,0.161771211613643,84,Medium,Credit Utilization,Credit Limit,PAY_AMT6
17763,0,0.3480928166271606,65,High,Maximum Payment Delay,Credit Utilization,Number of Delayed Months
14600,0,0.0895129587266583,91,Low,BILL_AMT1,BILL_AMT5,PAY_AMT6
312,0,0.0741058146352274,93,Low,Credit Utilization,BILL_AMT3,Payment-to-Bill Ratio
19336,0,0.0479810578363895,95,Low,BILL_AMT4,Bill Balance Trend,Payment Trend
28124,1,0.2084612110077391,79,Medium,Maximum Payment Delay,Credit Utilization,Payment-to-Bill Ratio
1143,0,0.0809648102879617,92,Low,Payment Trend,Average Bill Amount,PAY_AMT5
17511,1,0.3476341299150309,65,High,PAY_AMT3,Payment Trend,Average Payment Amount
14280,1,0.1878526221263919,81,Medium,BILL_AMT1,PAY_AMT2,Payment Trend
4277,0,0.1115020416370638,89,Medium,Credit Utilization,Payment-to-Bill Ratio,PAY_AMT1
25154,1,0.5589933082019497,44,High,Average Payment Delay,Maximum Payment Delay,Number of Delayed Months
2977,1,0.1358817445837289,86,Medium,BILL_AMT5,PAY_AMT3,PAY_AMT4
29863,1,0.2065833130358581,79,Medium,BILL_AMT1,Credit Limit,BILL_AMT5
29668,1,0.65587534878375,34,High,Recent Payment Status,Maximum Payment Delay,Average Payment Delay
19332,0,0.1934266519786739,81,Medium,Credit Limit,BILL_AMT5,Credit Utilization
6024,0,0.1776976732078454,82,Medium,Maximum Payment Delay,Credit Utilization,Number of Delayed Months
18484,0,0.1570075304574459,84,Medium,Credit Utilization,Credit Limit,Bill Balance Trend
3521,0,0.3055985018739831,69,High,PAY_AMT3,Number of Delayed Months,BILL_AMT1
17595,0,0.3222409084158514,68,High,Maximum Payment Delay,Credit Utilization,Number of Delayed Months
2857,0,0.3025292375907346,70,High,Credit Limit,Credit Utilization,Average Payment Amount
27282,0,0.462440121535749,54,High,PAY_AMT3,Average Payment Amount,BILL_AMT1
14374,1,0.1338208875780739,87,Medium,BILL_AMT1,PAY_AMT2,Credit Limit
13133,0,0.3303751399585014,67,High,PAY_AMT3,Average Payment Amount,BILL_AMT1
5769,0,0.0890220365894291,91,Low,BILL_AMT1,BILL_AMT5,Average Bill Amount
6509,0,0.0593675544024386,94,Low,Payment Trend,Average Bill Amount,Payment Status Month 6
9246,0,0.0933388682661576,91,Low,PAY_AMT6,Average Bill Amount,PAY_AMT1
2817,0,0.1536393271011477,85,Medium,Credit Utilization,Bill Balance Trend,BILL_AMT3
14812,0,0.136592336317814,86,Medium,BILL_AMT1,Payment Trend,PAY_AMT4
10168,1,0.3592742986929695,64,High,Credit Limit,BILL_AMT1,BILL_AMT5
23715,0,0.1335246841282659,87,Medium,Credit Utilization,BILL_AMT3,BILL_AMT4
25827,0,0.0600725501802449,94,Low,Payment Trend,PAY_AMT1,BILL_AMT6
10405,0,0.2949245821068897,71,High,Maximum Payment Delay,Average Payment Delay,Number of Delayed Months
21440,1,0.2193230885629881,78,Medium,Credit Utilization,Payment-to-Bill Ratio,Average Bill Amount
18511,0,0.1444787038203894,86,Medium,Credit Limit,Credit Utilization,PAY_AMT2
26682,0,0.1297330150922072,87,Medium,BILL_AMT5,Payment Trend,PAY_AMT2
17342,0,0.0816750216268431,92,Low,Credit Utilization,BILL_AMT3,Payment Trend
5723,0,0.1486336311304043,85,Medium,Credit Utilization,Payment-to-Bill Ratio,Average Bill Amount
7747,0,0.3948859119515576,61,High,PAY_AMT3,Average Payment Amount,Number of Delayed Months
25468,1,0.6912952856580826,31,High,Recent Payment Status,Maximum Payment Delay,Average Payment Delay
5438,0,0.0700986437357014,93,Low,Credit Utilization,Bill Balance Trend,Average Bill Amount
17626,0,0.588871031864678,41,High,Recent Payment Status,Maximum Payment Delay,Number of Delayed Months
15562,0,0.0508517360087934,95,Low,Credit Utilization,Average Bill Amount,Payment Trend
22249,0,0.0633114544667939,94,Low,Credit Limit,Education: Other,Payment Status Month 4
27182,0,0.0672852224873871,93,Low,Bill Balance Trend,PAY_AMT1,Average Payment Amount
25477,0,0.0740495838340079,93,Low,PAY_AMT3,BILL_AMT5,PAY_AMT2
670,1,0.7056722018020354,29,High,Recent Payment Status,Maximum Payment Delay,Average Payment Delay
4416,0,0.2641338705144343,74,High,BILL_AMT1,PAY_AMT3,PAY_AMT2
23296,0,0.1129583350931795,89,Medium,Payment Trend,BILL_AMT1,PAY_AMT5
24003,0,0.0586461046486705,94,Low,PAY_AMT1,PAY_AMT5,Average Bill Amount
8284,0,0.1614661408579003,84,Medium,Credit Limit,PAY_AMT2,BILL_AMT5
20491,0,0.3959259078669216,60,High,Maximum Payment Delay,Number of Delayed Months,PAY_AMT3
22257,1,0.0879934076075587,91,Low,Payment Trend,PAY_AMT1,BILL_AMT5
2720,0,0.1089436197966646,89,Medium,BILL_AMT5,Payment-to-Bill Ratio,PAY_AMT4
4944,0,0.1199295028133424,88,Medium,Bill Balance Trend,PAY_AMT2,Credit Limit
17078,0,0.2964388104254473,70,High,Average Payment Delay,Maximum Payment Delay,Number of Delayed Months
17136,0,0.1259883611501768,87,Medium,BILL_AMT5,PAY_AMT3,Credit Limit
3091,0,0.1651789429534595,83,Medium,Credit Limit,Credit Utilization,PAY_AMT2
14467,0,0.0530587434670856,95,Low,Payment Trend,Average Bill Amount,Payment-to-Bill Ratio
3804,0,0.3621175578834548,64,High,Maximum Payment Delay,Number of Delayed Months,PAY_AMT3
21989,0,0.0890345659741213,91,Low,PAY_AMT2,PAY_AMT5,PAY_AMT1
28927,1,0.3909878825326365,61,High,PAY_AMT3,Average Payment Amount,BILL_AMT1
7233,0,0.3775957472210783,62,High,BILL_AMT1,Credit Limit,BILL_AMT5
2091,0,0.4094666631541107,59,High,Maximum Payment Delay,Number of Delayed Months,BILL_AMT1
15181,1,0.6243940727292746,38,High,Recent Payment Status,Maximum Payment Delay,Number of Delayed Months
8086,0,0.0401807581541804,96,Low,Payment Trend,Average Bill Amount,Education: University
26830,1,0.1374314405297753,86,Medium,Credit Limit,Bill Balance Trend,Credit Utilization
2229,0,0.1436449556547601,86,Medium,Credit Utilization,Credit Limit,BILL_AMT4
19484,0,0.0840230247897384,92,Low,Credit Utilization,BILL_AMT3,Payment-to-Bill Ratio
14906,0,0.08214896064406,92,Low,Payment Trend,PAY_AMT2,PAY_AMT3
18377,0,0.0786383367364649,92,Low,Bill Balance Trend,PAY_AMT1,Credit Utilization
10195,1,0.5920261420183415,41,High,Average Payment Delay,Maximum Payment Delay,Number of Delayed Months
11860,0,0.046504505155354,95,Low,Payment-to-Bill Ratio,BILL_AMT3,Education: University
13345,1,0.3448655108886411,66,High,BILL_AMT1,Average Payment Amount,PAY_AMT3
23287,0,0.4639218946282192,54,High,Maximum Payment Delay,PAY_AMT3,BILL_AMT1
22102,1,0.1446417869416838,86,Medium,Credit Utilization,Credit Limit,PAY_AMT1
15192,0,0.1017392775289957,90,Medium,Credit Utilization,Payment-to-Bill Ratio,Average Bill Amount
16008,0,0.6391983846098866,36,High,Recent Payment Status,Maximum Payment Delay,Average Payment Delay
28167,1,0.1315105684926684,87,Medium,Credit Utilization,Credit Limit,PAY_AMT1
6059,0,0.0664741121684798,93,Low,Credit Utilization,Bill Balance Trend,BILL_AMT3
11656,0,0.1442797694461523,86,Medium,BILL_AMT1,Bill Balance Trend,PAY_AMT2
7255,0,0.1769565862314853,82,Medium,Credit Utilization,Credit Limit,BILL_AMT3
19300,0,0.0832324429794086,92,Low,Credit Utilization,PAY_AMT4,BILL_AMT6
10790,0,0.257943762907023,74,High,Maximum Payment Delay,Credit Utilization,Number of Delayed Months
22650,0,0.079969009672853,92,Low,BILL_AMT1,Bill Balance Trend,Education: Other
21925,0,0.1225912063917054,88,Medium,Credit Utilization,Payment-to-Bill Ratio,BILL_AMT3
2382,0,0.0476702316870142,95,Low,Payment Trend,PAY_AMT3,BILL_AMT3
4319,0,0.0744345981422359,93,Low,PAY_AMT4,PAY_AMT3,Payment Status Month 6
9731,0,0.5459065824344703,45,High,Average Payment Delay,Maximum Payment Delay,Number of Delayed Months
34,0,0.0504245356810983,95,Low,PAY_AMT4,Payment Trend,BILL_AMT3
25341,0,0.0723166927134622,93,Low,Average Bill Amount,PAY_AMT1,BILL_AMT1
16431,0,0.0396182230163494,96,Low,Payment-to-Bill Ratio,BILL_AMT3,Payment Status Month 4
3853,1,0.2983777308935875,70,High,BILL_AMT1,Average Bill Amount,BILL_AMT5
13877,0,0.5581421310992241,44,High,Maximum Payment Delay,Average Payment Delay,Number of Delayed Months
23187,1,0.1362699075064457,86,Medium,PAY_AMT3,BILL_AMT1,Payment Trend
10286,0,0.0463884227209212,95,Low,Bill Balance Trend,PAY_AMT3,BILL_AMT3
19198,0,0.0462423410650888,95,Low,PAY_AMT4,BILL_AMT3,Payment Trend
29528,0,0.0928474241949232,91,Low,BILL_AMT1,Bill Balance Trend,PAY_AMT2
17207,0,0.1120301433344126,89,Medium,BILL_AMT1,Average Payment Amount,PAY_AMT2
4880,1,0.0973883013740023,90,Low,Average Bill Amount,PAY_AMT1,PAY_AMT6
28631,0,0.050508223964218,95,Low,Bill Balance Trend,Payment Trend,BILL_AMT3
15591,0,0.1225503272698276,88,Medium,Credit Utilization,Payment-to-Bill Ratio,BILL_AMT4
5554,0,0.1891197615793666,81,Medium,Number of Delayed Months,PAY_AMT6,BILL_AMT1
29997,0,0.1122846343447447,89,Medium,BILL_AMT1,PAY_AMT6,Average Bill Amount
11266,0,0.2517466586737643,75,High,Maximum Payment Delay,Number of Delayed Months,Average Payment Delay
20944,1,0.6686836495721126,33,High,Recent Payment Status,Maximum Payment Delay,Payment-to-Bill Ratio
9003,1,0.3368786426027797,66,High,Maximum Payment Delay,Bill Balance Trend,Credit Limit
20352,0,0.1292602074346468,87,Medium,Credit Utilization,Credit Limit,BILL_AMT3
9828,0,0.116266165878381,88,Medium,BILL_AMT1,BILL_AMT5,PAY_AMT6
19157,0,0.1332502150441334,87,Medium,PAY_AMT3,BILL_AMT5,BILL_AMT1
12441,0,0.0541978556676005,95,Low,PAY_AMT5,BILL_AMT5,Education: Other
9390,0,0.5526195679452017,45,High,Average Payment Delay,Maximum Payment Delay,Number of Delayed Months
17725,1,0.5866660573315082,41,High,Recent Payment Status,Maximum Payment Delay,Average Payment Delay
23782,1,0.6556561661799711,34,High,Recent Payment Status,Maximum Payment Delay,Number of Delayed Months
18410,1,0.6906994825606821,31,High,Recent Payment Status,Maximum Payment Delay,Credit Limit
20273,1,0.6977058360452356,30,High,Recent Payment Status,Maximum Payment Delay,Average Payment Delay
17030,0,0.1483763204695664,85,Medium,Credit Utilization,Credit Limit,Payment-to-Bill Ratio
18931,0,0.3102555853904889,69,High,BILL_AMT1,PAY_AMT3,Average Payment Amount
874,0,0.0898702675428582,91,Low,BILL_AMT1,Average Bill Amount,PAY_AMT4
13391,1,0.6282545474791222,37,High,Recent Payment Status,Maximum Payment Delay,Average Payment Delay
10533,0,0.0880647781271923,91,Low,Credit Utilization,BILL_AMT3,BILL_AMT4
362,0,0.0570019133750611,94,Low,Bill Balance Trend,Payment-to-Bill Ratio,BILL_AMT3
18817,0,0.0489692921545264,95,Low,PAY_AMT4,PAY_AMT1,PAY_AMT5
3052,0,0.071864175598572,93,Low,Maximum Payment Delay,Credit Utilization,PAY_AMT4
7165,1,0.1771516924786465,82,Medium,PAY_AMT3,BILL_AMT1,Payment Trend
693,1,0.5841681652231744,42,High,Recent Payment Status,Maximum Payment Delay,Number of Delayed Months
7430,1,0.1920533821509411,81,Medium,PAY_AMT3,BILL_AMT1,BILL_AMT5
19714,0,0.0981592899635842,90,Low,PAY_AMT3,BILL_AMT1,BILL_AMT5
24871,1,0.1017757066566732,90,Medium,Credit Utilization,BILL_AMT3,Average Bill Amount
11736,0,0.1478975357272218,85,Medium,Credit Limit,Bill Balance Trend,PAY_AMT2
6873,0,0.0797399436705782,92,Low,BILL_AMT5,PAY_AMT1,BILL_AMT3
9316,0,0.2431666248711264,76,Medium,Maximum Payment Delay,Average Payment Delay,Number of Delayed Months
92,0,0.1357729039279168,86,Medium,PAY_AMT3,BILL_AMT5,Average Payment Amount
3392,0,0.1284715573157425,87,Medium,PAY_AMT3,BILL_AMT1,Payment Trend
6456,0,0.582409305036199,42,High,Average Payment Delay,Maximum Payment Delay,Number of Delayed Months
7501,0,0.1566986935403133,84,Medium,Maximum Payment Delay,Number of Delayed Months,PAY_AMT2
12526,1,0.2899788018593621,71,High,Credit Utilization,Payment-to-Bill Ratio,BILL_AMT2
21771,0,0.0746827259159764,93,Low,Payment-to-Bill Ratio,Bill Balance Trend,BILL_AMT3
26336,1,0.0769795778260892,92,Low,BILL_AMT1,PAY_AMT5,Payment Trend
28424,0,0.0696571788196449,93,Low,Payment Trend,PAY_AMT1,BILL_AMT4
13975,0,0.2893879634690925,71,High,PAY_AMT3,Average Payment Amount,BILL_AMT1
380,1,0.0894484671581289,91,Low,Credit Limit,PAY_AMT3,Payment Trend
19454,1,0.3009983652584864,70,High,PAY_AMT3,Number of Delayed Months,BILL_AMT1
18469,0,0.0836541901417254,92,Low,Average Bill Amount,BILL_AMT1,Payment Status Month 6
13921,0,0.0868642978002921,91,Low,Credit Utilization,Payment-to-Bill Ratio,BILL_AMT3
12083,0,0.1221367719122232,88,Medium,BILL_AMT1,PAY_AMT6,BILL_AMT5
19887,0,0.0746104285818744,93,Low,Bill Balance Trend,PAY_AMT3,BILL_AMT4
656,1,0.0726694497651299,93,Low,BILL_AMT1,Average Bill Amount,Bill Balance Trend
15453,0,0.2100279213352869,79,Medium,Maximum Payment Delay,Credit Utilization,Number of Delayed Months
2953,0,0.3955347641733516,60,High,Maximum Payment Delay,Number of Delayed Months,Credit Limit
19123,0,0.0929314653994615,91,Low,Credit Utilization,Payment-to-Bill Ratio,Bill Balance Trend
23636,1,0.4474388882117037,55,High,Recent Payment Status,Maximum Payment Delay,Number of Delayed Months
1601,0,0.1704411074338587,83,Medium,BILL_AMT1,PAY_AMT6,BILL_AMT3
10523,0,0.1039372901427931,90,Medium,Credit Limit,Credit Utilization,PAY_AMT1
25755,0,0.0465090862749612,95,Low,BILL_AMT1,PAY_AMT6,Payment Status Month 4
646,0,0.3931352905962554,61,High,BILL_AMT5,Credit Utilization,Payment-to-Bill Ratio
24098,0,0.1212090615499574,88,Medium,PAY_AMT3,BILL_AMT5,Average Payment Amount
3439,0,0.0819165393698776,92,Low,BILL_AMT1,Payment Trend,Bill Balance Trend
21619,0,0.343761361713825,66,High,BILL_AMT1,BILL_AMT5,Average Bill Amount
8634,0,0.0776738736737969,92,Low,BILL_AMT1,PAY_AMT2,PAY_AMT5
352,0,0.0494084160668785,95,Low,BILL_AMT3,BILL_AMT2,BILL_AMT5
28216,0,0.2298832959007145,77,Medium,Maximum Payment Delay,Bill Balance Trend,Number of Delayed Months
26687,0,0.5925739221140115,41,High,Average Payment Delay,Maximum Payment Delay,Number of Delayed Months
18163,0,0.298064195827556,70,High,Maximum Payment Delay,PAY_AMT3,Number of Delayed Months
17243,0,0.2367671630668019,76,Medium,Maximum Payment Delay,Payment Trend,BILL_AMT1
28825,0,0.059684341665058,94,Low,BILL_AMT5,BILL_AMT1,PAY_AMT3
19750,0,0.1158440929707285,88,Medium,BILL_AMT1,BILL_AMT5,PAY_AMT2
15684,0,0.4950032363164123,50,High,Maximum Payment Delay,Average Payment Delay,Number of Delayed Months
19429,0,0.37726549338158,62,High,Maximum Payment Delay,Number of Delayed Months,Average Payment Delay
28667,1,0.1349529706167038,87,Medium,PAY_AMT2,Average Payment Amount,BILL_AMT1
23785,0,0.0691482721398914,93,Low,Average Payment Amount,Average Bill Amount,BILL_AMT3
22199,0,0.1128474647171143,89,Medium,Credit Utilization,Average Bill Amount,BILL_AMT2
91,1,0.679004462946151,32,High,Recent Payment Status,Maximum Payment Delay,Average Payment Delay
10834,1,0.1115812669676669,89,Medium,Bill Balance Trend,Number of Delayed Months,PAY_AMT6
1298,0,0.1033610957797293,90,Medium,Payment Trend,PAY_AMT1,Average Bill Amount
3721,1,0.2553312888413424,74,High,PAY_AMT3,Number of Delayed Months,BILL_AMT1
24750,0,0.2139929862337208,79,Medium,Maximum Payment Delay,Credit Utilization,Number of Delayed Months
5319,0,0.0668391825342094,93,Low,Average Bill Amount,BILL_AMT3,BILL_AMT4
19682,0,0.1166393864806805,88,Medium,Credit Utilization,BILL_AMT3,PAY_AMT5
14108,0,0.0614031543050882,94,Low,PAY_AMT6,Average Payment Amount,Payment-to-Bill Ratio
20357,0,0.1169783393527683,88,Medium,Credit Limit,Credit Utilization,PAY_AMT1
5023,0,0.2020031860020159,80,Medium,Maximum Payment Delay,Number of Delayed Months,BILL_AMT5
21325,0,0.2714441730775819,73,High,Maximum Payment Delay,BILL_AMT1,Payment Trend
17393,0,0.1039671558521683,90,Medium,Payment Trend,PAY_AMT4,BILL_AMT1
25638,0,0.0557476090159412,94,Low,PAY_AMT4,PAY_AMT6,PAY_AMT1
7978,1,0.125867914110687,87,Medium,Credit Utilization,BILL_AMT3,Payment-to-Bill Ratio
13916,0,0.1242480390807619,88,Medium,Credit Utilization,Average Payment Amount,Bill Balance Trend
6086,1,0.3737342608646364,63,High,Maximum Payment Delay,Average Payment Delay,Number of Delayed Months
17842,0,0.3416841180250487,66,High,Credit Limit,BILL_AMT5,BILL_AMT1
21346,0,0.058276787905964,94,Low,Bill Balance Trend,Credit Utilization,Average Bill Amount
24745,0,0.0634856552012723,94,Low,Payment Trend,PAY_AMT1,BILL_AMT6
1774,1,0.6882057543993523,31,High,Recent Payment Status,Maximum Payment Delay,Average Payment Delay
6386,0,0.11954591584468,88,Medium,BILL_AMT1,Number of Delayed Months,Bill Balance Trend
17121,0,0.2990776542763148,70,High,PAY_AMT3,Number of Delayed Months,Average Payment Amount
12712,0,0.0493316649328767,95,Low,BILL_AMT3,Payment-to-Bill Ratio,Education: Other
12553,1,0.1307331356982442,87,Medium,Credit Utilization,BILL_AMT3,PAY_AMT1
22898,1,0.7131564290899979,29,High,Recent Payment Status,Maximum Payment Delay,Average Payment Delay
9505,0,0.0698833076386642,93,Low,PAY_AMT1,Number of Delayed Months,BILL_AMT5
7746,0,0.0712423184207258,93,Low,PAY_AMT1,Credit Limit,BILL_AMT4
20220,0,0.0558763450350452,94,Low,Bill Balance Trend,Payment Trend,Education: University
8663,0,0.062801856524683,94,Low,Credit Utilization,Average Bill Amount,PAY_AMT6
5350,1,0.5155800064993904,48,High,Maximum Payment Delay,Average Payment Delay,Number of Delayed Months
6130,1,0.6357882364089923,36,High,Recent Payment Status,Maximum Payment Delay,Number of Delayed Months
27894,0,0.0756448737259902,92,Low,Credit Utilization,BILL_AMT3,BILL_AMT4
983,1,0.045345044854956,95,Low,Payment Trend,BILL_AMT6,Total Bill Amount
22530,0,0.1543286707970287,85,Medium,Maximum Payment Delay,Average Payment Delay,Number of Delayed Months
11402,0,0.0669476285114536,93,Low,BILL_AMT5,Payment Trend,PAY_AMT3
16272,0,0.0801518788832442,92,Low,Payment-to-Bill Ratio,BILL_AMT5,Payment Trend
9191,1,0.6410279763011352,36,High,Recent Payment Status,Maximum Payment Delay,Average Payment Delay
21146,0,0.0933118514528243,91,Low,Credit Utilization,BILL_AMT3,Average Bill Amount
10613,0,0.1071276126613587,89,Medium,Credit Utilization,Credit Limit,PAY_AMT3
10095,0,0.1740709044082488,83,Medium,Maximum Payment Delay,Credit Utilization,Payment Trend
18546,0,0.1328377293966442,87,Medium,BILL_AMT1,PAY_AMT2,Average Payment Amount
7243,0,0.1274173323775854,87,Medium,Maximum Payment Delay,Number of Delayed Months,Bill Balance Trend
17405,0,0.0758601681432016,92,Low,Payment Trend,PAY_AMT2,BILL_AMT3
16703,0,0.1365767399163842,86,Medium,Credit Limit,BILL_AMT3,Bill Balance Trend
6323,0,0.0824282050922794,92,Low,Credit Limit,PAY_AMT4,PAY_AMT2
2611,0,0.0493057754607017,95,Low,PAY_AMT1,BILL_AMT4,BILL_AMT3
9021,0,0.0652847377145871,93,Low,Bill Balance Trend,PAY_AMT1,BILL_AMT6
18545,0,0.0849147783825468,92,Low,PAY_AMT4,Payment Trend,PAY_AMT1
20995,0,0.0891977845257874,91,Low,Credit Utilization,BILL_AMT3,PAY_AMT1
24576,0,0.1161506020913962,88,Medium,PAY_AMT3,BILL_AMT5,Payment Trend
4655,0,0.180693301995742,82,Medium,Credit Utilization,Credit Limit,Payment-to-Bill Ratio
25568,0,0.0409970091178229,96,Low,Average Payment Amount,Bill Balance Trend,PAY_AMT5
11893,0,0.347511086612763,65,High,Maximum Payment Delay,Average Payment Delay,Number of Delayed Months
13193,0,0.0894184824275094,91,Low,Average Payment Amount,PAY_AMT2,Payment-to-Bill Ratio
8148,1,0.2849686357601733,72,High,Credit Limit,Credit Utilization,Bill Balance Trend
14682,0,0.0478920771011946,95,Low,Payment Trend,Bill Balance Trend,BILL_AMT6
22453,0,0.1388142964973309,86,Medium,Credit Utilization,Credit Limit,PAY_AMT1
15363,0,0.0582393190783448,94,Low,Bill Balance Trend,BILL_AMT3,Education: University
11774,0,0.1858542155249807,81,Medium,Credit Utilization,Credit Limit,PAY_AMT2
15189,0,0.0567055821975647,94,Low,Bill Balance Trend,Payment Trend,PAY_AMT1
305,0,0.1411310558190385,86,Medium,BILL_AMT1,Bill Balance Trend,PAY_AMT2
2702,0,0.2594677388160931,74,High,Maximum Payment Delay,Number of Delayed Months,Bill Balance Trend
28716,0,0.0426725915895488,96,Low,Average Payment Amount,Payment Status Month 4,Total Payment Amount
6564,0,0.0884318771900593,91,Low,Credit Utilization,Credit Limit,BILL_AMT3
21416,0,0.2181806443054071,78,Medium,BILL_AMT1,BILL_AMT5,PAY_AMT2
13853,0,0.074755938096613,93,Low,BILL_AMT1,Average Bill Amount,Payment Trend
28093,0,0.0756861622178945,92,Low,Credit Utilization,BILL_AMT3,Payment-to-Bill Ratio
8083,1,0.5973493087677647,40,High,Average Payment Delay,Maximum Payment Delay,Number of Delayed Months
1643,1,0.1909352569908458,81,Medium,Credit Limit,Credit Utilization,PAY_AMT2
6859,0,0.1802847080964289,82,Medium,Credit Utilization,Credit Limit,Bill Balance Trend
10151,0,0.0989706533843534,90,Low,BILL_AMT5,PAY_AMT3,Average Payment Amount
1771,0,0.1684944365998379,83,Medium,BILL_AMT1,PAY_AMT3,PAY_AMT6
22361,0,0.1279764138060774,87,Medium,BILL_AMT5,PAY_AMT6,BILL_AMT1
24208,0,0.0580914772282984,94,Low,Credit Utilization,BILL_AMT3,BILL_AMT4
12321,0,0.257105252840161,74,High,Maximum Payment Delay,Number of Delayed Months,Credit Utilization
27761,0,0.1244192090853445,88,Medium,Credit Utilization,Payment-to-Bill Ratio,BILL_AMT3
29171,1,0.5210626803467956,48,High,Maximum Payment Delay,Average Payment Delay,Number of Delayed Months
23330,0,0.0690894255578195,93,Low,Payment Trend,Bill Balance Trend,BILL_AMT1
29492,1,0.1461717215841632,85,Medium,BILL_AMT5,BILL_AMT2,BILL_AMT3
23477,0,0.0384715294058735,96,Low,BILL_AMT4,Average Payment Amount,BILL_AMT6
6273,0,0.1403927707417815,86,Medium,Credit Utilization,BILL_AMT3,Payment-to-Bill Ratio
17570,1,0.6704549022399687,33,High,Recent Payment Status,Maximum Payment Delay,Number of Delayed Months
19153,0,0.0586197808070257,94,Low,Credit Utilization,BILL_AMT3,Average Bill Amount
27352,0,0.1649372827367373,84,Medium,BILL_AMT1,PAY_AMT2,Total Bill Amount
13190,0,0.1130219600404964,89,Medium,Credit Utilization,Payment-to-Bill Ratio,BILL_AMT4
7544,0,0.0510511581687361,95,Low,BILL_AMT4,PAY_AMT1,PAY_AMT5
5262,0,0.1060976473017969,89,Medium,Credit Limit,BILL_AMT5,Payment Trend
18301,0,0.1809627711463808,82,Medium,Credit Limit,Credit Utilization,Bill Balance Trend
10937,1,0.6957989304030393,30,High,Recent Payment Status,Maximum Payment Delay,Average Payment Delay
10697,1,0.4062538825800771,59,High,Maximum Payment Delay,Credit Limit,Bill Balance Trend
17506,0,0.0424943125997948,96,Low,Bill Balance Trend,PAY_AMT3,Education: University
21223,0,0.126544013244132,87,Medium,PAY_AMT3,PAY_AMT6,BILL_AMT1
13479,1,0.698744403048063,30,High,Recent Payment Status,Maximum Payment Delay,Average Payment Delay
12179,0,0.0527667653742418,95,Low,Payment-to-Bill Ratio,BILL_AMT3,BILL_AMT4
1106,0,0.1086498462935712,89,Medium,BILL_AMT5,Payment Trend,PAY_AMT4
14418,0,0.0886661997280078,91,Low,BILL_AMT1,Payment Trend,BILL_AMT3
8215,0,0.3403997273335902,66,High,PAY_AMT3,Average Payment Amount,BILL_AMT1
3010,1,0.6857115585496132,31,High,Recent Payment Status,Maximum Payment Delay,Average Payment Delay
9521,0,0.1306799818009913,87,Medium,BILL_AMT1,Bill Balance Trend,PAY_AMT6
5717,0,0.0519093782582999,95,Low,Payment-to-Bill Ratio,BILL_AMT3,BILL_AMT4
13731,1,0.315692099348895,68,High,Maximum Payment Delay,Recent Payment Status,Average Payment Delay
20794,0,0.537362372993709,46,High,Maximum Payment Delay,Credit Limit,Number of Delayed Months
12820,0,0.6797654320776818,32,High,Recent Payment Status,Maximum Payment Delay,Average Payment Delay
28938,0,0.1315664356533087,87,Medium,BILL_AMT1,PAY_AMT4,PAY_AMT6
26408,0,0.1594642411675187,84,Medium,PAY_AMT3,BILL_AMT1,PAY_AMT6
20564,0,0.2026904852475808,80,Medium,BILL_AMT5,PAY_AMT3,Credit Limit
10617,0,0.0502562338985114,95,Low,Payment Trend,Bill Balance Trend,Average Bill Amount
19014,1,0.1748520048823142,83,Medium,PAY_AMT3,Average Payment Amount,BILL_AMT5
5544,0,0.2794721217837328,72,High,Number of Delayed Months,Average Payment Amount,BILL_AMT1
17584,1,0.0725329032447947,93,Low,Average Bill Amount,PAY_AMT1,Payment Trend
8615,0,0.0923309067379235,91,Low,BILL_AMT1,PAY_AMT6,PAY_AMT2
22169,1,0.6447164098812491,36,High,Recent Payment Status,Maximum Payment Delay,Average Payment Delay
7619,0,0.1824919501761213,82,Medium,BILL_AMT5,Payment-to-Bill Ratio,BILL_AMT3
24402,0,0.0976140669229093,90,Low,BILL_AMT1,PAY_AMT2,PAY_AMT6
17238,0,0.0537220988322079,95,Low,PAY_AMT1,BILL_AMT3,Payment Status Month 4
7290,0,0.1598370642095277,84,Medium,Credit Utilization,Credit Limit,PAY_AMT2
27777,0,0.0536992221188883,95,Low,PAY_AMT4,PAY_AMT6,Payment Trend
16576,0,0.2284425237343006,77,Medium,Credit Limit,Credit Utilization,PAY_AMT2
8092,0,0.4213409779038755,58,High,PAY_AMT3,Average Payment Amount,BILL_AMT1
21166,1,0.6911700458871227,31,High,Recent Payment Status,Maximum Payment Delay,Average Payment Delay
5012,1,0.1388306283669159,86,Medium,BILL_AMT2,BILL_AMT5,Payment Trend
2093,0,0.2224671806553267,78,Medium,Credit Limit,Average Payment Amount,PAY_AMT2
18390,0,0.0522207621295925,95,Low,PAY_AMT1,BILL_AMT4,BILL_AMT3
21716,1,0.5681501153485353,43,High,Average Payment Delay,Maximum Payment Delay,Number of Delayed Months
27944,0,0.1644404521548705,84,Medium,PAY_AMT3,BILL_AMT1,Average Payment Amount
22553,0,0.1009366082524698,90,Medium,Credit Utilization,Payment-to-Bill Ratio,BILL_AMT4
27691,0,0.1099181533998774,89,Medium,PAY_AMT3,Payment Trend,BILL_AMT1
10794,1,0.0968832883440227,90,Low,Maximum Payment Delay,Number of Delayed Months,PAY_AMT6
3642,0,0.0554577753270451,94,Low,Average Bill Amount,BILL_AMT3,BILL_AMT4
18803,0,0.0643074576114176,94,Low,BILL_AMT4,BILL_AMT3,Payment-to-Bill Ratio
16761,0,0.0717676628684306,93,Low,Payment-to-Bill Ratio,PAY_AMT1,BILL_AMT3
27590,1,0.4213882524452681,58,High,PAY_AMT3,Average Payment Amount,Number of Delayed Months
5460,0,0.0415201126705739,96,Low,Average Payment Amount,Payment Trend,BILL_AMT6
24199,0,0.4426767944699758,56,High,Maximum Payment Delay,Number of Delayed Months,BILL_AMT1
18688,0,0.6948767210725638,31,High,Recent Payment Status,Maximum Payment Delay,Average Payment Delay
25231,0,0.1928772742308742,81,Medium,Credit Utilization,Credit Limit,Bill Balance Trend
25847,0,0.0914742350188947,91,Low,Credit Utilization,BILL_AMT3,Credit Limit
19860,0,0.0756757841055775,92,Low,Bill Balance Trend,PAY_AMT1,Education: Other
24612,0,0.1131108941802341,89,Medium,BILL_AMT1,Payment Trend,Average Bill Amount
21598,0,0.276294009767249,72,High,Payment Trend,Bill Balance Trend,BILL_AMT1
13634,0,0.1904950456398482,81,Medium,Maximum Payment Delay,Credit Utilization,Number of Delayed Months
7974,0,0.4849626944281053,52,High,Maximum Payment Delay,Number of Delayed Months,Average Payment Delay
20011,1,0.3982554355060456,60,High,Payment Trend,Credit Utilization,Maximum Payment Delay
951,1,0.1465218356068313,85,Medium,Credit Limit,BILL_AMT5,PAY_AMT6
26456,0,0.0673753993620569,93,Low,Number of Delayed Months,BILL_AMT1,Average Bill Amount
5949,0,0.0806183350340137,92,Low,Payment-to-Bill Ratio,Credit Utilization,BILL_AMT3
27874,0,0.0504360301333942,95,Low,Payment Trend,PAY_AMT4,Total Payment Amount
20757,1,0.7030504784490764,30,High,Recent Payment Status,Maximum Payment Delay,Average Payment Delay
20667,0,0.1223727174124612,88,Medium,Credit Limit,Credit Utilization,PAY_AMT1
2539,0,0.1026496218463422,90,Medium,PAY_AMT3,BILL_AMT5,Average Payment Amount
16082,0,0.1732388530067546,83,Medium,Credit Utilization,Bill Balance Trend,Payment-to-Bill Ratio
3243,1,0.6795507335481266,32,High,Recent Payment Status,Maximum Payment Delay,Number of Delayed Months
5764,0,0.1386097786157302,86,Medium,Credit Limit,PAY_AMT6,Credit Utilization
5001,0,0.2474186616868857,75,Medium,PAY_AMT3,Number of Delayed Months,BILL_AMT1
11976,0,0.1598927268114467,84,Medium,Maximum Payment Delay,Average Payment Delay,Number of Delayed Months
12742,0,0.0840712882185742,92,Low,Maximum Payment Delay,Number of Delayed Months,PAY_AMT5
3332,0,0.2071888559819691,79,Medium,PAY_AMT3,BILL_AMT5,BILL_AMT1
13880,0,0.1308007872251208,87,Medium,BILL_AMT1,Payment Trend,PAY_AMT3
