Customer_ID,Actual_Default,Probability_of_Default,Risk_Score,Risk_Band
25872,0,0.05532199981566901,94,Low
26119,0,0.05484542947788152,95,Low
15425,1,0.6272795177840648,37,High
23109,0,0.23260938812861656,77,Medium
1638,0,0.6876289136868489,31,High
27350,0,0.29359398164585815,71,High
19997,1,0.16110186999875534,84,Medium
12687,0,0.05532154300290437,94,Low
4190,0,0.5231776745926912,48,High
27426,1,0.05867020984541049,94,Low
4828,0,0.1370741136981358,86,Medium
3791,1,0.10213445680472572,90,Medium
24630,1,0.13819213831703495,86,Medium
20902,0,0.061168906959623986,94,Low
7839,0,0.11674548895427374,88,Medium
6570,1,0.6541196042467247,35,High
19417,1,0.3467952202698578,65,High
18353,0,0.16890709003097792,83,Medium
3280,0,0.04264566910826199,96,Low
11818,0,0.6497461466778756,35,High
2521,0,0.08066977155875449,92,Low
13516,1,0.33286844600783894,67,High
26310,0,0.21352853594513488,79,Medium
1147,1,0.7132349051643674,29,High
14216,0,0.14672311752304198,85,Medium
9946,0,0.12137429034823233,88,Medium
21422,0,0.047464620599440566,95,Low
25631,0,0.0495129428501195,95,Low
6498,0,0.3077686424287269,69,High
27670,0,0.4842480146518187,52,High
11850,0,0.20952519844618478,79,Medium
19286,1,0.18011014257298844,82,Medium
10519,0,0.09908606862738793,90,Low
16461,0,0.11847749071369484,88,Medium
13331,1,0.3309805404463108,67,High
27032,0,0.1485925956689867,85,Medium
16867,0,0.143211302433223,86,Medium
12054,1,0.6264945572855547,37,High
15811,1,0.6782246658609398,32,High
4784,0,0.12399605667355475,88,Medium
19495,0,0.17472814916005078,83,Medium
24920,0,0.3217564731345403,68,High
3320,0,0.2740846518298506,73,High
20453,1,0.11178102519113202,89,Medium
24644,1,0.11574699627158958,88,Medium
22113,0,0.11136670273170124,89,Medium
18243,0,0.33069476927670066,67,High
26596,0,0.29927988831597835,70,High
28417,0,0.06508041328029036,93,Low
5329,0,0.16262714162706027,84,Medium
26790,0,0.3057008338608817,69,High
24096,0,0.1286105875050743,87,Medium
11488,0,0.06200511648314075,94,Low
19528,1,0.18220331901522835,82,Medium
19463,1,0.15717114088291229,84,Medium
21810,1,0.6260193279718439,37,High
12360,0,0.22650733237126672,77,Medium
11890,0,0.2999156306117751,70,High
9062,0,0.6569874398812473,34,High
13201,0,0.1474406719197359,85,Medium
19952,0,0.09549080050934768,90,Low
12282,1,0.651581843605044,35,High
27199,1,0.2819856460072638,72,High
4844,0,0.6678141211169177,33,High
24504,0,0.10923715718084821,89,Medium
17980,0,0.13450687446028645,87,Medium
9883,0,0.13623392777276025,86,Medium
11133,0,0.24325952707081477,76,Medium
28401,0,0.39575158669638916,60,High
28935,0,0.1657444274370364,83,Medium
972,0,0.11305125246878912,89,Medium
15920,0,0.6754645181286011,32,High
14419,0,0.6715472128557364,33,High
16012,0,0.133151383659479,87,Medium
8738,0,0.06682185129560074,93,Low
3715,0,0.1653420420527271,83,Medium
23025,0,0.0923782779900877,91,Low
21969,0,0.12841283206160783,87,Medium
14593,0,0.0880204757471481,91,Low
28254,0,0.14016207372477565,86,Medium
12697,0,0.10604617624784592,89,Medium
13064,1,0.09787749249080628,90,Low
2972,0,0.0695623989225,93,Low
12275,1,0.6780733784292471,32,High
28415,0,0.09048294175346416,91,Low
3662,0,0.103515645128807,90,Medium
11222,0,0.2815028681212253,72,High
5235,0,0.0818203201961253,92,Low
4388,1,0.3672658038957611,63,High
23994,0,0.3845328710125637,62,High
14107,0,0.17796757313468867,82,Medium
3340,1,0.10509671267533897,89,Medium
13575,0,0.10251192500552257,90,Medium
6537,0,0.22753274995340733,77,Medium
14413,0,0.1545788017731253,85,Medium
26540,0,0.25739855243030213,74,High
26516,0,0.10025322039748312,90,Medium
5282,1,0.16422846458192,84,Medium
26548,0,0.07171307338176075,93,Low
23323,1,0.20156692829354095,80,Medium
6962,0,0.6139517760608441,39,High
24047,0,0.09250899864427355,91,Low
14365,0,0.18007910379788386,82,Medium
2386,0,0.0467677073031571,95,Low
14445,0,0.13463383717679386,87,Medium
12347,1,0.6932274725397648,31,High
27455,0,0.40495134236757613,60,High
18385,0,0.29184425766459915,71,High
23069,0,0.07387519463348342,93,Low
27114,0,0.14628424668716564,85,Medium
15837,0,0.15594526142991744,84,Medium
28705,0,0.17159425713749688,83,Medium
8447,1,0.18937210623023257,81,Medium
21304,1,0.1836943904796996,82,Medium
15546,1,0.61694908180668,38,High
249,0,0.11083758399320505,89,Medium
29372,0,0.15640580220625902,84,Medium
7375,1,0.1352107787397849,86,Medium
29546,1,0.17634966012705644,82,Medium
15301,0,0.20569390587446887,79,Medium
5167,0,0.1443959925364929,86,Medium
13873,0,0.5419187646755709,46,High
20736,0,0.34147395229035454,66,High
5119,0,0.05071248645834567,95,Low
8931,0,0.07618607552845355,92,Low
715,0,0.11970053250138918,88,Medium
8323,0,0.06302094191924733,94,Low
21072,0,0.042814417293747596,96,Low
27203,0,0.13016842698991574,87,Medium
16122,1,0.5240491942301367,48,High
25347,0,0.12643248380641933,87,Medium
5738,0,0.11165091278848215,89,Medium
12762,1,0.13060483003800116,87,Medium
16824,0,0.07894335528336104,92,Low
18637,0,0.12646168606542943,87,Medium
1400,0,0.19310185522451262,81,Medium
10052,0,0.12666970797149538,87,Medium
6176,0,0.6681692386300426,33,High
12885,0,0.36629793427116253,63,High
14985,0,0.10693192741706496,89,Medium
11157,0,0.10428318392738826,90,Medium
24984,0,0.4363549976112468,56,High
2142,0,0.2511474787265824,75,High
12728,0,0.05805281152647571,94,Low
20815,0,0.10302659320657857,90,Medium
27719,1,0.6802933297391371,32,High
26255,0,0.16529820058293254,83,Medium
23823,1,0.5149639421447355,49,High
28781,0,0.05727669440393624,94,Low
29721,0,0.05944402911457999,94,Low
28556,0,0.06141289204515419,94,Low
7162,1,0.16306279059660814,84,Medium
17394,1,0.6973957229374781,30,High
10985,0,0.08698303818142274,91,Low
27321,1,0.40331048264558883,60,High
5646,1,0.3434712929150449,66,High
15667,0,0.21200895895289165,79,Medium
407,0,0.10208621411103408,90,Medium
22043,0,0.2784873464417846,72,High
26084,1,0.16474547306443643,84,Medium
17077,1,0.696972309922817,30,High
13277,0,0.06187489242506931,94,Low
9524,0,0.23311892141306334,77,Medium
19671,0,0.3483072214399055,65,High
12574,1,0.3969508355997274,60,High
16855,0,0.29112668462969143,71,High
22419,0,0.047026136422521105,95,Low
12280,0,0.11266892836510427,89,Medium
16499,0,0.22285643965403779,78,Medium
7493,0,0.20790920038687574,79,Medium
17892,1,0.7021037884677873,30,High
29429,0,0.19520810110957232,80,Medium
19884,0,0.07428077754607276,93,Low
10088,0,0.1024088279578761,90,Medium
12397,0,0.07938372087331845,92,Low
10800,0,0.1376656174335336,86,Medium
23809,0,0.18210386144771826,82,Medium
20640,1,0.33791657549250553,66,High
3989,0,0.12805582838527452,87,Medium
15168,0,0.14483556172212986,86,Medium
15780,0,0.10108662407014839,90,Medium
5542,0,0.39988668218635165,60,High
9602,0,0.07141833539896997,93,Low
16478,1,0.7059836089016591,29,High
16898,0,0.047922222573072805,95,Low
25136,0,0.06870686265721791,93,Low
8404,0,0.05352080079253363,95,Low
21059,0,0.07344660509260191,93,Low
6110,0,0.18418388877390887,82,Medium
28519,0,0.1540884291355795,85,Medium
26551,1,0.08872101197030953,91,Low
1552,0,0.06332386042954714,94,Low
14074,0,0.1463105205407376,85,Medium
6951,0,0.44096533254878906,56,High
28079,1,0.22511330953895647,77,Medium
1038,1,0.19828737405715968,80,Medium
1797,0,0.07777007949358879,92,Low
23391,1,0.13181799098354138,87,Medium
29383,0,0.21045697425279733,79,Medium
27184,0,0.04650337759667055,95,Low
22196,0,0.11392293591867259,89,Medium
101,0,0.1705915306312832,83,Medium
4030,1,0.2594725749916122,74,High
2256,0,0.6268395975615242,37,High
23128,0,0.06379955653541552,94,Low
19045,0,0.1059931905974119,89,Medium
12231,0,0.46049356084887255,54,High
20978,1,0.6736478642365945,33,High
4746,0,0.47732485293217347,52,High
17628,0,0.17353183899657934,83,Medium
6013,1,0.1519349820936499,85,Medium
2444,0,0.42804064764242433,57,High
18587,0,0.19955948643970567,80,Medium
21226,0,0.5669378344418526,43,High
23290,0,0.11731931142123035,88,Medium
17760,0,0.08217485201446027,92,Low
29514,0,0.3108466410170401,69,High
3533,0,0.07900098165124832,92,Low
27608,0,0.08487356640314869,92,Low
19251,1,0.07424043414354563,93,Low
5004,0,0.08753842198821775,91,Low
6526,0,0.07075832955276468,93,Low
5614,0,0.17805919794566574,82,Medium
22215,0,0.08227612047646012,92,Low
22812,0,0.24496288940886715,76,Medium
24437,0,0.1795001437783409,82,Medium
6712,0,0.15051753708535265,85,Medium
20228,0,0.05604768127202788,94,Low
9282,0,0.06865883981309111,93,Low
12930,0,0.05854693245045176,94,Low
981,0,0.11794367283721414,88,Medium
2121,0,0.07890946079061602,92,Low
1488,0,0.09051623808959647,91,Low
2476,0,0.3938228391280179,61,High
7236,0,0.2466209448279141,75,Medium
22003,0,0.06756849933634938,93,Low
3860,1,0.6646880180846536,34,High
9074,0,0.4695427603883798,53,High
27279,1,0.1410456493999707,86,Medium
26331,0,0.07296382795329291,93,Low
15144,0,0.05252281274747093,95,Low
18367,0,0.20158094069136054,80,Medium
11795,1,0.3286930787095508,67,High
5520,0,0.1845825436964383,82,Medium
29989,0,0.1497720710862263,85,Medium
12872,0,0.19038022596180293,81,Medium
16948,0,0.054508055918554114,95,Low
21178,0,0.05128058423299255,95,Low
9942,0,0.21301887012901513,79,Medium
5787,1,0.7087535033945227,29,High
16639,0,0.11130325556870029,89,Medium
15729,0,0.08663962577994344,91,Low
2776,0,0.1062429573593664,89,Medium
110,0,0.35984566948737867,64,High
14961,0,0.06824283841341357,93,Low
1740,0,0.2836941728433556,72,High
872,0,0.09287492779559474,91,Low
13706,0,0.14590559914401655,85,Medium
29859,0,0.3269389353031224,67,High
6805,0,0.34740832649529435,65,High
26270,0,0.0828213577479254,92,Low
16374,0,0.04946848993264418,95,Low
11697,1,0.36982137577620033,63,High
6179,0,0.10757614456961608,89,Medium
9428,0,0.2036977790977653,80,Medium
13679,0,0.2080803772927402,79,Medium
23462,0,0.093183323391262,91,Low
19614,0,0.23584282886213206,76,Medium
20482,0,0.23740606272248713,76,Medium
26811,0,0.15794303472056237,84,Medium
7335,0,0.4196797607951825,58,High
16896,1,0.3786587534696724,62,High
29934,0,0.4088659994280161,59,High
19505,0,0.19893922504913297,80,Medium
14769,0,0.07591610440603404,92,Low
2553,1,0.17694576564680106,82,Medium
29086,0,0.21590954432090884,78,Medium
14440,1,0.6815048190277677,32,High
24463,0,0.06816570136516259,93,Low
7285,0,0.2192077181751985,78,Medium
23625,0,0.040073900744474804,96,Low
18231,0,0.0581931266351787,94,Low
24401,1,0.6845132599706544,32,High
1350,1,0.4980666617078369,50,High
12040,1,0.6822816599064695,32,High
10734,0,0.05093208655248788,95,Low
15084,0,0.04903244736186057,95,Low
21902,0,0.06955806181259373,93,Low
19434,1,0.39467593693976183,61,High
7200,0,0.055563581005069605,94,Low
28539,0,0.0727100601189906,93,Low
2961,0,0.13909701109639544,86,Medium
15910,0,0.5680984032838065,43,High
23110,0,0.39986024953620775,60,High
15450,0,0.04731793136414008,95,Low
11205,0,0.4515178171295276,55,High
18561,0,0.051542078181967314,95,Low
24756,0,0.09889774266903774,90,Low
25390,0,0.07380591806932683,93,Low
14764,1,0.6506355434400234,35,High
2205,0,0.15299777679776838,85,Medium
6811,0,0.1992038974873819,80,Medium
10450,0,0.22109156502169902,78,Medium
29662,0,0.06574394859186866,93,Low
16713,0,0.23734313001331286,76,Medium
14889,0,0.4766613703708229,52,High
9036,0,0.18511207730524723,81,Medium
10606,0,0.18925327696835573,81,Medium
8933,1,0.3499737779798699,65,High
29781,0,0.13069443866594843,87,Medium
27641,0,0.1838367227808819,82,Medium
27089,1,0.18303306643575032,82,Medium
21437,0,0.16667682663473427,83,Medium
21795,0,0.07004573951251326,93,Low
11729,0,0.0588482466270347,94,Low
25448,0,0.10528088393663022,89,Medium
21311,1,0.42674414982101183,57,High
25243,0,0.13161699801242524,87,Medium
15785,1,0.6369730953746537,36,High
9053,0,0.04740072027308744,95,Low
28686,1,0.13865711758114646,86,Medium
6972,0,0.07121305104794055,93,Low
17129,0,0.28118093210039324,72,High
19059,0,0.24936472351386083,75,Medium
11839,0,0.05192284613037634,95,Low
19852,0,0.05061714571017469,95,Low
22497,1,0.12155419561019593,88,Medium
8062,0,0.1529752114025434,85,Medium
1351,0,0.4143912114376054,59,High
11244,0,0.6438815132299559,36,High
22105,0,0.1272364939725609,87,Medium
19926,1,0.46292863672574547,54,High
4557,0,0.3947786865741894,61,High
25032,0,0.10723839066582723,89,Medium
5989,0,0.32672787054632146,67,High
536,0,0.17360999802312746,83,Medium
4068,1,0.12618076597022745,87,Medium
5002,1,0.04874318767775015,95,Low
17694,0,0.5776727287300144,42,High
18236,0,0.10285154208188929,90,Medium
6103,0,0.06374582893394748,94,Low
8696,0,0.15519623222406911,84,Medium
6739,1,0.3806710592105766,62,High
2216,0,0.28491250485426406,72,High
26057,0,0.08718180751007965,91,Low
28582,0,0.6975532253559088,30,High
28532,1,0.7231551194918566,28,High
15387,0,0.33678617279034123,66,High
9333,0,0.0613172946146468,94,Low
23071,1,0.12914928446493293,87,Medium
15105,0,0.06570129819051429,93,Low
68,0,0.2786578256553682,72,High
4035,0,0.4533778112715874,55,High
5692,0,0.07828352924696148,92,Low
27057,0,0.37809532071609575,62,High
13776,0,0.08557324512771382,91,Low
4383,1,0.24111675900504245,76,Medium
8584,0,0.1988720901660476,80,Medium
12627,0,0.1477528364570453,85,Medium
28896,0,0.1409733954877713,86,Medium
14331,1,0.6789068691695589,32,High
29793,0,0.16279066438958806,84,Medium
27723,0,0.4992393912199428,50,High
28988,0,0.17885878678002656,82,Medium
18474,0,0.057570058368678755,94,Low
16717,0,0.09653509850566415,90,Low
26750,1,0.6570793759732247,34,High
26,0,0.14901275883547807,85,Medium
7336,0,0.08777273242001914,91,Low
2449,0,0.07672885401407509,92,Low
26639,0,0.2452506940795942,75,Medium
8660,0,0.4143912114376054,59,High
24732,0,0.04292847732315525,96,Low
1349,0,0.05779587935305378,94,Low
23687,0,0.05817717339367321,94,Low
4913,0,0.29736671168963486,70,High
22544,1,0.24360771777465742,76,Medium
1138,0,0.13246357265555397,87,Medium
9590,1,0.2110784087560679,79,Medium
28368,0,0.07619546722627214,92,Low
3966,0,0.04986691035984179,95,Low
2426,0,0.4472131567125534,55,High
26190,0,0.13455194007698879,87,Medium
4254,0,0.12137248132209781,88,Medium
6991,0,0.674559623541302,33,High
18487,0,0.09646557023736145,90,Low
2025,0,0.1378915559518926,86,Medium
27926,0,0.6773430918716525,32,High
2509,0,0.11266380388363177,89,Medium
12240,1,0.11302775639483208,89,Medium
29681,0,0.5570654764654187,44,High
26459,0,0.08632152011748216,91,Low
13051,1,0.6320424340275311,37,High
17679,0,0.04595386683725739,95,Low
8925,0,0.06033438520036444,94,Low
991,0,0.11322690874500141,89,Medium
15791,0,0.07709655763780658,92,Low
28542,0,0.11204558641732443,89,Medium
20337,1,0.19337455525602176,81,Medium
3035,0,0.04873910150541023,95,Low
3784,0,0.1911986152154526,81,Medium
9757,0,0.12383081271132401,88,Medium
26490,0,0.07244493019609043,93,Low
2867,0,0.09547785162109969,90,Low
11614,0,0.22132602020748923,78,Medium
17177,0,0.07045357402475214,93,Low
15026,0,0.11956711022133355,88,Medium
26355,0,0.22212117301872455,78,Medium
2681,0,0.07061665451220495,93,Low
14815,0,0.07773513564742289,92,Low
25977,1,0.16357144599197213,84,Medium
974,0,0.09184955982875988,91,Low
7956,0,0.6372964460387983,36,High
8221,0,0.05950904006145341,94,Low
9876,0,0.10058980923774791,90,Medium
26315,1,0.5950621393193704,40,High
22567,0,0.7026521601938613,30,High
1544,0,0.13840578127147188,86,Medium
9079,1,0.2569436377858548,74,High
15268,0,0.5216380899614804,48,High
2724,0,0.05960058425195642,94,Low
27444,0,0.16115349126565573,84,Medium
1838,1,0.1363196733016945,86,Medium
20520,0,0.10988368701386793,89,Medium
28921,1,0.45406248397579,55,High
4852,1,0.4790998035213812,52,High
3049,0,0.0797538670691006,92,Low
3912,0,0.4159058350372807,58,High
15618,0,0.31556547144706487,68,High
14138,0,0.05489625162722145,95,Low
24345,0,0.06832050714991034,93,Low
20683,0,0.24813638820889058,75,Medium
6565,0,0.26087962116330327,74,High
29906,1,0.5188023448829543,48,High
7725,1,0.3924615399489791,61,High
4705,1,0.37431072235821256,63,High
4726,0,0.10170322769003094,90,Medium
15887,0,0.43722769776674975,56,High
7852,0,0.19179528279561323,81,Medium
13435,0,0.10404251280601316,90,Medium
24876,0,0.16551366237740697,83,Medium
13668,0,0.11974763053270937,88,Medium
10283,0,0.12593303457620866,87,Medium
16054,0,0.1214312078756943,88,Medium
14642,0,0.2240165536849048,78,Medium
15089,0,0.6633007893060576,34,High
4496,0,0.16447914071846767,84,Medium
15891,1,0.6579591808219457,34,High
23250,0,0.1680923257669552,83,Medium
9525,0,0.08827614104535043,91,Low
8761,0,0.09263529435205604,91,Low
19247,0,0.692098423720751,31,High
26460,1,0.2998825061578508,70,High
5027,0,0.15826821699769392,84,Medium
325,0,0.04275487639674772,96,Low
8144,0,0.3499938115908878,65,High
16679,0,0.46703244751676903,53,High
400,0,0.6466568559273285,35,High
2422,1,0.6959950302539605,30,High
9917,0,0.08214959878872491,92,Low
2734,0,0.2317628925575106,77,Medium
1574,1,0.10338463285937748,90,Medium
20205,0,0.30951070100424577,69,High
7603,1,0.2761301218193796,72,High
24410,1,0.12874647930329197,87,Medium
28130,0,0.18115407676227888,82,Medium
8073,0,0.12312102963522652,88,Medium
16757,0,0.15242607796868177,85,Medium
199,0,0.14958637926041476,85,Medium
22905,0,0.2651518092268113,73,High
8401,0,0.7082607845544177,29,High
8999,1,0.5215990291927636,48,High
22307,1,0.347934780039412,65,High
18626,1,0.5784313098003938,42,High
11362,1,0.3155479378790454,68,High
13994,0,0.06702082477850062,93,Low
5192,1,0.37609506175321994,62,High
8580,0,0.19015461061026348,81,Medium
3043,0,0.10697768733836537,89,Medium
28107,0,0.08678436881422331,91,Low
27771,0,0.1628152613140926,84,Medium
29256,1,0.23907286270553438,76,Medium
11345,0,0.2852138426727339,71,High
712,0,0.17998008077385189,82,Medium
16322,0,0.26883086250000104,73,High
18898,0,0.053317682956405266,95,Low
24939,1,0.6715922852249975,33,High
20645,1,0.3979391031330308,60,High
16132,0,0.1879044664548006,81,Medium
28586,0,0.41106167173120145,59,High
24775,1,0.09161923442384086,91,Low
21766,0,0.21005904113490934,79,Medium
2849,0,0.05246994452864057,95,Low
8720,0,0.07637005010957294,92,Low
9836,0,0.3720892513373444,63,High
20518,0,0.10975756575560934,89,Medium
24993,1,0.2540734857353554,75,High
12014,0,0.0534212530572002,95,Low
16572,0,0.6936689277268631,31,High
2523,0,0.08078278502787706,92,Low
22998,0,0.0496739336266582,95,Low
2255,0,0.1355257964699171,86,Medium
19916,0,0.037760785893400185,96,Low
13221,0,0.20554417341768985,79,Medium
20693,0,0.13151828612098745,87,Medium
23396,0,0.10676881068864198,89,Medium
18579,0,0.07366091670432008,93,Low
22448,0,0.15925927867576053,84,Medium
7868,0,0.21425795489919117,79,Medium
13523,0,0.12779596549275676,87,Medium
16080,0,0.11475996095746584,89,Medium
16323,1,0.21904323906037174,78,Medium
7289,0,0.13884258103835825,86,Medium
10891,1,0.3148577973711732,69,High
7437,1,0.6794358796404856,32,High
28566,0,0.08902100932464495,91,Low
5293,0,0.14261840070602108,86,Medium
18540,1,0.668846468928458,33,High
7292,1,0.6970547911706054,30,High
13267,1,0.20805476839805195,79,Medium
7132,0,0.07016531351779477,93,Low
8802,1,0.3952219139232374,60,High
10415,0,0.19029449278267627,81,Medium
28443,0,0.5635676663753569,44,High
2086,0,0.4201766546722942,58,High
22322,0,0.16367567645305503,84,Medium
14102,0,0.22504304122099406,77,Medium
3349,0,0.6868864833045755,31,High
17932,1,0.5542292287652236,45,High
5037,0,0.2641966768203587,74,High
23614,0,0.20178823190848152,80,Medium
1273,0,0.052247297161899076,95,Low
15778,1,0.520711492630611,48,High
28783,0,0.10877493691014499,89,Medium
8661,0,0.09251757576352422,91,Low
11413,0,0.14906201502738137,85,Medium
8840,0,0.08040150943383503,92,Low
13397,0,0.10557628736627596,89,Medium
9551,0,0.6697283473996111,33,High
16657,0,0.20933409362882216,79,Medium
16124,0,0.11616893559106756,88,Medium
12637,0,0.12233003620040055,88,Medium
7944,0,0.20215313760857512,80,Medium
26992,0,0.07904230357776272,92,Low
27236,0,0.5550521684531428,44,High
26079,0,0.18246569414411584,82,Medium
25178,0,0.46065462009284186,54,High
18099,0,0.421762421282214,58,High
13351,0,0.06945362560641787,93,Low
5634,0,0.07835102271744761,92,Low
4124,0,0.08521204375835396,91,Low
23545,0,0.10657057297987171,89,Medium
16022,0,0.390604115691616,61,High
23657,0,0.30929257264781945,69,High
26926,1,0.61184906344482,39,High
10239,0,0.13300111945462714,87,Medium
17167,0,0.14661838178959016,85,Medium
28232,1,0.5453822201887886,45,High
19216,0,0.09653104859673813,90,Low
25604,0,0.1554518957019534,84,Medium
25909,0,0.19751800284612486,80,Medium
23847,0,0.09668131309230603,90,Low
11800,0,0.09579943252957569,90,Low
11459,0,0.1249799576841673,88,Medium
522,0,0.05094333674045513,95,Low
15753,0,0.4785879006877958,52,High
18503,0,0.07475893007251848,93,Low
23932,0,0.35807316868222366,64,High
5727,1,0.6825886853693879,32,High
22761,0,0.050263951090798294,95,Low
23922,0,0.23223261025423395,77,Medium
5462,0,0.13433090162224345,87,Medium
18284,0,0.15127587447288615,85,Medium
28140,0,0.07872060084342448,92,Low
9031,0,0.09916185340012958,90,Low
25031,0,0.05084727339088613,95,Low
17680,0,0.06640482524119533,93,Low
924,0,0.3558363098251483,64,High
264,0,0.11851896531853938,88,Medium
25451,0,0.14491239049992471,86,Medium
20918,1,0.469217550007329,53,High
16072,0,0.1035005966167531,90,Medium
1753,0,0.05659071849490901,94,Low
17582,1,0.6494104806442036,35,High
29310,1,0.46665212945720386,53,High
27059,0,0.13290196408441948,87,Medium
27536,1,0.6683682369442433,33,High
7123,1,0.6178831441355138,38,High
22282,0,0.20036652943434582,80,Medium
21707,0,0.09971577482025606,90,Low
6592,0,0.5953733114840808,40,High
1236,1,0.1466752354214619,85,Medium
24091,0,0.06650882497785551,93,Low
16471,0,0.07093423301551909,93,Low
29109,1,0.621131067887719,38,High
9796,1,0.04937172972205351,95,Low
17379,0,0.07586812869830392,92,Low
25060,1,0.2075028410272195,79,Medium
12784,0,0.2078794616854687,79,Medium
8523,0,0.18505947068784648,81,Medium
8432,0,0.11062953323439528,89,Medium
15090,0,0.1477753232557045,85,Medium
10784,0,0.07217142765766947,93,Low
23736,0,0.09798039862183505,90,Low
6309,0,0.08000277230932895,92,Low
6378,0,0.14133557041010367,86,Medium
26709,0,0.07705001722967687,92,Low
14647,0,0.6427026682268238,36,High
7567,0,0.3080655935887808,69,High
9019,0,0.09573954602860575,90,Low
27917,0,0.052152894097094206,95,Low
28204,0,0.12301926092950283,88,Medium
10650,1,0.05727202455564778,94,Low
20889,0,0.21737467475321323,78,Medium
4935,0,0.6574843102982942,34,High
2713,0,0.21045231994352176,79,Medium
8600,1,0.5093838456137539,49,High
5757,1,0.42198587006008187,58,High
23261,1,0.3303581742326636,67,High
14286,0,0.0451930205034581,95,Low
17274,0,0.2876220521894345,71,High
8758,0,0.22295847152454626,78,Medium
11756,0,0.14716572508836223,85,Medium
2786,0,0.10491914644359739,90,Medium
29057,0,0.6595058564319353,34,High
23206,1,0.30079435170836794,70,High
6960,0,0.10084235474150142,90,Medium
29904,0,0.05192827185480962,95,Low
29263,0,0.19140024700490252,81,Medium
26810,0,0.04687616573120895,95,Low
16359,0,0.1889701928620562,81,Medium
1316,1,0.3054928810772888,69,High
28420,1,0.2839919568960849,72,High
193,0,0.11981603098407229,88,Medium
12844,0,0.113815390437427,89,Medium
24895,0,0.125611771578777,87,Medium
20390,0,0.5877322912168532,41,High
15374,0,0.1219514297566926,88,Medium
24070,0,0.2736575133405461,73,High
13268,0,0.06740362302989521,93,Low
8969,0,0.15973408963503724,84,Medium
17370,0,0.1509093534071544,85,Medium
6903,0,0.09731518047023219,90,Low
12091,0,0.38739294480633024,61,High
16462,1,0.7047199155974669,30,High
20415,0,0.11159308156627808,89,Medium
22073,0,0.07278283594915742,93,Low
24708,0,0.05482628981860213,95,Low
14433,0,0.07385327975295237,93,Low
2033,0,0.03746358519946857,96,Low
4933,0,0.1828155652617207,82,Medium
26325,1,0.09323656985545942,91,Low
28446,0,0.07774763627972865,92,Low
7377,0,0.5034264875099691,50,High
12686,0,0.2758930004640116,72,High
3303,1,0.5526054359269384,45,High
2773,1,0.6855800093324788,31,High
29016,1,0.6703621022971465,33,High
22768,0,0.09760741438901566,90,Low
6583,1,0.682895292941351,32,High
25114,0,0.16396226958539817,84,Medium
14332,0,0.05260022192022776,95,Low
21274,1,0.7018430772786645,30,High
12977,0,0.27625014645475887,72,High
28057,0,0.4182682195059717,58,High
18056,0,0.17497412794415765,83,Medium
11409,0,0.5538133798941759,45,High
28209,0,0.04932690804293153,95,Low
8131,0,0.11012758813768682,89,Medium
6363,0,0.4304522877961327,57,High
24450,0,0.4365378391055963,56,High
13240,1,0.5192057602842747,48,High
24633,0,0.11283976334324569,89,Medium
26792,0,0.046617428547789906,95,Low
3058,0,0.20873547537099724,79,Medium
3357,0,0.2383329978280916,76,Medium
17622,0,0.2951033658018165,70,High
9819,0,0.1006356144700602,90,Medium
28497,0,0.16978816787249065,83,Medium
29964,0,0.17569073273977395,82,Medium
14623,0,0.05143033286568288,95,Low
15076,0,0.04758219794055582,95,Low
6695,0,0.25236118638613764,75,High
13498,1,0.24300954273374034,76,Medium
26842,0,0.08098942564756996,92,Low
15060,0,0.09411718968609144,91,Low
22044,0,0.050068299068481294,95,Low
11837,0,0.15274025477030184,85,Medium
21130,0,0.3472302168925627,65,High
5053,0,0.061577613710969814,94,Low
817,1,0.6277896565631782,37,High
17627,0,0.180771418024143,82,Medium
3295,0,0.03929803264296428,96,Low
18026,0,0.17894642764680815,82,Medium
459,0,0.07817156428206125,92,Low
26151,1,0.6437276035562373,36,High
9770,0,0.04869202203041528,95,Low
7922,1,0.2572398390279675,74,High
11315,1,0.6104415154243547,39,High
22937,0,0.18417688075036187,82,Medium
17436,0,0.168022857348472,83,Medium
25599,0,0.18504050950303208,81,Medium
17454,0,0.25145213685175166,75,High
23547,0,0.05328082745348539,95,Low
29965,0,0.0964962254079663,90,Low
16809,0,0.0748860336011283,93,Low
9133,0,0.057846784934357555,94,Low
2608,1,0.2171058694308713,78,Medium
15549,1,0.05821032955748622,94,Low
11622,1,0.16758664069209586,83,Medium
6631,0,0.10015399235176532,90,Medium
17840,0,0.07614281505160118,92,Low
6974,0,0.44310947856028254,56,High
263,0,0.19605633274413073,80,Medium
10373,0,0.20199612974106793,80,Medium
22379,0,0.06646057484156459,93,Low
27168,1,0.18430419376560647,82,Medium
9520,0,0.5371020504485404,46,High
23533,1,0.4702697083653015,53,High
22041,0,0.07730577780200659,92,Low
28231,0,0.14500087085743468,85,Medium
12983,0,0.47470682363861133,53,High
8121,0,0.11447368038838807,89,Medium
18490,1,0.6698326215015408,33,High
19646,0,0.057704215024469784,94,Low
11241,0,0.5763443821097377,42,High
26146,0,0.07759975209320473,92,Low
14883,0,0.24219924316513985,76,Medium
26707,1,0.6375223319072539,36,High
29391,0,0.09580257915885004,90,Low
14956,0,0.1277761975971019,87,Medium
2361,0,0.3740293665231773,63,High
14862,1,0.7204749164231016,28,High
2104,0,0.07042615116175345,93,Low
26222,0,0.21133723045276198,79,Medium
2433,1,0.6610754709531523,34,High
14581,0,0.057627140514408544,94,Low
7055,0,0.12266739818436234,88,Medium
2837,0,0.09042954736403984,91,Low
13117,0,0.06753327220450099,93,Low
7714,0,0.04437414380018303,96,Low
7034,0,0.0649891077056557,94,Low
6066,0,0.6377789043829959,36,High
5430,0,0.1144217829020044,89,Medium
6899,0,0.20152420655601885,80,Medium
27785,0,0.05085043632158535,95,Low
28970,0,0.19009320705311797,81,Medium
29581,0,0.060814822630307165,94,Low
18296,1,0.39699014889862627,60,High
7210,0,0.04500923535736221,95,Low
26280,0,0.2927033085016,71,High
26500,0,0.06732142180957972,93,Low
16196,1,0.06596412493035232,93,Low
1568,0,0.14993433438311496,85,Medium
4574,0,0.039229324210308815,96,Low
28218,0,0.07159587430721936,93,Low
24390,0,0.08302362170285942,92,Low
534,1,0.6741179075267181,33,High
6119,0,0.12027087289440229,88,Medium
22447,0,0.14045761384906186,86,Medium
8514,1,0.07030662284581451,93,Low
1421,0,0.05875005649329528,94,Low
14435,1,0.4476577219487377,55,High
14357,0,0.15290929285794377,85,Medium
7887,0,0.10118032878031906,90,Medium
17924,1,0.6295161930304985,37,High
6594,0,0.1917627839902485,81,Medium
23270,0,0.06351995894708687,94,Low
15184,0,0.09496435510480526,91,Low
3769,0,0.3083830253273293,69,High
18270,0,0.07577872594779529,92,Low
23510,0,0.4483417978545075,55,High
13997,0,0.05169740786741007,95,Low
22781,0,0.1563239157159411,84,Medium
11880,0,0.07189467059326203,93,Low
21553,0,0.2087402081944287,79,Medium
29676,0,0.07182644041161239,93,Low
25236,1,0.40757889429993005,59,High
29885,0,0.26608666110147816,73,High
11284,0,0.583832567656442,42,High
28856,0,0.15856806023024603,84,Medium
12679,0,0.6145244176517671,39,High
14129,0,0.3176472972494526,68,High
26269,0,0.15504318696337838,84,Medium
28650,0,0.05871348672446636,94,Low
26395,0,0.6705004241075261,33,High
7948,0,0.35321355353455197,65,High
4814,0,0.05140500730026889,95,Low
9480,1,0.45406248397579,55,High
7392,0,0.2728729454920153,73,High
20579,0,0.10524140678898199,89,Medium
27162,0,0.06200650623827939,94,Low
10240,0,0.2698165642137909,73,High
25432,0,0.12661333443651207,87,Medium
11533,0,0.11408908726207079,89,Medium
3561,1,0.6997407786726543,30,High
22291,1,0.7029495454255857,30,High
10247,0,0.06454828111388157,94,Low
28855,0,0.04855859165172496,95,Low
24248,0,0.08133220954272373,92,Low
20076,0,0.044438191210491064,96,Low
1656,0,0.12617229688949955,87,Medium
11576,0,0.048247260369584676,95,Low
20132,0,0.0822700240355058,92,Low
5978,0,0.6474608318618216,35,High
16313,0,0.2668701034518144,73,High
27996,0,0.09412679823568122,91,Low
17319,0,0.559856443940212,44,High
13601,0,0.10254145186871048,90,Medium
8699,0,0.12355761967086502,88,Medium
11754,0,0.057483876230414004,94,Low
1190,0,0.07545731911572924,92,Low
9567,1,0.49723261103106314,50,High
21542,0,0.1550820304231001,84,Medium
28714,0,0.14986343033228008,85,Medium
13400,1,0.41117827060785,59,High
11450,0,0.2269340730677345,77,Medium
8449,0,0.05759060838479104,94,Low
10046,0,0.1452079330147954,85,Medium
24526,1,0.11415237800568669,89,Medium
16734,1,0.15459049137992698,85,Medium
5958,0,0.12900869185764582,87,Medium
5175,0,0.12626130185210316,87,Medium
29812,0,0.07023717684192722,93,Low
29791,0,0.07354180783794102,93,Low
19401,0,0.24140279049792066,76,Medium
7407,1,0.12554325734798288,87,Medium
18414,0,0.07674273164072823,92,Low
24438,0,0.08726836576772085,91,Low
26960,0,0.048583173800118805,95,Low
4767,0,0.07122753665670818,93,Low
4958,1,0.19393809265901485,81,Medium
23336,0,0.15799836937466483,84,Medium
10796,0,0.07997676374695357,92,Low
24598,0,0.053910891992351904,95,Low
202,0,0.16066655967327764,84,Medium
19866,0,0.47434255014176263,53,High
10888,0,0.10321791658096557,90,Medium
18463,0,0.25769393086797027,74,High
11090,1,0.0477626460260853,95,Low
1160,0,0.5029832430180227,50,High
28803,0,0.1307938622611064,87,Medium
189,0,0.14117280536373458,86,Medium
27423,0,0.1584844076670178,84,Medium
5767,0,0.13704729809325145,86,Medium
114,0,0.09280603760742297,91,Low
29650,0,0.1271470164065566,87,Medium
14270,0,0.051967752196713624,95,Low
22683,0,0.10163521046853592,90,Medium
9241,0,0.10006967238833371,90,Medium
15860,0,0.12836083402980827,87,Medium
18215,0,0.2692165543050412,73,High
5679,0,0.06971396313864446,93,Low
8617,1,0.15522005380892767,84,Medium
11823,0,0.14249508352398865,86,Medium
297,0,0.19074220419101273,81,Medium
25089,0,0.0826826496141878,92,Low
1226,1,0.22418085227054563,78,Medium
6442,0,0.11637843776384167,88,Medium
13619,0,0.14781638700919764,85,Medium
12213,0,0.16386307187682272,84,Medium
24319,0,0.27055675616653146,73,High
853,0,0.12308192866822547,88,Medium
893,0,0.1052065278573411,89,Medium
11722,0,0.08748333230930794,91,Low
26157,0,0.06126969690596421,94,Low
22859,1,0.24363735797472885,76,Medium
29212,0,0.16648694414293733,83,Medium
20291,0,0.6598721999993192,34,High
21993,0,0.11263192583514454,89,Medium
23402,1,0.3424988829201135,66,High
13796,0,0.07395389661036082,93,Low
24602,1,0.5885652150862993,41,High
9874,0,0.10418343713140903,90,Medium
10115,0,0.0886406623554275,91,Low
8343,0,0.08159227332615471,92,Low
6657,0,0.1670010619313138,83,Medium
6077,1,0.6465483363132868,35,High
29486,1,0.11283754993810025,89,Medium
25711,0,0.15752833886425133,84,Medium
546,0,0.04479845746441907,96,Low
24224,0,0.04523065675816873,95,Low
20372,1,0.1940755843176052,81,Medium
28579,0,0.04148554363966451,96,Low
28413,0,0.04393488863070203,96,Low
24320,1,0.45589325144420084,54,High
16626,1,0.705494378856066,29,High
13703,0,0.11337259943910566,89,Medium
21992,0,0.31573964091780227,68,High
5926,0,0.12406294563585213,88,Medium
28645,1,0.6669444404605449,33,High
3863,0,0.06076233615078655,94,Low
20121,1,0.19255158654583635,81,Medium
26906,0,0.056588255474546045,94,Low
24189,1,0.13839462136969433,86,Medium
24662,0,0.11820474825620969,88,Medium
2498,0,0.2138026916689162,79,Medium
14160,1,0.07151635791300524,93,Low
5553,0,0.10342880999959153,90,Medium
4636,0,0.08786802915107113,91,Low
25029,0,0.06435601689415449,94,Low
9798,0,0.058026024700088996,94,Low
29455,1,0.22289721489236933,78,Medium
261,0,0.03731051830590146,96,Low
397,0,0.09400386656865427,91,Low
12504,1,0.11996128125234858,88,Medium
6490,1,0.14794194905140645,85,Medium
23301,0,0.07879344857581255,92,Low
7358,1,0.103902499515107,90,Medium
22091,1,0.4109994377379322,59,High
24952,0,0.18267932757134595,82,Medium
25524,0,0.1444275603480907,86,Medium
4478,0,0.06799800367421253,93,Low
1263,0,0.16361279018312982,84,Medium
28529,0,0.11753781812599895,88,Medium
8942,0,0.05213227325183372,95,Low
2240,0,0.21246972647036455,79,Medium
15879,1,0.09125706908906021,91,Low
17400,0,0.12103362889923118,88,Medium
28551,0,0.11638708806426439,88,Medium
19565,1,0.3511716342118966,65,High
5987,1,0.1609568155232224,84,Medium
14834,1,0.526352521874491,47,High
24269,0,0.0780038112272242,92,Low
19811,0,0.07810450018827425,92,Low
13118,0,0.10801464950659494,89,Medium
23818,1,0.138637694598553,86,Medium
24678,1,0.3893960936727933,61,High
25342,0,0.09909195452564679,90,Low
5063,0,0.14773242979412385,85,Medium
12567,0,0.1859590572833781,81,Medium
4437,0,0.42235794514503894,58,High
29215,1,0.5504202395784096,45,High
22106,0,0.1571109694747337,84,Medium
15220,0,0.15225304349198227,85,Medium
17301,0,0.12631525835739538,87,Medium
22388,0,0.1953200435040374,80,Medium
5338,1,0.11883006684286702,88,Medium
28033,0,0.6592555431872958,34,High
22403,0,0.4023325101380546,60,High
16126,1,0.695965498620336,30,High
1732,1,0.07626376469278183,92,Low
24403,0,0.04023644771409739,96,Low
2569,0,0.4527532960146952,55,High
4021,0,0.15831256567933397,84,Medium
432,1,0.13495371947336962,87,Medium
24079,0,0.07222612273780893,93,Low
12017,0,0.21531097810523794,78,Medium
3274,0,0.1189720080102415,88,Medium
21504,0,0.12310731318596242,88,Medium
4396,0,0.2431229350438305,76,Medium
28065,0,0.125860820225724,87,Medium
14794,1,0.595193337697424,40,High
3808,0,0.10124287779158574,90,Medium
15956,0,0.09419655740934853,91,Low
10719,0,0.1604237970133562,84,Medium
25179,0,0.2735279246145093,73,High
10093,0,0.055134195421807884,94,Low
3358,1,0.24174051115206216,76,Medium
14562,0,0.2001333458530993,80,Medium
6305,1,0.15612542920347827,84,Medium
19259,1,0.7027428749817318,30,High
8826,0,0.13968555361484586,86,Medium
16858,0,0.12263758189382172,88,Medium
14262,1,0.2021321386644838,80,Medium
25790,0,0.09190271365552082,91,Low
28572,0,0.07088601214499489,93,Low
9182,0,0.14492064989887224,86,Medium
19605,0,0.41956545173259013,58,High
7114,0,0.07190551953333038,93,Low
20741,0,0.05047366335176301,95,Low
27986,0,0.09763198323734279,90,Low
3123,0,0.06342612098116113,94,Low
6840,0,0.04326449798014422,96,Low
15622,0,0.04624168083305343,95,Low
17876,0,0.07591145295183317,92,Low
14465,0,0.061517555674781566,94,Low
13842,0,0.1085001862410417,89,Medium
14486,0,0.5967691485495846,40,High
26292,0,0.07069733570760622,93,Low
4385,0,0.0934214850270499,91,Low
18703,0,0.07960589704388062,92,Low
19596,1,0.6266169332198753,37,High
20737,0,0.4832150148011709,52,High
15398,0,0.1329386839146851,87,Medium
476,0,0.12742410593281245,87,Medium
14188,0,0.07397416397942762,93,Low
10522,1,0.6657634839609786,33,High
29680,0,0.16286933591488104,84,Medium
931,0,0.05186410334990265,95,Low
29249,1,0.3917263687647734,61,High
13554,0,0.0824166729136644,92,Low
8794,0,0.1100385419385308,89,Medium
18114,1,0.3382111058584933,66,High
29071,0,0.09919361537722754,90,Low
7815,0,0.11165750945598574,89,Medium
27644,1,0.5245153950824544,48,High
20798,1,0.6558472118701283,34,High
298,0,0.08783271863608703,91,Low
3865,0,0.23932564204096174,76,Medium
6252,1,0.15056948557203917,85,Medium
14136,0,0.0387157268090994,96,Low
16769,0,0.4433053156217646,56,High
17413,0,0.08782998695774828,91,Low
24656,1,0.07039494533933115,93,Low
16133,1,0.6223701571069782,38,High
18269,0,0.10590820710393745,89,Medium
2731,0,0.5824092281522031,42,High
24017,0,0.1319084350243539,87,Medium
7794,0,0.0866333956372717,91,Low
22914,0,0.08723682764315714,91,Low
6347,0,0.30118021151864977,70,High
11805,0,0.1908076013509087,81,Medium
17164,0,0.16310797279978206,84,Medium
2886,0,0.09731204701149894,90,Low
21518,0,0.251132901776097,75,High
846,0,0.07190307522332164,93,Low
17475,0,0.04649451425905441,95,Low
29195,0,0.09698759661296162,90,Low
29124,0,0.16551135703615108,83,Medium
21742,0,0.08455387383389601,92,Low
24679,0,0.05980434657761203,94,Low
17810,1,0.0945974145369981,91,Low
18683,1,0.0928701635527669,91,Low
28629,0,0.09995106396111049,90,Low
23309,0,0.08494564750060608,92,Low
16705,0,0.6767179046030787,32,High
3977,0,0.6491305462901958,35,High
22140,0,0.08071218264386099,92,Low
23045,0,0.05589323837163982,94,Low
12303,1,0.5170336023428744,48,High
16005,0,0.06447472873471023,94,Low
14945,0,0.13269699766931878,87,Medium
3575,0,0.09381773549478191,91,Low
5405,1,0.42547129423225977,57,High
11649,0,0.251557601862552,75,High
7071,1,0.4408691426237666,56,High
6128,1,0.6680957740491605,33,High
28376,0,0.0995374970849383,90,Low
1769,0,0.09268225392977432,91,Low
21406,0,0.14402873967473442,86,Medium
13834,0,0.1749406541678925,83,Medium
7642,0,0.06022838116799376,94,Low
13226,0,0.05842874339458088,94,Low
10152,1,0.6933600709028721,31,High
18959,0,0.0582841272474462,94,Low
19867,0,0.10811333859223049,89,Medium
2326,0,0.12066603396871091,88,Medium
27174,0,0.29171915402494597,71,High
8280,0,0.10763074285902434,89,Medium
5834,0,0.5468028202539509,45,High
10143,0,0.6853836053942124,31,High
19243,0,0.07470564583989996,93,Low
2035,0,0.292976094089365,71,High
9582,0,0.12615341049178666,87,Medium
13787,0,0.09177512541162315,91,Low
18700,0,0.068054335615213,93,Low
17455,0,0.1800576442313759,82,Medium
3954,0,0.11167770774136622,89,Medium
12747,0,0.07870456866941689,92,Low
1703,1,0.09947030497520508,90,Low
7147,0,0.12889289618953148,87,Medium
17037,0,0.08192886456212917,92,Low
16980,0,0.3695882371560717,63,High
19660,1,0.5023431751669793,50,High
2194,0,0.05125454470780135,95,Low
20071,0,0.050393363915120976,95,Low
12916,0,0.1605131475340237,84,Medium
22894,1,0.059833101233824015,94,Low
3834,0,0.09073824021424347,91,Low
12822,0,0.044824095190710074,96,Low
3107,0,0.05024491198438998,95,Low
18110,1,0.6918944393252028,31,High
12355,0,0.14282218451943385,86,Medium
23828,1,0.6287009161727585,37,High
11875,0,0.6936979819581639,31,High
14685,0,0.24825125663270345,75,Medium
26904,0,0.08100071321542089,92,Low
25125,0,0.12266995129246962,88,Medium
24675,1,0.6217698024606347,38,High
29413,0,0.3467181111377462,65,High
8788,0,0.047986399799483014,95,Low
15211,0,0.10074203127399188,90,Medium
1648,0,0.06308655291804532,94,Low
27588,1,0.21818064430540718,78,Medium
26676,0,0.1579384468600322,84,Medium
8539,1,0.10490788596457168,90,Medium
22949,1,0.14992766857549072,85,Medium
28259,0,0.14751383174286029,85,Medium
9529,0,0.13847093759284199,86,Medium
23577,0,0.1042346780076674,90,Medium
6978,0,0.061792605520871347,94,Low
12671,0,0.08888578917251228,91,Low
24421,0,0.1721039899432452,83,Medium
1095,0,0.42209794146101626,58,High
2160,0,0.33484372240704424,67,High
3342,0,0.10100467788069223,90,Medium
4050,0,0.20885900721644549,79,Medium
18042,0,0.35516231193616177,64,High
9325,0,0.04448869088691001,96,Low
20044,0,0.06346725259843511,94,Low
2031,0,0.05684832421250896,94,Low
8773,1,0.6719790073470775,33,High
1707,0,0.6831161443395071,32,High
3125,0,0.08054396746150526,92,Low
9116,0,0.18780726756032184,81,Medium
18176,0,0.16061139152680523,84,Medium
13434,0,0.15041397202262233,85,Medium
6990,0,0.565768754940041,43,High
2656,1,0.4399983013454969,56,High
21408,0,0.17089917539102298,83,Medium
9906,0,0.5158602011022643,48,High
15198,0,0.1261752478934736,87,Medium
11246,1,0.7213803575967578,28,High
999,1,0.2896801267319125,71,High
6371,0,0.6991224144784997,30,High
28851,0,0.041871156864680424,96,Low
5085,1,0.6737829519343362,33,High
20420,0,0.1407191647565709,86,Medium
3284,0,0.07102247711334934,93,Low
613,0,0.14739142306781064,85,Medium
26580,0,0.6925460416920849,31,High
7473,0,0.15921455967613451,84,Medium
2967,0,0.1268109324223939,87,Medium
23760,1,0.39680225826465243,60,High
11999,0,0.1226079886405254,88,Medium
13043,0,0.0601764150676447,94,Low
6109,1,0.5814335114824999,42,High
27134,0,0.11111861875837607,89,Medium
22058,0,0.052385636765564826,95,Low
13648,1,0.33918110013609803,66,High
18256,0,0.07033729732307695,93,Low
20394,0,0.045048092575953706,95,Low
24914,1,0.4977755412304512,50,High
782,0,0.3233276214819816,68,High
13083,1,0.154473772855051,85,Medium
20576,0,0.04134684179785012,96,Low
12493,0,0.31828019584862516,68,High
12622,0,0.07095059830828637,93,Low
5413,0,0.22026826075994052,78,Medium
10743,0,0.12258006789416602,88,Medium
18904,0,0.04802389927062096,95,Low
17452,1,0.13736325278227415,86,Medium
8812,1,0.5713523362477096,43,High
15017,0,0.49617097801774995,50,High
11728,1,0.09704584373938079,90,Low
24619,0,0.15232946246452575,85,Medium
1828,0,0.11131848594359063,89,Medium
25817,0,0.19695186144893995,80,Medium
22263,1,0.040881445660646595,96,Low
23011,1,0.1880354118957116,81,Medium
5455,0,0.4401255681592138,56,High
9402,0,0.10244759672900039,90,Medium
14552,0,0.6971656082045339,30,High
13669,0,0.09188642861236405,91,Low
19930,0,0.09762101316374046,90,Low
29432,0,0.382792440230086,62,High
13794,0,0.05926172240462407,94,Low
15111,0,0.537985086802447,46,High
23751,0,0.08550769302511556,91,Low
19212,0,0.2522586469928066,75,High
16491,1,0.34272982790849627,66,High
11454,0,0.23474508823201434,77,Medium
8165,0,0.1435687292393318,86,Medium
8837,0,0.041049573497701976,96,Low
18093,1,0.6904050645178215,31,High
3622,0,0.062826344491115,94,Low
3967,0,0.40833750714218225,59,High
29326,0,0.14253839404546795,86,Medium
26187,0,0.054332165879795315,95,Low
19709,0,0.0642081763369945,94,Low
26477,0,0.0567655680860611,94,Low
2083,0,0.4143912114376054,59,High
5414,0,0.07474964196412706,93,Low
29042,1,0.0721570326909055,93,Low
10272,0,0.1441243323212069,86,Medium
23073,0,0.08975940176416043,91,Low
10325,0,0.06740453495619125,93,Low
10687,0,0.373010827143742,63,High
4275,0,0.05325608785637994,95,Low
5363,0,0.07776617248612093,92,Low
25054,1,0.7265433741219008,27,High
23495,0,0.11770683348987239,88,Medium
6746,0,0.05882754330928471,94,Low
10177,0,0.3581381766641847,64,High
9242,1,0.09680338072136514,90,Low
789,0,0.09550259182184036,90,Low
23328,0,0.058799713502473004,94,Low
4645,0,0.06193467516444178,94,Low
7905,0,0.08859439503151671,91,Low
4085,0,0.44315641166887804,56,High
2375,1,0.6937527025402717,31,High
11910,0,0.1089639472226529,89,Medium
2420,0,0.0529488793385279,95,Low
22506,1,0.12937391802899847,87,Medium
28082,1,0.669223719141708,33,High
10343,0,0.08321344726308642,92,Low
20164,1,0.5712130451105635,43,High
28096,0,0.2978080129104,70,High
20436,0,0.2164980130532714,78,Medium
20279,1,0.12271933131575256,88,Medium
16477,0,0.12454302955856307,88,Medium
15604,0,0.11610809633811923,88,Medium
13412,0,0.06802230466490443,93,Low
1493,0,0.625381586597524,37,High
877,0,0.05033233849966115,95,Low
898,1,0.6830063464311745,32,High
18854,0,0.19422804104788027,81,Medium
11785,0,0.576698273602989,42,High
13363,0,0.20414924309833135,80,Medium
15266,0,0.05372827259044255,95,Low
17519,0,0.10602458656998959,89,Medium
27816,0,0.04973927260309995,95,Low
25100,0,0.08776261839253009,91,Low
24660,0,0.08696592478450203,91,Low
10751,1,0.2305910214459317,77,Medium
3068,1,0.15273164697841737,85,Medium
10993,0,0.1707301109309551,83,Medium
16581,0,0.07028972600343335,93,Low
6315,0,0.0766039747548166,92,Low
23338,0,0.09219935582556012,91,Low
5092,0,0.24890151558549448,75,Medium
11234,0,0.6455858060884929,35,High
11758,0,0.4143912114376054,59,High
9208,0,0.14121432680564983,86,Medium
24008,0,0.0605931559232927,94,Low
1522,0,0.6686775899764577,33,High
16583,1,0.1419295015955294,86,Medium
251,0,0.4474054809254526,55,High
12313,0,0.15849509214312857,84,Medium
9545,0,0.22597050202437008,77,Medium
24842,0,0.08463006073208411,92,Low
11365,0,0.12128463490249208,88,Medium
25218,0,0.16929253045448314,83,Medium
20377,0,0.11352513760917667,89,Medium
5894,0,0.13194453953395358,87,Medium
16381,1,0.4067336267732646,59,High
25480,0,0.2439685848002127,76,Medium
11829,0,0.23656305353903595,76,Medium
1026,0,0.2514634598449516,75,High
26260,0,0.5198797518675571,48,High
2574,0,0.22267327070342016,78,Medium
11937,0,0.17335171820189618,83,Medium
16084,0,0.5111005577887224,49,High
10671,1,0.04957249479117074,95,Low
7442,0,0.06109181226953172,94,Low
6748,0,0.15002308367147213,85,Medium
19372,0,0.10451792730182428,90,Medium
2016,1,0.1431725707962952,86,Medium
19281,0,0.3467952202698578,65,High
26626,0,0.06539182455826922,93,Low
24356,0,0.23682980867769174,76,Medium
14559,0,0.06745317930819315,93,Low
27808,1,0.17455371829391644,83,Medium
1451,0,0.20115343612855996,80,Medium
28229,0,0.41941721116757497,58,High
3397,0,0.05960786539111954,94,Low
25277,0,0.10846650143487054,89,Medium
626,0,0.40937845250182076,59,High
8026,0,0.33472495835847543,67,High
25237,0,0.11674998743237408,88,Medium
28755,0,0.12890698550681137,87,Medium
1744,0,0.16192820235988456,84,Medium
12286,0,0.14358436385090398,86,Medium
23814,0,0.12001615146233809,88,Medium
29569,0,0.23729981173674777,76,Medium
4287,0,0.13166471800360835,87,Medium
22286,1,0.572828823555104,43,High
15143,0,0.16172020324066805,84,Medium
21972,0,0.4300642320451149,57,High
3170,0,0.17949820645117034,82,Medium
27315,1,0.1612235367355957,84,Medium
541,0,0.18981275500983705,81,Medium
7391,0,0.17664438222446618,82,Medium
4612,0,0.25156166250702294,75,High
11771,0,0.08833409674442678,91,Low
11891,0,0.19553594763325932,80,Medium
3432,0,0.12374673320630396,88,Medium
8332,0,0.11328442985956523,89,Medium
21499,0,0.16969465295409983,83,Medium
20000,0,0.2590176870475503,74,High
25153,0,0.09139044336412455,91,Low
6070,0,0.07209066015881256,93,Low
12506,0,0.05966637028080387,94,Low
16941,1,0.11689200903673085,88,Medium
19210,0,0.3333158730028187,67,High
13955,0,0.18922570185691648,81,Medium
10440,1,0.44383629565589106,56,High
5616,0,0.0413395883006765,96,Low
28451,0,0.10039323816039541,90,Medium
3161,0,0.13105589823920663,87,Medium
23304,0,0.17261202000419126,83,Medium
13780,0,0.06240964335778743,94,Low
9166,0,0.12719997355047097,87,Medium
20517,0,0.03728726692051987,96,Low
25248,0,0.3322638380575013,67,High
7597,0,0.047415571967662516,95,Low
26212,0,0.32502604542122315,67,High
15128,0,0.1036225531687006,90,Medium
26206,0,0.2205628715301532,78,Medium
5590,0,0.16151135252338045,84,Medium
9347,1,0.36418726438775445,64,High
24693,0,0.33920797142822656,66,High
26094,0,0.047098037514882944,95,Low
5466,0,0.33089104633404237,67,High
21381,1,0.6584431917781483,34,High
18018,0,0.14884081729772583,85,Medium
460,1,0.10655642470818694,89,Medium
23697,1,0.4193610234772769,58,High
15587,0,0.1065746999975679,89,Medium
23007,0,0.10394734061580398,90,Medium
19319,0,0.040491944341640974,96,Low
3203,0,0.1008729369393141,90,Medium
932,1,0.07203414094372013,93,Low
988,0,0.40585129665142544,59,High
19512,0,0.19432560037351684,81,Medium
19254,0,0.06802221376123174,93,Low
12990,0,0.11053899280301462,89,Medium
25497,0,0.05169363131547692,95,Low
19838,0,0.13604245037939888,86,Medium
11167,0,0.48961274681950195,51,High
17086,1,0.5611982214880396,44,High
20535,0,0.14797932499126382,85,Medium
29442,0,0.08028172471907696,92,Low
3242,1,0.7005301047985358,30,High
12542,1,0.5872357994654386,41,High
5790,0,0.17386781243193913,83,Medium
25388,1,0.6958102101324575,30,High
2538,1,0.28680140928727144,71,High
16345,0,0.3046059521169194,70,High
27349,0,0.07245751873028862,93,Low
11544,1,0.11480927796346675,89,Medium
27121,0,0.05914243347778552,94,Low
14692,1,0.7084982143265379,29,High
19305,0,0.1916015077820595,81,Medium
22502,0,0.06009872496167121,94,Low
22214,0,0.24020299592255187,76,Medium
10187,1,0.6373017147204392,36,High
29945,1,0.6798458936468149,32,High
7312,0,0.09171327672907452,91,Low
22802,0,0.10750871193967233,89,Medium
27317,0,0.09029251609170792,91,Low
4820,0,0.12783675358034804,87,Medium
26856,0,0.13050876404951656,87,Medium
23910,0,0.5409803903452365,46,High
17601,0,0.29500778952406215,70,High
15675,0,0.2749797428683946,73,High
1376,0,0.2219736708691541,78,Medium
6032,0,0.2112676888614735,79,Medium
13650,0,0.09762315674664562,90,Low
10136,1,0.45154966347151787,55,High
6474,0,0.0772996169628893,92,Low
4709,0,0.21720272945568408,78,Medium
10902,0,0.08579608207862525,91,Low
23052,0,0.16591711873022322,83,Medium
24177,0,0.2284964526261464,77,Medium
15751,0,0.26017571582529353,74,High
19693,0,0.3958159792723562,60,High
27949,0,0.050433468809524214,95,Low
21264,0,0.11848708168419549,88,Medium
25241,0,0.09229632621509087,91,Low
16524,0,0.2418700711015195,76,Medium
7144,1,0.3510612249406993,65,High
7115,0,0.049246565646965425,95,Low
17902,0,0.13388155060682697,87,Medium
28678,0,0.04354309853879614,96,Low
17320,1,0.5712570778135401,43,High
11499,0,0.17092560884961308,83,Medium
5714,0,0.6723628788276915,33,High
9597,0,0.4661367602593243,53,High
66,1,0.3524818124715137,65,High
18455,1,0.6147956306074479,39,High
15981,0,0.4537774757514457,55,High
1276,1,0.3132816033505483,69,High
23093,1,0.22227570989244252,78,Medium
18896,0,0.2610690063775606,74,High
28317,0,0.05863020561427209,94,Low
25283,0,0.10213068376720678,90,Medium
23120,0,0.11729639007120567,88,Medium
10713,1,0.18462222151032281,82,Medium
5501,0,0.06721237206085369,93,Low
18580,0,0.5491694125751699,45,High
1962,0,0.04615189010460191,95,Low
22917,0,0.160261445439551,84,Medium
12991,1,0.4959525420533361,50,High
16170,1,0.31769907623071814,68,High
17938,0,0.06304895414232259,94,Low
11077,0,0.05844387708468668,94,Low
28747,0,0.2638154236603891,74,High
23397,0,0.09584280324970446,90,Low
18786,0,0.08555399750044874,91,Low
9155,0,0.04637994983284951,95,Low
1140,0,0.05552953217490605,94,Low
13633,0,0.05957542457128992,94,Low
24687,0,0.04333504244212361,96,Low
20013,0,0.04638945197533866,95,Low
3778,0,0.3981107989324993,60,High
8981,0,0.13149346725731756,87,Medium
4770,1,0.6787031991942086,32,High
3290,0,0.3509543278690542,65,High
4592,0,0.25461929714597,75,High
22413,0,0.1411213422444302,86,Medium
1836,1,0.6147398411055353,39,High
28078,0,0.2130526897472643,79,Medium
1491,0,0.045598397461050356,95,Low
10957,0,0.2017422650987607,80,Medium
24689,0,0.0833326717692872,92,Low
19607,0,0.05641494956044634,94,Low
27054,1,0.6993748129674954,30,High
18531,0,0.1045392099417601,90,Medium
5069,1,0.3193676307546492,68,High
16885,1,0.17041473931431414,83,Medium
9936,0,0.1577140405079723,84,Medium
1708,0,0.04807730062317922,95,Low
23763,0,0.10276774984382259,90,Medium
28042,0,0.0755623673216716,92,Low
8118,1,0.654017805157683,35,High
13279,0,0.04409425750871868,96,Low
13733,0,0.07937817641166238,92,Low
11876,0,0.06320600065006059,94,Low
4591,1,0.27262399691941264,73,High
13754,1,0.06599812794065978,93,Low
5973,1,0.08825977414211711,91,Low
13250,0,0.11589254369884937,88,Medium
3251,0,0.08405229455292035,92,Low
7333,0,0.069549711853143,93,Low
7627,0,0.05262222025383107,95,Low
6285,0,0.04520550790056577,95,Low
14738,0,0.04195436928616566,96,Low
9682,0,0.03771410009412108,96,Low
684,0,0.04547512394691782,95,Low
28658,0,0.3257649262177192,67,High
24076,0,0.6928725633428267,31,High
3460,1,0.08828363691699148,91,Low
8609,0,0.6277961584228761,37,High
17740,0,0.4808234257450114,52,High
27018,0,0.09357982660929538,91,Low
9170,0,0.0751864731267498,92,Low
9550,0,0.39020303155450886,61,High
16257,0,0.13430152022646588,87,Medium
12255,0,0.14642390452101428,85,Medium
26046,0,0.08587422292161338,91,Low
10890,0,0.06753840134633021,93,Low
27638,0,0.1795294736111498,82,Medium
19501,0,0.07304784693220673,93,Low
20709,0,0.06932743882230134,93,Low
5104,0,0.06698190283316587,93,Low
18867,0,0.09983574931096155,90,Low
22431,0,0.4051476016819451,59,High
9861,0,0.05690220048014594,94,Low
22265,0,0.055396878040706865,94,Low
27499,1,0.5918858416866006,41,High
12079,0,0.616165482521268,38,High
19078,0,0.5864586801018113,41,High
10554,1,0.6896936017426486,31,High
12372,1,0.45776606412861165,54,High
27941,0,0.058885643822524036,94,Low
9118,0,0.05203506373209602,95,Low
22588,0,0.07776630699161123,92,Low
25570,1,0.6865502946494179,31,High
10941,0,0.14434739689095424,86,Medium
10366,0,0.11602318485955265,88,Medium
10756,0,0.2115787728332894,79,Medium
12190,0,0.1103883788291839,89,Medium
23334,0,0.05285465861093542,95,Low
21220,0,0.0982369114350138,90,Low
2418,1,0.6616509972461291,34,High
23521,0,0.31556547144706487,68,High
20300,0,0.0441878639906672,96,Low
28059,0,0.1526373245405677,85,Medium
9687,0,0.15290203106550646,85,Medium
1061,1,0.32856997361063844,67,High
13132,0,0.1559792334962142,84,Medium
16668,1,0.5501392887841806,45,High
18017,0,0.41676558925147095,58,High
22092,0,0.06121097339586934,94,Low
29174,0,0.12250248286085104,88,Medium
20133,0,0.0584182493647323,94,Low
3119,0,0.14311301297129322,86,Medium
14339,0,0.06814851504098347,93,Low
7315,1,0.059893100951225575,94,Low
20085,0,0.06388229661895033,94,Low
24369,0,0.38625195913955696,61,High
825,1,0.12573544306714574,87,Medium
7918,0,0.1393084995699574,86,Medium
16504,0,0.3011112292674217,70,High
7751,0,0.10780525129355344,89,Medium
4073,0,0.06158779292782007,94,Low
25572,0,0.05462095346088846,95,Low
26852,0,0.3559797382061709,64,High
28358,0,0.15884684461268908,84,Medium
17104,0,0.22891280363114663,77,Medium
25741,0,0.0396950469495719,96,Low
23123,0,0.041205661893096455,96,Low
10747,0,0.24187787345498668,76,Medium
15507,0,0.13852420511833727,86,Medium
11883,0,0.1487557215899339,85,Medium
10724,0,0.05279646907385804,95,Low
21004,1,0.7010492248473194,30,High
25947,0,0.05820032741486087,94,Low
21738,0,0.15700543868454098,84,Medium
19567,0,0.08557902035179005,91,Low
21562,0,0.644022402302457,36,High
14366,1,0.6259090987523089,37,High
8924,0,0.05175966106626301,95,Low
11145,0,0.17276068532429015,83,Medium
20971,0,0.07577269791917689,92,Low
20598,1,0.16526105922427556,83,Medium
20090,0,0.33016930971355585,67,High
28991,0,0.1987708456126629,80,Medium
17550,0,0.4125049356627993,59,High
24414,0,0.11861947634207252,88,Medium
17804,0,0.06383708838705819,94,Low
26678,0,0.05163461707290884,95,Low
2282,0,0.04164220261763666,96,Low
9891,0,0.1170417872633455,88,Medium
17094,0,0.17929734606379757,82,Medium
11195,0,0.33037513995850143,67,High
18837,1,0.6468127438236256,35,High
7795,0,0.15193954720283456,85,Medium
24074,0,0.10305864095297416,90,Medium
5099,0,0.062213757262314866,94,Low
23031,1,0.6705073092231343,33,High
13205,0,0.058400208422467514,94,Low
25603,0,0.07756001603311512,92,Low
25879,1,0.7047962342816027,30,High
16402,0,0.28624514908241144,71,High
19914,0,0.12967744929280067,87,Medium
1871,0,0.08963142475717108,91,Low
27302,0,0.16539639863595273,83,Medium
4597,1,0.2849486127592786,72,High
3811,0,0.11415337767959072,89,Medium
4904,0,0.054914801134674694,95,Low
11509,0,0.06128380190977071,94,Low
4399,0,0.04703155385173883,95,Low
26452,0,0.17629567338839788,82,Medium
11877,0,0.19496274373178935,81,Medium
15967,0,0.18914657896846823,81,Medium
197,0,0.16341595834735156,84,Medium
4659,0,0.06803734475283678,93,Low
22024,0,0.14560973682142886,85,Medium
22820,0,0.05562312933530581,94,Low
7010,0,0.3154871251917184,68,High
5163,0,0.19218070836227616,81,Medium
3969,0,0.12701087972667488,87,Medium
27265,0,0.19985451186257328,80,Medium
2940,0,0.04698204148513935,95,Low
8542,1,0.06972520299285119,93,Low
5128,0,0.12374190162067374,88,Medium
1340,1,0.40957191097607454,59,High
22305,0,0.10751064951485843,89,Medium
5017,0,0.08678457480482389,91,Low
28633,0,0.09635566669636246,90,Low
10269,0,0.052480608250004716,95,Low
4680,1,0.6659296754030214,33,High
26486,0,0.10510515071706149,89,Medium
26455,1,0.6972939691832574,30,High
16630,0,0.09416964650177835,91,Low
18355,0,0.278642284286831,72,High
18534,0,0.1557125072939398,84,Medium
25812,0,0.054673254833401776,95,Low
13797,1,0.0669049142965303,93,Low
5261,1,0.5491319082484271,45,High
10900,0,0.6737853228534837,33,High
3409,0,0.06104540310933295,94,Low
4531,1,0.07123451935783139,93,Low
27844,0,0.42890834292149876,57,High
29296,0,0.6456902422137935,35,High
2371,0,0.07833461279978743,92,Low
26713,0,0.6960163734582938,30,High
19703,0,0.084100443273937,92,Low
1469,0,0.1815781820220971,82,Medium
28835,1,0.08450989713310636,92,Low
20854,0,0.14547821208175615,85,Medium
17559,0,0.6057314722981387,39,High
29563,0,0.05807606412313752,94,Low
15180,1,0.6907434013828267,31,High
9237,0,0.19241291155050935,81,Medium
11938,1,0.327930443594815,67,High
16457,1,0.19038288035565257,81,Medium
4902,0,0.36172293813675815,64,High
12359,0,0.07360038240358045,93,Low
28161,0,0.04019438826440353,96,Low
12998,1,0.5800294564702633,42,High
21433,0,0.09485520305034416,91,Low
22301,0,0.07736372069794836,92,Low
7258,1,0.14048935097173704,86,Medium
1872,0,0.1805775130687747,82,Medium
15349,0,0.10027076437670822,90,Medium
23105,0,0.07641338167589136,92,Low
12309,0,0.08925774505751564,91,Low
16854,1,0.6811633333539927,32,High
11872,0,0.12273783891244126,88,Medium
25069,0,0.156275084869071,84,Medium
9035,0,0.3074947122912358,69,High
25238,0,0.18351445517694978,82,Medium
15313,0,0.10293054432750627,90,Medium
21337,0,0.05746830373163387,94,Low
28904,0,0.03940752434157254,96,Low
27537,1,0.7249848384867946,28,High
23214,1,0.14182773054397824,86,Medium
20715,0,0.12135483513602742,88,Medium
5376,0,0.0561072998558567,94,Low
8908,0,0.1243012740262846,88,Medium
15965,1,0.6616845242464434,34,High
26807,0,0.04272324760814367,96,Low
16396,0,0.05325574084859974,95,Low
8171,0,0.048731756739065775,95,Low
14193,0,0.07196066581760045,93,Low
24073,0,0.09727944951414669,90,Low
8558,0,0.0658223914628031,93,Low
13879,1,0.40421303250565926,60,High
15443,0,0.16347983136568736,84,Medium
29597,0,0.06759033114183668,93,Low
20770,0,0.04583193926431961,95,Low
12836,1,0.3528438399751039,65,High
22916,0,0.16749034810688945,83,Medium
26518,1,0.24871505792595452,75,Medium
14627,0,0.3203424997294742,68,High
18087,1,0.11593175484194762,88,Medium
20939,0,0.10112028376341435,90,Medium
4423,0,0.07717457951211233,92,Low
26931,1,0.21450332053243515,79,Medium
20161,0,0.14906474685097912,85,Medium
18057,0,0.05465669801899135,95,Low
28409,0,0.05483746248309546,95,Low
20920,1,0.6036676217594052,40,High
3074,1,0.10917985348515136,89,Medium
19119,0,0.09645465669864382,90,Low
9476,1,0.4213409779038755,58,High
7760,0,0.49234294438510395,51,High
3070,0,0.37375444510833705,63,High
19575,0,0.06864100167722705,93,Low
5880,0,0.14514262111125317,85,Medium
1982,1,0.7047075276361828,30,High
10433,1,0.1746014939131628,83,Medium
13629,0,0.11777757642200681,88,Medium
7724,0,0.06690746415360523,93,Low
23237,0,0.4196076232504709,58,High
4295,1,0.38150577626936966,62,High
7017,1,0.04978997474860134,95,Low
1653,0,0.3129899280394392,69,High
18679,0,0.09493831525856948,91,Low
10871,1,0.7054646714866877,29,High
18132,0,0.04597943964836462,95,Low
13350,0,0.06677963458008478,93,Low
26201,0,0.20874443183241076,79,Medium
22468,0,0.09630228395233577,90,Low
25378,1,0.3112943889079242,69,High
16793,0,0.6903063617194855,31,High
8274,0,0.20603712356701934,79,Medium
15458,0,0.41117827060785,59,High
23315,0,0.04034885372769217,96,Low
7803,1,0.7046543609370038,30,High
6753,1,0.6599424589508058,34,High
12155,0,0.6098580485596824,39,High
2220,1,0.2041534958348691,80,Medium
6984,0,0.176708297386711,82,Medium
18085,0,0.41900407983091875,58,High
5915,0,0.09992080203586166,90,Low
1369,0,0.6692728817990211,33,High
13320,0,0.06572521962592631,93,Low
16758,0,0.23726484508111192,76,Medium
11136,0,0.0857519208001676,91,Low
2855,1,0.7071008231328607,29,High
7661,1,0.6759052970170933,32,High
21230,0,0.18984885462416723,81,Medium
20442,0,0.05296649726337654,95,Low
7785,1,0.3945689127664442,61,High
17928,0,0.439809158367143,56,High
22130,0,0.06912743952226001,93,Low
22324,0,0.07218406010058753,93,Low
1395,0,0.0622980852854012,94,Low
12670,0,0.26463774589302375,74,High
15961,0,0.05311130317037685,95,Low
13870,0,0.1440746634810934,86,Medium
24797,0,0.3220306233370031,68,High
7075,0,0.05068893011238363,95,Low
15213,1,0.45406248397579,55,High
10320,0,0.06569625163364506,93,Low
21399,1,0.07383313022768813,93,Low
1039,0,0.11386087927934264,89,Medium
19538,0,0.13879839024239904,86,Medium
26658,0,0.1137368598786025,89,Medium
17402,0,0.16903575356391265,83,Medium
22678,0,0.13287958423784757,87,Medium
2772,0,0.09324212569046177,91,Low
24990,0,0.044954999015271585,96,Low
22804,0,0.05184965602031572,95,Low
7864,0,0.08439604737474614,92,Low
13927,0,0.14609722853331988,85,Medium
24642,0,0.1008695139102133,90,Medium
161,0,0.6837342228124536,32,High
6301,0,0.6187492792084038,38,High
28760,0,0.06451759175788294,94,Low
2747,1,0.6204947682747682,38,High
13156,0,0.08902716371726961,91,Low
14239,0,0.038747925494737157,96,Low
9599,0,0.04748775037149618,95,Low
14075,1,0.5063935692577218,49,High
28455,1,0.14648032032835157,85,Medium
10181,1,0.689707514692896,31,High
29364,0,0.08195196675783967,92,Low
8044,1,0.076405857056048,92,Low
25098,1,0.14730135488947604,85,Medium
2671,0,0.06060818924172545,94,Low
1527,1,0.09134729716302752,91,Low
26332,0,0.07356156670326286,93,Low
1500,0,0.22240658397157284,78,Medium
23251,0,0.16076572746099807,84,Medium
19136,0,0.22206007619398097,78,Medium
29451,0,0.2962836737364438,70,High
23790,0,0.33924162842534417,66,High
19711,0,0.06259963837316349,94,Low
21023,0,0.08151793380526107,92,Low
19061,1,0.148809050258606,85,Medium
18276,0,0.14873081893349316,85,Medium
1355,0,0.14392901128561045,86,Medium
21287,0,0.3411692617270914,66,High
1090,0,0.06986985311696091,93,Low
26496,0,0.22593687817698416,77,Medium
11030,0,0.1710631197499309,83,Medium
8866,1,0.5158602011022643,48,High
1097,0,0.11800781994005259,88,Medium
11994,0,0.7018283183234707,30,High
3176,0,0.05766376295954586,94,Low
16851,0,0.1282807012355053,87,Medium
184,1,0.1713102569380005,83,Medium
26844,0,0.11800118709945596,88,Medium
268,1,0.09383764923211536,91,Low
6336,0,0.053083311958164216,95,Low
25906,0,0.19117602739945108,81,Medium
25264,0,0.2515072984174768,75,High
5930,0,0.12446069934651183,88,Medium
17376,0,0.2702306301009398,73,High
22779,0,0.041918964114426326,96,Low
14047,0,0.12144171825467508,88,Medium
21153,0,0.12205550080569726,88,Medium
22793,0,0.09419102453366006,91,Low
20571,0,0.10604367612383132,89,Medium
13626,0,0.0740176941257265,93,Low
25745,0,0.14212118432176288,86,Medium
6238,1,0.06946375308648986,93,Low
9450,1,0.18172435686175803,82,Medium
1025,0,0.08118716394559823,92,Low
15469,1,0.4092850640575522,59,High
18172,0,0.06406906020994158,94,Low
14941,0,0.12586730269664906,87,Medium
15848,0,0.09843658468820575,90,Low
1973,0,0.06312230983432171,94,Low
14969,0,0.30065716806681525,70,High
640,0,0.05041619804060438,95,Low
19018,0,0.1115326888051383,89,Medium
2563,1,0.7083721477018646,29,High
19027,1,0.09572847779883707,90,Low
449,0,0.04033608885619309,96,Low
22217,1,0.19217272818929618,81,Medium
27107,0,0.18918125211410408,81,Medium
6073,1,0.4463989551830614,55,High
3237,0,0.06762641074377386,93,Low
119,0,0.052338598841380694,95,Low
4535,0,0.25951460260753206,74,High
23432,1,0.4092850640575522,59,High
17586,1,0.6855014240465063,31,High
7904,0,0.20296708528827034,80,Medium
16922,0,0.08815126059090235,91,Low
8433,0,0.2452665550136642,75,Medium
21703,0,0.6478746329370576,35,High
10658,0,0.16822576642904077,83,Medium
20330,0,0.22540065022524172,77,Medium
22823,0,0.08106685476551914,92,Low
29431,0,0.09001800568869613,91,Low
21905,0,0.0982303380666623,90,Low
29320,0,0.06880308901587144,93,Low
280,0,0.049358029228521505,95,Low
11948,0,0.10355907561562017,90,Medium
17723,0,0.19494551036359806,81,Medium
24210,0,0.15040580206500773,85,Medium
16737,0,0.11301213292295771,89,Medium
9069,0,0.08284223492168,92,Low
10635,0,0.2094569275432527,79,Medium
1758,0,0.4092850640575522,59,High
5604,0,0.06839347790901161,93,Low
22931,0,0.11508927204351838,88,Medium
9007,1,0.659279573713703,34,High
23759,0,0.0508347318023827,95,Low
11008,0,0.05928772221370229,94,Low
16661,0,0.10616188458325769,89,Medium
4036,0,0.06572564784950251,93,Low
9281,0,0.265076323081768,73,High
4786,0,0.08438621194725386,92,Low
18910,0,0.22880222168738706,77,Medium
18306,0,0.1975608868230956,80,Medium
7179,0,0.2265173556628611,77,Medium
24498,1,0.4134479236458173,59,High
15800,0,0.37784619556598437,62,High
9651,1,0.6946006884430697,31,High
17364,1,0.6845262470483005,32,High
13878,0,0.15547624157027837,84,Medium
4708,1,0.6188330037198059,38,High
26594,0,0.14475268262934418,86,Medium
19648,0,0.17511589213884535,82,Medium
9912,0,0.10590001972946332,89,Medium
6355,0,0.06579403509241792,93,Low
7403,1,0.2044960626253097,80,Medium
13177,0,0.16616640026970875,83,Medium
6443,0,0.1529855164909918,85,Medium
20340,1,0.2200713508438352,78,Medium
14112,0,0.1251216686798919,87,Medium
13887,0,0.0814545875832054,92,Low
3577,0,0.05826399266938607,94,Low
15924,0,0.04584536465683469,95,Low
14305,0,0.1618447155156715,84,Medium
2307,0,0.3080919483123859,69,High
19748,0,0.06749431866485604,93,Low
4322,0,0.13940835611400124,86,Medium
23504,0,0.1533804158598569,85,Medium
24228,0,0.08720418990904649,91,Low
24273,0,0.09350275075184766,91,Low
26775,0,0.6359310334705421,36,High
17791,0,0.16921157479579607,83,Medium
15414,0,0.08168204025046448,92,Low
28066,1,0.5453764256230226,45,High
19166,0,0.09342426503166573,91,Low
8466,0,0.1088590623867131,89,Medium
26680,0,0.23413661287638413,77,Medium
8207,0,0.10284053539128385,90,Medium
7155,1,0.7003322735685019,30,High
18804,0,0.050547185848944055,95,Low
24718,0,0.4506869429936811,55,High
9105,0,0.13204578196240271,87,Medium
29974,1,0.41218189429500524,59,High
25754,0,0.2170152294806713,78,Medium
26022,0,0.07032684649877018,93,Low
4434,0,0.07021524587421658,93,Low
3887,0,0.0918627003651291,91,Low
26549,0,0.15206228742349218,85,Medium
20468,0,0.15346579039040908,85,Medium
18096,0,0.05869524666710071,94,Low
9408,0,0.28680140928727144,71,High
18006,1,0.7033233408216075,30,High
25508,0,0.07699400947528477,92,Low
29294,1,0.060364428350838974,94,Low
14347,0,0.04211220975819709,96,Low
23389,0,0.04774300948589192,95,Low
8219,0,0.16249587032249588,84,Medium
7526,0,0.24907756651572519,75,Medium
2311,0,0.40868853302348257,59,High
28560,1,0.09036716124718874,91,Low
5312,0,0.13473633315789138,87,Medium
25086,1,0.1927176763236588,81,Medium
17066,0,0.1385626764398817,86,Medium
1912,0,0.1561369700207806,84,Medium
27663,0,0.5124361206308141,49,High
17754,0,0.04592559414802453,95,Low
14652,0,0.1606692503795571,84,Medium
26660,0,0.3357701614794055,66,High
28593,0,0.15408354301182456,85,Medium
24244,0,0.046909585724746884,95,Low
4789,0,0.6421779679352225,36,High
16267,0,0.08035319443465715,92,Low
6120,1,0.7162257253962899,28,High
24631,0,0.1429373789816341,86,Medium
22089,0,0.22282729429421608,78,Medium
19843,0,0.6997279414756427,30,High
8959,1,0.0525921253309451,95,Low
20654,0,0.12024204869522807,88,Medium
27035,1,0.6040143224704594,40,High
27169,0,0.3461699699585244,65,High
12344,0,0.07094367234307825,93,Low
21812,1,0.6788447802813531,32,High
1094,1,0.4458026334187404,55,High
7594,0,0.16640363218748355,83,Medium
20607,0,0.0869267314713139,91,Low
11813,0,0.08395875461183357,92,Low
13999,0,0.06577142014218218,93,Low
19939,0,0.06183158138529088,94,Low
8451,0,0.04115465831164763,96,Low
8486,0,0.155981487534636,84,Medium
20035,0,0.16699464459576197,83,Medium
24994,0,0.06791080554861184,93,Low
21590,0,0.05017172367056652,95,Low
2587,1,0.1677889160849678,83,Medium
24998,0,0.0675251687140559,93,Low
14241,0,0.051301266208392836,95,Low
17226,0,0.06651737029208903,93,Low
2576,0,0.07078809186579434,93,Low
29328,0,0.0644281172017134,94,Low
5364,0,0.11287425087033787,89,Medium
1487,0,0.038680474608940384,96,Low
11710,0,0.09175034540427034,91,Low
27735,0,0.06333114544628123,94,Low
13486,0,0.11799228910937302,88,Medium
14162,1,0.37662079470336973,62,High
27301,0,0.11402081334160896,89,Medium
4227,1,0.04687441012079882,95,Low
7683,0,0.06086246076684157,94,Low
19654,0,0.05359137024291335,95,Low
25883,0,0.13217188822328474,87,Medium
8172,1,0.3016066308947397,70,High
14747,1,0.18622395663177146,81,Medium
5565,1,0.0792559661409875,92,Low
17473,0,0.0983977041678712,90,Low
21052,0,0.10099469167052273,90,Medium
18746,0,0.06396124877188611,94,Low
24987,0,0.08674973317523778,91,Low
22777,1,0.14897917281244702,85,Medium
5625,0,0.08651208340209193,91,Low
29572,0,0.12510001712481636,87,Medium
27508,1,0.10322149729852619,90,Medium
21091,0,0.1233187729610073,88,Medium
14416,0,0.06964022859477727,93,Low
8729,0,0.15728615870481222,84,Medium
10294,0,0.06079111772289087,94,Low
25894,0,0.11390300688432646,89,Medium
16683,0,0.09714002170623538,90,Low
14500,0,0.5577690630161194,44,High
5352,0,0.09441724947983332,91,Low
7277,0,0.45377208872825836,55,High
9626,1,0.4668338898637885,53,High
3710,1,0.15869500618825985,84,Medium
23079,0,0.03803403857753183,96,Low
761,1,0.4372096673951474,56,High
15337,0,0.2571048590433447,74,High
8187,0,0.04723144188139264,95,Low
21973,1,0.7013907445559355,30,High
1047,1,0.27264096122208575,73,High
12926,0,0.13554298611083518,86,Medium
18214,1,0.0751836123691828,92,Low
9275,0,0.15543241268834687,84,Medium
10069,0,0.04884137737218092,95,Low
22821,0,0.06858046026038557,93,Low
23684,0,0.07640748432597955,92,Low
1218,0,0.05318361133485239,95,Low
20636,0,0.10208093863071617,90,Medium
6162,0,0.045374226391053096,95,Low
27379,0,0.22512417127823023,77,Medium
25842,0,0.04728779765912914,95,Low
18211,0,0.1011820569637049,90,Medium
25583,0,0.0644097624067152,94,Low
10837,0,0.11964629261355797,88,Medium
8318,0,0.13455622883215781,87,Medium
24667,0,0.5484057245676754,45,High
5961,0,0.1983145283417751,80,Medium
14797,1,0.6658904091155833,33,High
1389,0,0.052210660948503,95,Low
16393,0,0.06366929601229104,94,Low
27887,0,0.04509295873502044,95,Low
2140,1,0.1251207577076875,87,Medium
5041,1,0.19277925732833065,81,Medium
13204,0,0.061616220837681736,94,Low
9389,0,0.08318308579846208,92,Low
7186,0,0.3453351024621283,65,High
7935,1,0.3729113353194262,63,High
10847,1,0.2756478105600458,72,High
4155,0,0.29372966473281265,71,High
27597,0,0.12225715447243657,88,Medium
8205,0,0.1308487029577626,87,Medium
6203,0,0.10000689601477447,90,Medium
2271,0,0.11622110312672616,88,Medium
21151,0,0.11933577579781281,88,Medium
4563,0,0.0864772123752227,91,Low
18668,0,0.07216443096301271,93,Low
15594,1,0.6598854347602294,34,High
27797,0,0.0811244216732046,92,Low
18820,0,0.09591507193273885,90,Low
1655,0,0.14092666804056056,86,Medium
28721,0,0.15965984976075615,84,Medium
15256,0,0.13176046166839256,87,Medium
27136,0,0.06163758002809344,94,Low
19922,0,0.12776574158573653,87,Medium
17355,0,0.2464796478499295,75,Medium
11569,1,0.04879510510108052,95,Low
21309,1,0.10354388845197837,90,Medium
27384,0,0.041716007317942755,96,Low
913,0,0.08750660901014706,91,Low
15314,0,0.11422987846474664,89,Medium
4864,1,0.15667625450485215,84,Medium
11050,0,0.6983148787690667,30,High
15492,0,0.08899761393835237,91,Low
21907,0,0.16226708815182708,84,Medium
1542,0,0.40957191097607454,59,High
20744,0,0.053286211867217624,95,Low
26432,0,0.13609980822764275,86,Medium
24928,0,0.42399974270218954,58,High
26514,1,0.18213618346996677,82,Medium
25372,0,0.045359560603587194,95,Low
26032,0,0.12989688457181747,87,Medium
4919,0,0.04004431274061905,96,Low
12251,0,0.05491278176122868,95,Low
13809,0,0.1422982630663554,86,Medium
10310,1,0.3466199047491743,65,High
14346,1,0.538281836115509,46,High
14708,1,0.5467790334193486,45,High
2729,0,0.3227493400435959,68,High
13114,0,0.2196360120410634,78,Medium
10762,1,0.13290704051041433,87,Medium
29098,0,0.11551712964042281,88,Medium
15064,0,0.12333949052608484,88,Medium
5016,0,0.13089124723570442,87,Medium
248,0,0.07227552769739834,93,Low
19782,0,0.27881142162614064,72,High
9014,0,0.18482815877620476,82,Medium
13991,0,0.13622507193361652,86,Medium
14154,0,0.18450994262430054,82,Medium
18647,0,0.17950800842012346,82,Medium
13390,0,0.1903295011522628,81,Medium
1243,0,0.12219654559147787,88,Medium
23737,1,0.16988748001197984,83,Medium
29978,0,0.048713245620745936,95,Low
7270,0,0.08954456934610615,91,Low
21341,0,0.2648282918535309,74,High
21936,0,0.09686904797782701,90,Low
14951,1,0.7241766935252993,28,High
11972,1,0.3215354845198955,68,High
10887,0,0.07277801106626512,93,Low
26407,0,0.14136660460935122,86,Medium
2827,0,0.04974911151995026,95,Low
10002,0,0.33637395311930707,66,High
28084,0,0.1359020948327386,86,Medium
4209,0,0.6626208915764891,34,High
20665,1,0.3198130711055536,68,High
16749,0,0.6978547476558289,30,High
15514,1,0.05954267124984445,94,Low
18460,0,0.294577773043112,71,High
5685,0,0.14518882778768696,85,Medium
4683,0,0.0865683534466719,91,Low
14767,1,0.10558969151667225,89,Medium
14875,0,0.16668453726928215,83,Medium
19287,0,0.12115028108490393,88,Medium
11515,0,0.12195854949444394,88,Medium
24887,1,0.12160930406198918,88,Medium
22989,0,0.04012277449447533,96,Low
9982,0,0.10679541174523256,89,Medium
24790,0,0.25186759462723834,75,High
18625,0,0.10919968899236265,89,Medium
27652,0,0.12141921795744402,88,Medium
29671,0,0.680300118686362,32,High
9681,0,0.6185202759987706,38,High
29070,0,0.06031209967880208,94,Low
10821,0,0.1095818126087013,89,Medium
19574,0,0.2209700692176021,78,Medium
4969,0,0.14131271638248713,86,Medium
28887,0,0.24095854981192474,76,Medium
28163,0,0.12049557260364706,88,Medium
19043,1,0.7096985606136755,29,High
2431,1,0.2746716918151677,73,High
29968,0,0.27803005764967564,72,High
27060,1,0.13766802385684143,86,Medium
9230,0,0.04947832302706823,95,Low
18247,0,0.3530449496166012,65,High
21002,1,0.5820887421591674,42,High
93,0,0.08729892728319712,91,Low
12811,1,0.6202489263347792,38,High
28248,0,0.158373673285196,84,Medium
20366,0,0.12774827200614627,87,Medium
11290,0,0.11086333757798461,89,Medium
14471,1,0.6981305146516159,30,High
16659,0,0.1723651209028021,83,Medium
1213,1,0.16358406510813872,84,Medium
26644,1,0.7089910952424994,29,High
19758,0,0.3293126245446733,67,High
29913,0,0.10722066401133727,89,Medium
266,0,0.18258086027827547,82,Medium
6223,0,0.10635954382846995,89,Medium
6538,0,0.10865182101852126,89,Medium
20449,0,0.06582395699264612,93,Low
28957,0,0.14391538248631092,86,Medium
749,1,0.1367325245834727,86,Medium
19541,0,0.04934926654908956,95,Low
21107,0,0.07740430621567329,92,Low
7841,0,0.10865842676828323,89,Medium
19500,0,0.45406248397579,55,High
1706,1,0.5498726362054378,45,High
26837,0,0.07055560718493593,93,Low
27896,0,0.1659795405243197,83,Medium
19502,0,0.05827798215895619,94,Low
22607,0,0.6256836400501201,37,High
24726,0,0.16150743359122058,84,Medium
29444,0,0.07056408388804575,93,Low
27222,1,0.7207941438591026,28,High
11115,0,0.37442944114655674,63,High
19977,0,0.08645863493797083,91,Low
4832,1,0.08524744620844221,91,Low
22334,0,0.059091556568634206,94,Low
1449,0,0.21227067352586038,79,Medium
27702,1,0.6525469453986251,35,High
5778,0,0.07570807450355596,92,Low
12988,0,0.07682821456956278,92,Low
19366,0,0.08451266492908521,92,Low
4763,1,0.6273161748088053,37,High
26591,0,0.12797810052518252,87,Medium
2182,0,0.1417264515333134,86,Medium
4285,1,0.10588955888016065,89,Medium
876,0,0.29410823223765886,71,High
23332,0,0.045591278568764514,95,Low
6351,0,0.2105253382188007,79,Medium
25589,0,0.08711834951721549,91,Low
18771,1,0.41879857791196956,58,High
10773,0,0.39255148299002984,61,High
18409,0,0.10346918165055392,90,Medium
2710,0,0.15257364382593266,85,Medium
7585,0,0.45438590647970983,55,High
19249,1,0.527246407587201,47,High
20051,0,0.3943774734584136,61,High
13505,1,0.36053499238018133,64,High
27654,1,0.6497975099405024,35,High
9080,0,0.470349060519164,53,High
15309,0,0.5614508399231959,44,High
12390,0,0.2535973390792899,75,High
16766,0,0.2108521214897354,79,Medium
4166,1,0.39667878411367347,60,High
20679,1,0.09336762193700522,91,Low
10823,1,0.7093196474757649,29,High
18310,0,0.19102241016581545,81,Medium
29390,0,0.21566443798177437,78,Medium
28219,0,0.2078384808062066,79,Medium
1580,0,0.10376560014818996,90,Medium
1943,0,0.11685750841390337,88,Medium
4102,0,0.062086353462273924,94,Low
8004,0,0.13967944116273204,86,Medium
10370,1,0.6542623273811966,35,High
28748,0,0.723433409139734,28,High
13801,0,0.6238542435740387,38,High
9973,1,0.09733011865277834,90,Low
6970,0,0.2082030905089349,79,Medium
936,0,0.16262562549879034,84,Medium
17532,0,0.2659343005640897,73,High
13203,0,0.17092054816914706,83,Medium
12775,1,0.6874349941780276,31,High
2380,0,0.07319818966764025,93,Low
3157,1,0.5439113170925254,46,High
10371,0,0.12143235182350125,88,Medium
18548,0,0.1065336842387599,89,Medium
15744,0,0.10478412697470996,90,Medium
5423,1,0.09380568076697271,91,Low
25655,0,0.12985771402904533,87,Medium
7083,1,0.556254072709439,44,High
15936,1,0.6861573005780389,31,High
9090,1,0.4894073521909898,51,High
797,0,0.33480813623873007,67,High
14976,1,0.22898231446281145,77,Medium
9623,0,0.17334392225075468,83,Medium
22057,0,0.327192372414004,67,High
13862,1,0.0641156952920925,94,Low
17535,0,0.08161127664892619,92,Low
17617,0,0.14906742441134993,85,Medium
9350,0,0.1037577129368184,90,Medium
6151,1,0.07324736997296984,93,Low
20883,0,0.046232036270703346,95,Low
25893,0,0.2746537193237541,73,High
14199,0,0.1363262897497827,86,Medium
17305,1,0.6069945276371347,39,High
667,0,0.22973049203218113,77,Medium
14289,1,0.6748051513522298,33,High
14801,1,0.22048872278871415,78,Medium
4874,0,0.09249626378037978,91,Low
15010,0,0.40337620385628625,60,High
20087,0,0.16789876260157274,83,Medium
28771,1,0.4243285648970918,58,High
27903,0,0.15652491035179966,84,Medium
4872,0,0.09758547193095675,90,Low
23313,0,0.1370798074017624,86,Medium
25730,0,0.05794345024223747,94,Low
15542,0,0.15075992913922495,85,Medium
24027,0,0.27571355511349943,72,High
5415,0,0.1251727977116439,87,Medium
2330,0,0.13115536807863848,87,Medium
10104,0,0.16293973663227743,84,Medium
4270,1,0.18897773594009692,81,Medium
24092,0,0.1639474324898145,84,Medium
23279,0,0.15159839614283238,85,Medium
11603,0,0.22175768365848492,78,Medium
15461,0,0.1435800410055003,86,Medium
16586,0,0.03997256016982222,96,Low
4210,0,0.11874948769945896,88,Medium
22739,0,0.16319183957879602,84,Medium
14966,0,0.1652693273694595,83,Medium
25820,0,0.10069956564943411,90,Medium
10696,1,0.7072884230440831,29,High
28243,1,0.6656059257907966,33,High
11968,0,0.1212198470860189,88,Medium
26491,0,0.3787812252238836,62,High
4777,0,0.11085144255208164,89,Medium
20845,0,0.2549505189777293,75,High
4812,1,0.1629781758851677,84,Medium
8814,0,0.0694459617589271,93,Low
29522,0,0.08872141073144872,91,Low
1384,0,0.04038046323489083,96,Low
7613,0,0.05254442367688298,95,Low
3848,0,0.10889709232030499,89,Medium
7856,0,0.1921715503646714,81,Medium
4863,1,0.6736774178768523,33,High
2072,0,0.688807695656464,31,High
3663,0,0.09246448246756232,91,Low
7576,0,0.06938243170310697,93,Low
27191,0,0.692213297342401,31,High
9011,0,0.11811211187413972,88,Medium
5828,1,0.054053737693599925,95,Low
9510,0,0.10542025804000323,89,Medium
8228,1,0.11162641632537677,89,Medium
27850,0,0.6052594908825182,39,High
3065,0,0.05527792664708658,94,Low
23173,0,0.19566198784780928,80,Medium
7750,1,0.05480749758234366,95,Low
21565,0,0.4920063116620967,51,High
12269,1,0.6107689490135929,39,High
1666,0,0.15018926434259475,85,Medium
24817,0,0.10137377329854565,90,Medium
23113,0,0.18974216635313956,81,Medium
19292,1,0.15380986027324658,85,Medium
16903,0,0.22374448895556143,78,Medium
2495,1,0.3935610852158455,61,High
20867,0,0.6053067735550711,39,High
23356,1,0.6988080723047169,30,High
24304,1,0.5275438848107471,47,High
26971,1,0.4237398280779317,58,High
14504,1,0.21343830846500356,79,Medium
8657,0,0.5935131306723438,41,High
17112,0,0.5228903407330413,48,High
21037,0,0.40043610594166124,60,High
24066,0,0.220277589516044,78,Medium
13707,0,0.13611688259564061,86,Medium
13050,1,0.34900573112652555,65,High
8478,0,0.07078812432398864,93,Low
5595,0,0.34352219145716534,66,High
20056,0,0.21259385811846274,79,Medium
8302,0,0.12751070185162264,87,Medium
7777,1,0.4458026334187404,55,High
1972,1,0.37854057078860365,62,High
15280,1,0.6246558013481005,38,High
2777,1,0.6690028561674818,33,High
29494,0,0.6830037042415995,32,High
2195,0,0.16881655774429447,83,Medium
19772,0,0.08351098764169633,92,Low
29279,1,0.09128332932215526,91,Low
14968,0,0.17255114534277896,83,Medium
25905,1,0.4816778000812651,52,High
15874,0,0.07815034559752305,92,Low
10556,0,0.07347478179075306,93,Low
26723,0,0.08055666369192188,92,Low
20991,0,0.2965376810733797,70,High
4088,0,0.25215259929889783,75,High
17544,0,0.15648810482981326,84,Medium
13007,0,0.24936943931571434,75,Medium
9192,0,0.3869471716278145,61,High
6353,0,0.6764185164351314,32,High
18906,0,0.15978704485048942,84,Medium
14884,1,0.7050669006683634,29,High
29884,0,0.10329289298755569,90,Medium
26058,1,0.6205256309940553,38,High
28806,0,0.039476474811225064,96,Low
12154,0,0.18458517118793005,82,Medium
5050,0,0.30448513810335726,70,High
17005,0,0.672527954795357,33,High
21657,0,0.061289050732566776,94,Low
24582,0,0.08851037296706425,91,Low
28946,0,0.13704096489232911,86,Medium
6499,0,0.14293359763300087,86,Medium
22241,0,0.22894828133932701,77,Medium
12770,0,0.09689832160833091,90,Low
4253,0,0.16606719152591418,83,Medium
18995,0,0.08819239122383786,91,Low
13996,0,0.14189761333219586,86,Medium
23564,0,0.05946439240207491,94,Low
4350,0,0.6377755883812086,36,High
27592,0,0.3477499933948533,65,High
19225,0,0.10740122321750205,89,Medium
26426,0,0.06991150731793393,93,Low
12661,0,0.4077534162631375,59,High
22175,0,0.1313641493988518,87,Medium
21315,1,0.26463774589302375,74,High
8715,0,0.255698461295589,74,High
6096,0,0.06234904463003141,94,Low
13210,1,0.3514999317886603,65,High
17427,0,0.3187709521916191,68,High
17244,0,0.12977598711645766,87,Medium
21246,0,0.09284083626443522,91,Low
233,0,0.2173862375216633,78,Medium
19025,0,0.11485695494063358,89,Medium
975,1,0.20477750617269516,80,Medium
22452,0,0.07609572344882666,92,Low
22264,0,0.15089859449540594,85,Medium
15718,0,0.07504658789981171,92,Low
23520,0,0.312183618172946,69,High
7778,1,0.05656942186275924,94,Low
14753,0,0.04266239641146582,96,Low
23202,0,0.04001059508613416,96,Low
20456,0,0.1434790708654262,86,Medium
4907,0,0.38225731746247504,62,High
21393,1,0.5515765603031916,45,High
159,1,0.3266523379787003,67,High
26857,1,0.4092850640575522,59,High
15167,0,0.11544774860088232,88,Medium
12370,1,0.6697131153537169,33,High
26559,1,0.15028823596118435,85,Medium
5440,0,0.6678898053825431,33,High
7182,0,0.1797643179198568,82,Medium
20908,0,0.0943329047951074,91,Low
3400,1,0.151543338760475,85,Medium
9022,0,0.06578299848787642,93,Low
2873,0,0.14840072614721264,85,Medium
27324,0,0.25985564724300736,74,High
19848,0,0.4783698893658544,52,High
27581,1,0.6377851143692936,36,High
8130,0,0.6630547045675312,34,High
23912,0,0.09313880745764223,91,Low
29292,0,0.06504030513886223,93,Low
21895,0,0.24846674623129839,75,Medium
24524,0,0.11058195956811114,89,Medium
28903,0,0.1783744648210969,82,Medium
2750,1,0.4237556277695374,58,High
9522,0,0.6234578606034065,38,High
7228,1,0.05732891389581294,94,Low
29459,0,0.052762043772353995,95,Low
18672,0,0.2906257982384359,71,High
11739,1,0.694553294173386,31,High
28868,0,0.051757128612644976,95,Low
11933,0,0.19527184321935617,80,Medium
27482,1,0.12372335590928962,88,Medium
10735,0,0.0902274010554494,91,Low
2241,0,0.06446906582408726,94,Low
23466,1,0.6460134584950049,35,High
27607,1,0.16424169023049007,84,Medium
13273,0,0.2870683750315686,71,High
23586,0,0.04888653394382208,95,Low
12604,1,0.6401490837761178,36,High
11398,1,0.13678317625437836,86,Medium
15297,0,0.11652269399418631,88,Medium
21359,0,0.2458161954131831,75,Medium
5478,0,0.155692086217741,84,Medium
23164,0,0.08179317375057721,92,Low
29773,0,0.09120012804200628,91,Low
10651,0,0.056589192238262205,94,Low
11095,0,0.08353695693075734,92,Low
26271,1,0.10452879751471456,90,Medium
22344,0,0.0674502171833371,93,Low
16027,1,0.678030365243672,32,High
22242,0,0.14553326476106418,85,Medium
4188,1,0.18426561868216607,82,Medium
14953,0,0.39467593693976183,61,High
5121,0,0.06798802148965216,93,Low
29977,1,0.5943898731974498,41,High
26433,0,0.10057111161324168,90,Medium
15082,0,0.07924564040937847,92,Low
23992,0,0.34629420338609984,65,High
27987,0,0.05045381759501431,95,Low
3694,0,0.26583875855505607,73,High
28775,0,0.14029696479125728,86,Medium
29319,0,0.19732612805878166,80,Medium
16995,1,0.6545206718600936,35,High
16470,1,0.6934818662786766,31,High
20763,0,0.0630500138323498,94,Low
24626,0,0.08604482801715903,91,Low
29526,0,0.14144893312503415,86,Medium
4029,0,0.10193484360097832,90,Medium
12378,0,0.10481764853464426,90,Medium
3583,0,0.0768708079066025,92,Low
22373,0,0.052224604344722626,95,Low
19196,0,0.09956045570783577,90,Low
22791,0,0.2511246471107728,75,High
25918,0,0.06443250193695742,94,Low
3004,1,0.6664704888494876,33,High
24767,0,0.042966482289125085,96,Low
18165,1,0.07803214630073539,92,Low
6197,0,0.41209964391632,59,High
7454,0,0.27688542492082124,72,High
22409,0,0.07432691449541072,93,Low
21488,0,0.1440006714808299,86,Medium
26453,0,0.09067602139261904,91,Low
4867,1,0.6802560811608328,32,High
12499,0,0.11615681173607807,88,Medium
24157,0,0.11509366101550655,88,Medium
13851,0,0.0731061100202916,93,Low
29600,0,0.07843550082264383,92,Low
26163,0,0.06937855757056534,93,Low
13961,0,0.5549881555600154,45,High
8682,0,0.0793385902799752,92,Low
5626,0,0.13312672946089602,87,Medium
18257,1,0.6804745381657925,32,High
13235,1,0.19968010817373338,80,Medium
27676,0,0.6151696146202207,38,High
17650,1,0.7009367637288698,30,High
5762,0,0.20689427358915177,79,Medium
11826,1,0.4224203055742933,58,High
18275,0,0.09182187434250254,91,Low
26034,0,0.07015283142446482,93,Low
10859,0,0.08912846146056967,91,Low
2627,0,0.11353082348918257,89,Medium
6487,1,0.5475026592756671,45,High
29104,0,0.078326670395301,92,Low
26473,1,0.10917951451979395,89,Medium
17695,0,0.1019406762656039,90,Medium
25384,0,0.6467881731487566,35,High
28117,0,0.06189425245242645,94,Low
6161,1,0.45565573796174985,54,High
12984,0,0.13554383786760704,86,Medium
6671,0,0.12215548582868539,88,Medium
17901,0,0.45737274230250397,54,High
5089,0,0.0785617577190102,92,Low
16834,0,0.5728448324722079,43,High
6415,0,0.280008974128323,72,High
10096,0,0.46432740578618414,54,High
28617,0,0.18688489849871867,81,Medium
7089,0,0.06379382979330751,94,Low
15901,0,0.19054785955910755,81,Medium
25245,0,0.21399897831799666,79,Medium
14009,0,0.12938476313571745,87,Medium
16051,0,0.05777997228694697,94,Low
20985,0,0.041225556775346124,96,Low
23416,1,0.6873186146037561,31,High
9784,0,0.1937909470408857,81,Medium
3537,0,0.6382391412977997,36,High
18281,0,0.20767425282017718,79,Medium
1532,0,0.05372839316854372,95,Low
28610,0,0.08101141821759504,92,Low
19295,0,0.1198247518491758,88,Medium
27712,0,0.09229895667371729,91,Low
25873,0,0.08437876108551919,92,Low
12132,1,0.6447840280466856,36,High
3552,0,0.06706333181321654,93,Low
132,0,0.21854635900186561,78,Medium
17548,1,0.6799269779787797,32,High
4791,1,0.5961899491062247,40,High
18567,0,0.15038865125304388,85,Medium
8481,0,0.22445560602430983,78,Medium
2712,0,0.309626631652216,69,High
6574,0,0.1480785440281204,85,Medium
25235,0,0.1314970530051439,87,Medium
22156,0,0.12694374665910152,87,Medium
24493,0,0.06688869387807439,93,Low
27796,0,0.17715047616503973,82,Medium
27624,1,0.6476909719838783,35,High
18615,1,0.6463749122526676,35,High
28164,0,0.4811221124319232,52,High
23274,0,0.12005536358457324,88,Medium
3141,1,0.512555172240016,49,High
1814,0,0.6563423370161813,34,High
11175,0,0.1201321951494307,88,Medium
17449,1,0.06830930108061649,93,Low
13196,1,0.39467593693976183,61,High
4656,0,0.1959240295742993,80,Medium
10204,0,0.07154017350840679,93,Low
16346,0,0.0403368039870938,96,Low
9625,0,0.29230823808985085,71,High
14633,0,0.18141977844544832,82,Medium
20772,0,0.18764237551013152,81,Medium
9727,1,0.3043886791131569,70,High
12666,0,0.15246453822514397,85,Medium
9448,0,0.20460466301861727,80,Medium
7035,0,0.15116275344357719,85,Medium
20855,1,0.6751425254462134,32,High
12057,0,0.16677401493928914,83,Medium
22335,0,0.07951899728075322,92,Low
23005,0,0.08259763879025527,92,Low
16418,0,0.08321079637747454,92,Low
29960,0,0.0660591629637292,93,Low
17253,0,0.6746779617220442,33,High
5173,0,0.10462849787896934,90,Medium
2635,1,0.2595862824599208,74,High
16543,1,0.7006215126648175,30,High
19047,0,0.04516381627029727,95,Low
19308,0,0.08097344199897276,92,Low
2396,0,0.08022036136749523,92,Low
24163,0,0.1062944914711194,89,Medium
6017,0,0.22195813281930418,78,Medium
21423,0,0.04719702256881656,95,Low
619,0,0.13237014554678375,87,Medium
10553,0,0.09447700161686706,91,Low
9555,0,0.3183405613487402,68,High
18164,0,0.06578394216430558,93,Low
14215,1,0.2512989521518964,75,High
21019,0,0.2271954235525275,77,Medium
18724,0,0.07328390995046434,93,Low
3981,1,0.050393036164061794,95,Low
16135,1,0.40885391488619144,59,High
29378,0,0.0745209519998815,93,Low
18124,0,0.2404721136679472,76,Medium
29140,0,0.09265344895057781,91,Low
9970,0,0.1272730732725995,87,Medium
11539,0,0.30143997874866496,70,High
13742,1,0.09474126400364656,91,Low
26232,0,0.1021162517791671,90,Medium
15305,0,0.09696924358645552,90,Low
12447,0,0.0742297751972078,93,Low
2615,0,0.042505564912475285,96,Low
6497,0,0.30635875106414373,69,High
9515,0,0.15048261555419418,85,Medium
9961,0,0.09430057057853908,91,Low
23403,0,0.1369706428549757,86,Medium
17576,1,0.22793741378696963,77,Medium
28490,0,0.09772963291071046,90,Low
10583,0,0.08405858871547182,92,Low
22796,1,0.05296223279946902,95,Low
4667,0,0.10591626967594163,89,Medium
2369,0,0.05540642334071758,94,Low
1603,0,0.0887588238559776,91,Low
27855,0,0.14980589683872567,85,Medium
5855,0,0.26049918559021074,74,High
18278,1,0.6949790375253011,31,High
24277,0,0.07253929059266981,93,Low
4893,0,0.11796725933833023,88,Medium
5730,0,0.21803087827305298,78,Medium
22251,1,0.17720861477969516,82,Medium
29490,0,0.13258607748527493,87,Medium
1174,0,0.23740264140021894,76,Medium
13488,0,0.07461333339853395,93,Low
11493,0,0.0858070392849276,91,Low
3774,0,0.2537997369835412,75,High
6060,0,0.11433509580614842,89,Medium
12381,0,0.09709903195889065,90,Low
5770,0,0.6733661335310833,33,High
11849,0,0.08707599531086345,91,Low
17208,1,0.6944202623044041,31,High
7072,0,0.46606470585596255,53,High
5409,0,0.07071798205103001,93,Low
16612,0,0.4176870200595901,58,High
11694,0,0.1572535244341171,84,Medium
471,1,0.11291345742326186,89,Medium
19363,0,0.05671581726170879,94,Low
1480,0,0.14364500626354884,86,Medium
27163,0,0.12007966640686892,88,Medium
5148,1,0.6085483180984483,39,High
14456,0,0.08376604542517901,92,Low
13162,0,0.06587900030217035,93,Low
18135,0,0.3467952202698578,65,High
29160,0,0.044365179978056724,96,Low
11242,0,0.11266366530656148,89,Medium
12549,0,0.1540938145667529,85,Medium
8313,0,0.07974179718231234,92,Low
3595,1,0.11493263192120112,89,Medium
10736,0,0.06334877725254766,94,Low
17648,1,0.4092850640575522,59,High
25985,1,0.47863438644209316,52,High
2782,0,0.1576587239367382,84,Medium
21148,1,0.2374676643392585,76,Medium
174,1,0.2692765611895633,73,High
13026,0,0.07006362925499532,93,Low
11667,1,0.5118166722813154,49,High
6168,0,0.11653296729145131,88,Medium
5028,0,0.11214562559289382,89,Medium
4043,0,0.08918883133134685,91,Low
288,0,0.04605630468170189,95,Low
22628,1,0.2182643255266207,78,Medium
27612,0,0.12804141895490087,87,Medium
27734,0,0.40358044676024357,60,High
12840,0,0.052762645671844376,95,Low
4305,0,0.097277106846267,90,Low
18248,0,0.07097822218769327,93,Low
28453,0,0.19584898709947288,80,Medium
18446,0,0.055453607184478115,94,Low
5125,0,0.22315474078269326,78,Medium
6396,1,0.3759933873583085,62,High
921,0,0.23994603625827182,76,Medium
6026,1,0.11177684508778345,89,Medium
14726,0,0.15426743272266427,85,Medium
10591,0,0.19025023488179005,81,Medium
2887,0,0.07782508167081219,92,Low
17868,0,0.1477277625707132,85,Medium
26932,0,0.07809564694061576,92,Low
16955,0,0.27697618268095725,72,High
25117,1,0.13027329750268812,87,Medium
7439,0,0.20893231155583672,79,Medium
8025,0,0.20766759131882975,79,Medium
20632,0,0.05064507656547105,95,Low
21252,0,0.1694648128341514,83,Medium
6061,0,0.2666859853154719,73,High
6352,1,0.5871534257921561,41,High
8464,0,0.15441314154853333,85,Medium
22446,0,0.10381389196740491,90,Medium
2110,0,0.0731349946880371,93,Low
11760,0,0.08963758819356243,91,Low
27911,0,0.2026470229179735,80,Medium
29932,0,0.1756790719407724,82,Medium
8399,0,0.4188043330765338,58,High
475,0,0.14048529747271166,86,Medium
9902,1,0.48698356810598026,51,High
25994,0,0.17546564836401488,82,Medium
23023,0,0.07461310131627813,93,Low
10067,0,0.6215330138738193,38,High
23696,0,0.08858445394189741,91,Low
29290,0,0.07713162382280132,92,Low
6240,0,0.0485211390612579,95,Low
19618,0,0.08529802853999874,91,Low
25182,0,0.24612592454167723,75,Medium
4260,1,0.4560139756303454,54,High
28113,0,0.04345769273719607,96,Low
16144,0,0.049073866463824806,95,Low
29435,0,0.07139504718070537,93,Low
5972,1,0.07582263148321923,92,Low
18924,0,0.09990544129231367,90,Low
6104,0,0.17751613152881762,82,Medium
22421,0,0.41927714226470697,58,High
27420,1,0.3583512559763417,64,High
28907,0,0.27321053438208337,73,High
9508,0,0.41538537948241644,58,High
21858,0,0.12288825915513234,88,Medium
13101,0,0.6401811101157233,36,High
26722,0,0.07783074619367587,92,Low
23326,0,0.18071858617540712,82,Medium
15053,1,0.11911767273950054,88,Medium
470,0,0.1187906431749826,88,Medium
5861,0,0.08875241305371011,91,Low
3485,0,0.1407710401709459,86,Medium
3527,0,0.10061870460436913,90,Medium
13667,0,0.11026702607928995,89,Medium
11775,0,0.13091450924397466,87,Medium
19278,0,0.13694869082165417,86,Medium
26008,0,0.2598207718758802,74,High
13919,0,0.08569442736078081,91,Low
13943,0,0.11248954120176742,89,Medium
23977,0,0.08143849357818427,92,Low
5120,0,0.04587302180497851,95,Low
25375,0,0.07197463773571357,93,Low
7786,1,0.49749646300607137,50,High
4358,0,0.36054542873605994,64,High
25361,0,0.17484661295299678,83,Medium
2504,1,0.2190039754230948,78,Medium
9534,1,0.4064987302655438,59,High
10139,1,0.3785213388749787,62,High
21867,0,0.14303456768176745,86,Medium
25844,0,0.06741603504772893,93,Low
7582,0,0.12891903527799023,87,Medium
9104,0,0.06558399375394941,93,Low
4997,0,0.048825895563436965,95,Low
5367,0,0.31687926274927003,68,High
25106,0,0.074791180530231,93,Low
27308,0,0.14292540782916371,86,Medium
1169,0,0.15598449601131684,84,Medium
29028,1,0.164565383744775,84,Medium
22590,0,0.07124916214153322,93,Low
18862,0,0.18270370937742708,82,Medium
23772,0,0.06398490005114607,94,Low
23872,0,0.4092850640575522,59,High
27632,1,0.6531351471081489,35,High
1671,0,0.1189806829169864,88,Medium
14059,0,0.13360006516403297,87,Medium
24170,0,0.1089394845107373,89,Medium
18825,0,0.09115879474341848,91,Low
2157,1,0.14795079008146497,85,Medium
4013,0,0.08009182630169283,92,Low
11711,0,0.27542402828557433,72,High
27451,0,0.06767102805219531,93,Low
3716,0,0.6902034705411131,31,High
12055,1,0.21429478123572723,79,Medium
206,0,0.15411422426569854,85,Medium
9646,0,0.10492471361680145,90,Medium
8296,1,0.7105282797399942,29,High
775,0,0.2201079104275315,78,Medium
17863,1,0.72852304835568,27,High
10967,0,0.0755553532310353,92,Low
9723,0,0.06957694896110288,93,Low
4624,0,0.1741310078255397,83,Medium
29082,1,0.48558385862610454,51,High
8122,0,0.11818746452365625,88,Medium
19002,0,0.1473142306452437,85,Medium
14052,0,0.09748102304496993,90,Low
8991,0,0.06581481019432661,93,Low
24685,1,0.5714711054671558,43,High
24535,1,0.4092850640575522,59,High
4074,0,0.060407626537336695,94,Low
23523,0,0.07906797130319189,92,Low
25615,0,0.05298324490285192,95,Low
14177,1,0.618136341010387,38,High
25506,0,0.07602197481885206,92,Low
20559,0,0.15005775161888757,85,Medium
13868,0,0.13730067841117866,86,Medium
11814,1,0.5276435622583615,47,High
26882,0,0.06469899623762794,94,Low
10664,1,0.6996706295660026,30,High
14788,0,0.04379865667799158,96,Low
16123,0,0.04941265771982268,95,Low
17816,0,0.1495203594191665,85,Medium
3498,0,0.0838758333083371,92,Low
17619,1,0.4570085418705106,54,High
7359,0,0.15397726328710415,85,Medium
24118,0,0.042400454182818424,96,Low
1754,0,0.12747792397130386,87,Medium
24532,1,0.19140864785553927,81,Medium
16049,0,0.13919312842803613,86,Medium
6901,0,0.08637971986173838,91,Low
21710,0,0.13468877143662578,87,Medium
6237,0,0.14070260673633184,86,Medium
15162,0,0.12302808478491277,88,Medium
22758,0,0.04731155373826778,95,Low
17466,0,0.05573782448947536,94,Low
24198,1,0.714447569187989,29,High
5505,0,0.12093043774586072,88,Medium
7128,0,0.04256504345098055,96,Low
14822,0,0.1479781749170456,85,Medium
19179,1,0.694552094530546,31,High
11923,0,0.09613329213283252,90,Low
25265,0,0.09878115222082813,90,Low
27558,0,0.07335552556371806,93,Low
4402,0,0.2754148713311216,72,High
21916,0,0.266182892155501,73,High
5867,0,0.06962736023738263,93,Low
2387,0,0.18244734421727657,82,Medium
20176,0,0.10720549637507194,89,Medium
11512,0,0.2460757165006199,75,Medium
412,0,0.15218441719899398,85,Medium
10429,0,0.04448488242637636,96,Low
1088,0,0.26386814543457887,74,High
7180,0,0.28680140928727144,71,High
14721,1,0.16782718232137658,83,Medium
19267,0,0.2229611929585873,78,Medium
27507,1,0.15605452953562574,84,Medium
15943,0,0.045998015982790554,95,Low
1116,0,0.06717412058383654,93,Low
14399,0,0.04925377393380287,95,Low
29288,0,0.25977889378610164,74,High
11671,0,0.16664176197877545,83,Medium
7296,0,0.16290837065834315,84,Medium
6170,1,0.4092850640575522,59,High
256,0,0.15818717698855253,84,Medium
5698,1,0.29226139902793175,71,High
25414,1,0.23794293081087692,76,Medium
8277,0,0.4213882524452681,58,High
27731,1,0.7092565819142912,29,High
15317,1,0.6042605106964517,40,High
1057,0,0.33705118997181094,66,High
26753,0,0.06266182304598464,94,Low
14662,0,0.11885667956669273,88,Medium
7434,1,0.07158983965871811,93,Low
25046,0,0.1373049258485934,86,Medium
1267,0,0.07431034357684195,93,Low
25786,0,0.09437831759137146,91,Low
3259,0,0.05002288219106931,95,Low
21554,0,0.16260344913404987,84,Medium
29783,0,0.13817681729746456,86,Medium
28726,0,0.06730475216479641,93,Low
27024,0,0.19731165514521407,80,Medium
6256,1,0.6853031499999989,31,High
14126,0,0.056301133805178684,94,Low
23896,1,0.5272220488782255,47,High
179,0,0.20958301316487501,79,Medium
2591,0,0.14902437080764244,85,Medium
26879,0,0.03881815439564527,96,Low
6166,0,0.14562287470747928,85,Medium
3350,0,0.26501091544787037,73,High
7347,0,0.20218528939211758,80,Medium
1632,0,0.05007416784095408,95,Low
8501,0,0.20023318668961765,80,Medium
25779,0,0.13341964863696706,87,Medium
18601,0,0.15332139749909401,85,Medium
21826,0,0.09330929204426047,91,Low
28238,0,0.06194887539098771,94,Low
3072,1,0.1692694482614064,83,Medium
3623,0,0.0729035583593232,93,Low
13485,0,0.4098604926612364,59,High
27628,1,0.5414584075729437,46,High
3579,0,0.21409364420732255,79,Medium
19474,0,0.05328470573344366,95,Low
18082,0,0.39445458095304103,61,High
12537,1,0.0696154211676271,93,Low
28713,0,0.07756806922048674,92,Low
8227,0,0.44314399085786493,56,High
5988,1,0.4498130957238506,55,High
5743,1,0.6882725696631476,31,High
28279,0,0.059815582084917086,94,Low
55,0,0.6012315068169704,40,High
26544,0,0.10117832178446039,90,Medium
4713,0,0.09811415127681015,90,Low
28458,0,0.2902422973645286,71,High
24664,1,0.1250342248878352,87,Medium
17880,1,0.41117827060785,59,High
22514,0,0.0954608976262553,90,Low
2080,0,0.5750281037241983,42,High
16446,0,0.10317720285853312,90,Medium
6782,0,0.04704712248806956,95,Low
28430,0,0.16173562855346926,84,Medium
29541,1,0.25237886747047494,75,High
10462,0,0.11394478464326858,89,Medium
17270,0,0.10713786512000016,89,Medium
8566,0,0.059583879348579005,94,Low
11031,1,0.3200505911190914,68,High
24333,1,0.6382197019443878,36,High
12735,1,0.3948859119515576,61,High
7991,0,0.14505721394030013,85,Medium
20723,0,0.6181497241810867,38,High
3634,1,0.15953178820079214,84,Medium
8771,0,0.2103176926032229,79,Medium
7700,0,0.1395017276949113,86,Medium
9185,1,0.12707712044756514,87,Medium
13939,0,0.13148911077738576,87,Medium
19456,0,0.07274939909588957,93,Low
7838,0,0.054399466645004425,95,Low
4066,0,0.6091643697555139,39,High
2765,0,0.06869047528004268,93,Low
15614,0,0.09328804986056073,91,Low
12371,0,0.08093947718179582,92,Low
1375,0,0.15055065620136912,85,Medium
5103,0,0.41900407983091875,58,High
17442,1,0.40119850484816455,60,High
11513,0,0.08048492569116118,92,Low
26420,0,0.1574782901736778,84,Medium
10041,0,0.10575698259151567,89,Medium
16100,1,0.2684932181894151,73,High
13604,1,0.14340561865765383,86,Medium
26726,0,0.05331192979731628,95,Low
11214,0,0.2104411490778022,79,Medium
23576,0,0.23079516520732643,77,Medium
6909,0,0.22182789771138775,78,Medium
12459,0,0.19972631959340495,80,Medium
25368,0,0.12492944815296385,88,Medium
22349,0,0.06765111581985385,93,Low
21476,0,0.05986122562732386,94,Low
1685,0,0.07878074833417995,92,Low
17682,1,0.178373047739818,82,Medium
15997,1,0.0813643687592156,92,Low
3626,1,0.11872284330492565,88,Medium
3429,0,0.1116628077613991,89,Medium
29573,1,0.14047027361964978,86,Medium
19552,0,0.6685158210400209,33,High
29085,1,0.33456212936522994,67,High
29533,0,0.09008288406570852,91,Low
12270,0,0.09992691469611041,90,Low
1612,0,0.08209338154761223,92,Low
830,0,0.0741957229220212,93,Low
15401,0,0.6788232209509758,32,High
11268,0,0.04661741527989127,95,Low
27786,0,0.0378965054889103,96,Low
1492,0,0.13746887726071746,86,Medium
16152,0,0.10624164694280668,89,Medium
6700,0,0.2647587941479644,74,High
25880,0,0.05596799153234915,94,Low
26254,0,0.1521253136460232,85,Medium
1756,0,0.2651295367377922,73,High
4250,0,0.18051930953795814,82,Medium
8810,0,0.1603273739706164,84,Medium
16598,0,0.05140090809350567,95,Low
20286,0,0.2873544839831578,71,High
5169,0,0.053597747816696684,95,Low
11228,0,0.061397164369022685,94,Low
2622,0,0.4224203055742933,58,High
27982,0,0.14361116599749446,86,Medium
10714,1,0.23084946469120662,77,Medium
2749,1,0.07558989507338805,92,Low
703,1,0.2903614540608565,71,High
10783,0,0.2504308310060665,75,High
15386,1,0.34708701239505446,65,High
13139,0,0.11408998026351229,89,Medium
19549,1,0.6554484766088134,34,High
13618,0,0.16189908574872056,84,Medium
26873,0,0.08887647293199719,91,Low
18212,0,0.06438189413112462,94,Low
19583,0,0.06370016932405163,94,Low
17598,0,0.11990108554663066,88,Medium
16821,0,0.0848205102124916,92,Low
386,0,0.07429363379457099,93,Low
5864,0,0.04789192525897836,95,Low
19656,0,0.08493102962921927,92,Low
3670,0,0.12224466903928066,88,Medium
9187,0,0.27644723657097686,72,High
17122,1,0.6902488937376289,31,High
6451,0,0.1013944251249597,90,Medium
16546,0,0.2738696300456183,73,High
26967,0,0.1578357972204343,84,Medium
19351,1,0.6552522405383924,34,High
20249,1,0.6549670805732902,35,High
23774,0,0.20396877677693123,80,Medium
26001,0,0.12119916909406474,88,Medium
3947,0,0.1834896875253942,82,Medium
10862,1,0.6642965348690956,34,High
29101,0,0.11654635110986329,88,Medium
8531,0,0.14468747475723145,86,Medium
462,0,0.11543897141936622,88,Medium
5379,0,0.16240796699455817,84,Medium
862,0,0.04939943022462371,95,Low
18940,1,0.04424326811766671,96,Low
23095,1,0.09576911968512751,90,Low
26225,0,0.09299656841714159,91,Low
17486,1,0.6968993742090593,30,High
16053,1,0.6727095977880184,33,High
29776,0,0.404391352839976,60,High
28499,0,0.1402043522447041,86,Medium
25297,0,0.12378226153353716,88,Medium
4327,0,0.17141182598744242,83,Medium
18919,1,0.7163146815701285,28,High
6183,1,0.5853034566800916,41,High
14186,0,0.14227480900985964,86,Medium
24547,0,0.09336928294660442,91,Low
3069,0,0.054410410942916855,95,Low
9665,1,0.3173872656444166,68,High
12464,0,0.09707931698070688,90,Low
4059,0,0.05586257519469651,94,Low
27920,0,0.5558030471701995,44,High
4134,1,0.15888275280804673,84,Medium
3084,0,0.13030233080657827,87,Medium
23890,0,0.3507479213563897,65,High
2319,1,0.07380121326444106,93,Low
5873,0,0.07413122923579983,93,Low
1795,1,0.2112307832583443,79,Medium
23829,0,0.08489951223533858,92,Low
5997,0,0.13333675521749663,87,Medium
19405,0,0.0676008477366004,93,Low
22861,1,0.3089323999742308,69,High
22099,0,0.061585493580081745,94,Low
11150,0,0.418938659354928,58,High
4898,0,0.10380784877493975,90,Medium
3524,0,0.16657556541424964,83,Medium
12882,0,0.26404296233511687,74,High
24145,0,0.13676285484906145,86,Medium
23626,0,0.06517939883901636,93,Low
15423,0,0.05969235727514249,94,Low
11757,0,0.2849081189722856,72,High
15417,0,0.08044964136802689,92,Low
23659,0,0.2124540699689693,79,Medium
28220,0,0.15822869065672296,84,Medium
21105,0,0.15110078953666314,85,Medium
27564,0,0.07597574720008468,92,Low
4536,1,0.41218189429500524,59,High
2560,0,0.32411290864021297,68,High
2184,0,0.21085992807913975,79,Medium
25223,0,0.1499356988488504,85,Medium
14434,0,0.14470213234451382,86,Medium
1579,0,0.14375943165246152,86,Medium
17702,0,0.14373620311189353,86,Medium
3403,1,0.22490708005374396,78,Medium
2111,0,0.09858355932951389,90,Low
16755,0,0.21021919033918454,79,Medium
27784,0,0.08621428974172114,91,Low
10435,0,0.1308749411562924,87,Medium
16783,1,0.4654186301047416,53,High
13768,0,0.15442252888750105,85,Medium
16836,0,0.12832937878515446,87,Medium
21375,0,0.3892838371245855,61,High
16861,0,0.11529991175251553,88,Medium
20722,1,0.7283156175156266,27,High
7419,0,0.09904671819953838,90,Low
23880,0,0.07436419605918013,93,Low
19337,0,0.04864032985933425,95,Low
5852,0,0.08401046244888294,92,Low
8034,0,0.06832545429339747,93,Low
15489,1,0.2562862553673057,74,High
28908,0,0.08144580595259383,92,Low
2082,0,0.12842563936118515,87,Medium
21228,0,0.05740481224909553,94,Low
26648,1,0.6637939058598161,34,High
8895,0,0.08966440044325412,91,Low
24549,0,0.4084480806060948,59,High
20307,1,0.34822838893481745,65,High
29135,0,0.09925304796041745,90,Low
29146,1,0.12298137376053837,88,Medium
23150,0,0.14866430596425725,85,Medium
15120,1,0.616692532059652,38,High
23758,1,0.16916672621793896,83,Medium
19658,0,0.3443763437275076,66,High
10123,0,0.15122796772865554,85,Medium
3162,0,0.17855518903502418,82,Medium
10815,1,0.14990389053992317,85,Medium
19937,0,0.29665041535127024,70,High
27202,0,0.12970732992995357,87,Medium
25857,0,0.06744390106540159,93,Low
27297,0,0.25293138495708356,75,High
16939,0,0.10460172771729061,90,Medium
18950,0,0.05010084028961217,95,Low
18315,0,0.6660960446358835,33,High
9971,1,0.16947050932578378,83,Medium
13194,1,0.34128683825569267,66,High
12046,0,0.08977690064513905,91,Low
22632,0,0.0430665199231107,96,Low
18019,0,0.4019432882256834,60,High
16643,0,0.5845234414466589,42,High
3215,0,0.2379501722362496,76,Medium
8091,1,0.6087445868895088,39,High
11831,1,0.48904049934590327,51,High
9203,0,0.0633097241609883,94,Low
14912,0,0.06301638774061329,94,Low
9138,0,0.05888406854324211,94,Low
7929,1,0.14499319633973998,86,Medium
14635,0,0.05339046079113376,95,Low
24962,0,0.1294121065659054,87,Medium
12170,1,0.34807961058092834,65,High
15931,0,0.06378822911853772,94,Low
211,0,0.06847697882565415,93,Low
23695,0,0.3566083833398775,64,High
21135,0,0.05706850039418537,94,Low
21314,0,0.37397895385670993,63,High
16841,0,0.07947550066489419,92,Low
5297,0,0.07027564411355013,93,Low
25735,0,0.061937485581096956,94,Low
25693,0,0.04760781183859588,95,Low
6036,1,0.10313837163519501,90,Medium
5681,0,0.07221574357613565,93,Low
5741,0,0.08073674992939413,92,Low
28235,0,0.07781217376604384,92,Low
4223,0,0.49774843747022013,50,High
19365,0,0.0603576249991517,94,Low
21200,0,0.13332148017449735,87,Medium
662,1,0.06862334716535516,93,Low
4014,1,0.664493409148785,34,High
20946,0,0.06992824837674261,93,Low
12771,0,0.07410577325065591,93,Low
4793,0,0.13892288756092022,86,Medium
1303,0,0.21764981130075536,78,Medium
20690,1,0.6641083005018817,34,High
27637,0,0.3129793570708458,69,High
27912,0,0.20108506760640452,80,Medium
2247,0,0.10093615933000262,90,Medium
23960,0,0.33622494166974787,66,High
18785,0,0.04533757245284001,95,Low
22428,0,0.08346816473995962,92,Low
12322,0,0.25033286530764,75,High
22425,0,0.1336015844839365,87,Medium
6327,0,0.0847949441963098,92,Low
1961,1,0.642348540902821,36,High
3777,1,0.48971199935320947,51,High
26083,0,0.5679495698787312,43,High
2458,0,0.5520785679195543,45,High
28268,0,0.1200774568220339,88,Medium
19058,1,0.3912317865534711,61,High
18814,0,0.14393438868203676,86,Medium
18991,0,0.19850513477752815,80,Medium
25743,1,0.1162721300494564,88,Medium
29227,0,0.3288778778138665,67,High
9714,0,0.2494948815888168,75,Medium
3007,0,0.07737649470021578,92,Low
6286,0,0.5195127454608177,48,High
10296,0,0.06217202471630973,94,Low
11897,0,0.11519897919762039,88,Medium
23485,0,0.06201644955698122,94,Low
11433,1,0.16462190708504432,84,Medium
23852,0,0.2936884100038557,71,High
25560,0,0.07937147875836854,92,Low
20938,0,0.1516043812519309,85,Medium
25677,0,0.36997551178279536,63,High
13424,1,0.26900710018094265,73,High
19523,1,0.680811360617358,32,High
28444,0,0.06297055064371311,94,Low
13901,0,0.16833359877797363,83,Medium
20166,0,0.0530528037885001,95,Low
29806,0,0.14653743333729943,85,Medium
8804,0,0.44181178321216513,56,High
23030,0,0.13014531785191502,87,Medium
12105,0,0.22816795178718352,77,Medium
13537,0,0.060172285999622745,94,Low
5493,0,0.17865574404747564,82,Medium
26912,0,0.06763420603230912,93,Low
2657,1,0.2819721594865019,72,High
14225,0,0.07352592997335755,93,Low
15460,0,0.3436415049332567,66,High
16983,0,0.1568541494900639,84,Medium
1822,0,0.0602835047042018,94,Low
21487,0,0.23271083192887665,77,Medium
13904,0,0.4128670803270098,59,High
24492,0,0.0527859558188585,95,Low
4540,0,0.12396239366564195,88,Medium
5065,1,0.5182502079494103,48,High
29421,0,0.19315297596075584,81,Medium
3652,0,0.08350495162305549,92,Low
20302,0,0.0698894932631726,93,Low
9410,0,0.0740623079190591,93,Low
12168,0,0.12230232529233322,88,Medium
15712,0,0.08180919386350605,92,Low
28506,0,0.1747053021406624,83,Medium
27814,0,0.4143912114376054,59,High
3389,0,0.14495873833261594,86,Medium
19621,0,0.09572764746852226,90,Low
18769,0,0.1396219117230533,86,Medium
18445,1,0.5923070336039032,41,High
18396,0,0.24667111659076915,75,Medium
22528,0,0.17945427136094091,82,Medium
24454,0,0.050838004679300657,95,Low
5333,0,0.19494822544815474,81,Medium
8087,0,0.2162501352854369,78,Medium
21976,0,0.08207959061961562,92,Low
10572,1,0.10758737172766718,89,Medium
10615,0,0.2141533762804195,79,Medium
22383,0,0.08309832864536777,92,Low
14673,0,0.11041173446220236,89,Medium
13898,0,0.5632795009837333,44,High
23643,0,0.06368382354334533,94,Low
28380,0,0.17215323323212295,83,Medium
27680,0,0.11570136159077841,88,Medium
25983,0,0.6202376168114183,38,High
8372,0,0.1519831304475394,85,Medium
21588,0,0.24075126256415905,76,Medium
20073,0,0.06120456436632562,94,Low
22190,0,0.20819809756306232,79,Medium
502,0,0.5441701934039835,46,High
22867,0,0.34454688908924264,66,High
22955,0,0.04437157444913392,96,Low
18583,0,0.5263369225133405,47,High
15106,0,0.13823655236169843,86,Medium
14549,0,0.09244638008688226,91,Low
6600,0,0.06336410300485308,94,Low
29093,0,0.18318945451559424,82,Medium
10908,1,0.7036209227478527,30,High
21403,1,0.13587468357521748,86,Medium
28181,0,0.10485822527913247,90,Medium
9858,1,0.6653769555273933,33,High
6723,0,0.036588354550306755,96,Low
19510,0,0.046559777522710726,95,Low
5985,0,0.2008266224694357,80,Medium
8562,0,0.20130042177178278,80,Medium
12009,0,0.16338615206998028,84,Medium
2304,1,0.39035255253873746,61,High
8685,0,0.11208697835380987,89,Medium
5183,0,0.052044835573932274,95,Low
2114,1,0.1498589122805678,85,Medium
21632,0,0.07457709962763166,93,Low
28459,0,0.07647696885631142,92,Low
23418,1,0.682509284137948,32,High
7025,0,0.07250533766571586,93,Low
25138,0,0.31110376342690715,69,High
10919,0,0.04950069675146807,95,Low
18297,1,0.4664492970166179,53,High
11198,0,0.6897870560796812,31,High
26815,0,0.16895890242716805,83,Medium
2728,0,0.1353933998146346,86,Medium
9967,0,0.0617929043418328,94,Low
29235,1,0.35304622191074514,65,High
20285,0,0.6146917727853272,39,High
21924,0,0.07468222749499792,93,Low
23783,0,0.4005096107935251,60,High
20896,0,0.06023766592311877,94,Low
2019,0,0.08852771902793315,91,Low
12595,0,0.07878978340873205,92,Low
11761,0,0.20384540692716466,80,Medium
865,0,0.06580952012178466,93,Low
8149,1,0.3764893081770379,62,High
21161,0,0.09640163846481803,90,Low
28105,0,0.3245411347961125,68,High
6264,0,0.09435951223857043,91,Low
4887,0,0.07960943709035358,92,Low
182,0,0.05805116085963553,94,Low
9320,0,0.05799927810651911,94,Low
16368,1,0.19575002242899,80,Medium
6003,1,0.32761110437401725,67,High
7692,0,0.14678657506054224,85,Medium
15696,0,0.1521111950266085,85,Medium
7163,0,0.6497530800519379,35,High
8170,0,0.1349624631584805,87,Medium
23170,0,0.6391197050067852,36,High
4780,0,0.12007294742616399,88,Medium
6426,0,0.0955396348116846,90,Low
24965,0,0.09036949215137337,91,Low
25852,1,0.5563259191720319,44,High
10827,0,0.4237556277695374,58,High
22637,0,0.06637285175668199,93,Low
14646,0,0.2049277285503083,80,Medium
13620,1,0.24974071735465964,75,Medium
11899,0,0.12818585765553092,87,Medium
2322,0,0.5591895119757982,44,High
20824,1,0.146858388254698,85,Medium
28501,0,0.07151518375517911,93,Low
22896,0,0.472684096637692,53,High
1660,0,0.17297685498108173,83,Medium
20751,0,0.2134589722654576,79,Medium
3752,0,0.23600747343681738,76,Medium
15954,0,0.1966765735668259,80,Medium
210,0,0.07516070347094499,92,Low
22511,0,0.1602999996834992,84,Medium
20499,0,0.10666182260915745,89,Medium
5316,0,0.06578476445843995,93,Low
12795,1,0.06694064779562119,93,Low
21927,0,0.07444526185544974,93,Low
11659,1,0.6290267429679545,37,High
3362,0,0.13896605997728131,86,Medium
22738,0,0.15535795926099852,84,Medium
6404,1,0.1840263980399158,82,Medium
5627,1,0.44941247501915443,55,High
27636,1,0.1470664037878061,85,Medium
19269,0,0.10886996128007997,89,Medium
17377,0,0.10898439280724535,89,Medium
3137,0,0.1585871399454988,84,Medium
698,0,0.42880452115348106,57,High
24803,0,0.09747147749394443,90,Low
17752,0,0.2431160163882502,76,Medium
16892,0,0.21761870969736083,78,Medium
13722,0,0.13364518343330603,87,Medium
17879,0,0.2839031416688631,72,High
21189,1,0.12916789247150953,87,Medium
16485,1,0.11200539801309313,89,Medium
10304,0,0.1686635548870298,83,Medium
13421,0,0.038826614165585804,96,Low
29973,0,0.04960308546655435,95,Low
2423,0,0.15654684695267587,84,Medium
5264,0,0.06776830949923751,93,Low
26376,0,0.4188043330765338,58,High
15975,0,0.09511470205509963,90,Low
15264,0,0.1051914036289162,89,Medium
9012,1,0.6274617774153649,37,High
29684,0,0.1866648273030389,81,Medium
20190,0,0.06305211915667518,94,Low
7205,0,0.0723988252441135,93,Low
19316,0,0.5518066536894332,45,High
18316,0,0.06462166256630993,94,Low
3464,0,0.08298722611025294,92,Low
12400,0,0.17520687413259975,82,Medium
3539,1,0.06699029303300118,93,Low
15926,0,0.2999156306117751,70,High
2525,0,0.11574248669698246,88,Medium
803,0,0.13471755667638863,87,Medium
27884,0,0.642268443963936,36,High
29845,0,0.04793731832705248,95,Low
15488,1,0.3752871355311475,62,High
17445,0,0.41820562279726875,58,High
22716,0,0.26884950730122903,73,High
24610,0,0.08642178190437617,91,Low
9045,0,0.04061485741692012,96,Low
12276,0,0.13895886663254337,86,Medium
25633,0,0.13231881174652074,87,Medium
5704,0,0.08548343507570222,91,Low
19899,1,0.6545002486860408,35,High
7421,0,0.20803175902371066,79,Medium
3729,1,0.5390842331925335,46,High
697,0,0.09127616678279298,91,Low
21114,0,0.11481077512922451,89,Medium
12974,0,0.11782715622764119,88,Medium
20465,1,0.6271897649381132,37,High
1785,0,0.06620645347909034,93,Low
1377,0,0.10741965674879835,89,Medium
13239,1,0.43620032131566394,56,High
14067,0,0.4172623890334633,58,High
11612,0,0.0677803873063078,93,Low
18200,0,0.06269926497948314,94,Low
18411,0,0.1718991635062732,83,Medium
10622,0,0.11032184184130216,89,Medium
2,1,0.44094297209099587,56,High
23602,0,0.08457784513218465,92,Low
13517,0,0.3494297049547966,65,High
24970,1,0.7045891932487981,30,High
7209,0,0.2165753133603776,78,Medium
17111,0,0.2546294104566216,75,High
15432,0,0.1214224399534342,88,Medium
3502,0,0.0434314722843907,96,Low
6572,0,0.16978343417803332,83,Medium
27535,0,0.11245911771589291,89,Medium
18859,0,0.1062801342783819,89,Medium
16474,0,0.2368336341370518,76,Medium
18392,0,0.06043338394091946,94,Low
18485,0,0.13341952592662965,87,Medium
25629,0,0.06577034160452709,93,Low
5269,0,0.09160232735997265,91,Low
13014,0,0.2101835498001373,79,Medium
7073,0,0.06833094445445236,93,Low
20358,1,0.24988455820634933,75,Medium
16582,0,0.6648365122745193,34,High
18961,1,0.0906628390730333,91,Low
22227,0,0.09095806398161078,91,Low
9100,0,0.12265093615035899,88,Medium
19504,0,0.1027236822863699,90,Medium
257,0,0.14240647749461208,86,Medium
20835,0,0.17224848854337851,83,Medium
20793,0,0.08551670943649033,91,Low
17213,0,0.20007496952130346,80,Medium
7390,0,0.06175155277758202,94,Low
25269,0,0.07204850103955002,93,Low
18195,0,0.08391441592381188,92,Low
17057,0,0.16015944513409464,84,Medium
21489,0,0.12302210579004903,88,Medium
14723,1,0.7010693164563522,30,High
1385,0,0.10740120519930962,89,Medium
24188,0,0.13971990389140296,86,Medium
1210,1,0.14983257752654883,85,Medium
22764,0,0.059437975500588415,94,Low
18881,0,0.07726662291821629,92,Low
2402,0,0.15621378480504483,84,Medium
2295,1,0.4698299951300277,53,High
17292,1,0.12324307542834183,88,Medium
8627,0,0.35152982227127066,65,High
21457,1,0.06062623387968335,94,Low
7658,0,0.2041549412229936,80,Medium
6590,0,0.16964616153138434,83,Medium
2924,1,0.29899729101917577,70,High
2894,0,0.4644339339502439,54,High
6982,1,0.2660420918877431,73,High
6367,1,0.2481520728331288,75,Medium
2707,1,0.6318306484113028,37,High
13826,0,0.1642603134606019,84,Medium
11946,0,0.2855754787409433,71,High
886,0,0.11975261627373217,88,Medium
25619,0,0.07391868124932272,93,Low
12247,0,0.12533376796384,87,Medium
16192,1,0.6594585449868487,34,High
7122,0,0.06677385085784054,93,Low
17753,0,0.0915369358398417,91,Low
23137,0,0.04419594545101994,96,Low
2009,1,0.2169380441011127,78,Medium
2146,0,0.10888175789604464,89,Medium
20957,0,0.050608333387612746,95,Low
11932,0,0.07586966730286872,92,Low
26216,0,0.19905887881432602,80,Medium
10313,0,0.07099546928070555,93,Low
11480,0,0.04723559702217082,95,Low
5500,0,0.042289527311179125,96,Low
8703,0,0.06026645605240751,94,Low
7398,1,0.4458026334187404,55,High
13746,0,0.41685328585800613,58,High
13681,0,0.6272049222283811,37,High
7764,0,0.1059178104451599,89,Medium
16973,1,0.44800489187542275,55,High
6548,0,0.08685917625404903,91,Low
6634,0,0.06327844166141368,94,Low
18591,0,0.06879681108540274,93,Low
9493,1,0.5028592525996183,50,High
13329,1,0.06827700100702162,93,Low
13333,0,0.15998589191675752,84,Medium
14880,0,0.05645783036591368,94,Low
2808,0,0.2888861231985375,71,High
17120,0,0.04717304688621269,95,Low
3160,0,0.11260761902884071,89,Medium
14927,0,0.04578246571313408,95,Low
6332,1,0.6019546509539956,40,High
22019,0,0.12135008275110797,88,Medium
3745,0,0.04553641206723477,95,Low
7091,0,0.07149834231757837,93,Low
20257,0,0.18895375950811766,81,Medium
6654,1,0.0866968344341769,91,Low
1535,0,0.0984805237022595,90,Low
29617,0,0.05150883851086149,95,Low
14354,0,0.16105501154415383,84,Medium
16112,0,0.0517873144086527,95,Low
18998,0,0.23027001505173308,77,Medium
27867,0,0.1588641108394231,84,Medium
23863,0,0.22452138783726014,78,Medium
1567,0,0.06448669366560403,94,Low
20652,1,0.5282591924358034,47,High
1404,0,0.07394979715503057,93,Low
14903,0,0.07538773967215041,92,Low
13474,0,0.05651467018493118,94,Low
9379,0,0.05110508878005913,95,Low
10033,1,0.1532631091935798,85,Medium
24116,0,0.3361982085210042,66,High
9001,0,0.15237813070384473,85,Medium
26918,0,0.16555533732487016,83,Medium
4047,0,0.2225187620305521,78,Medium
23277,0,0.04984468420353969,95,Low
10169,0,0.050410452892710005,95,Low
18220,1,0.4201766546722942,58,High
11510,0,0.0672054368424101,93,Low
29718,1,0.14830980726337334,85,Medium
18422,1,0.24305706702806532,76,Medium
15321,1,0.1571286500227993,84,Medium
3268,0,0.044801226197080775,96,Low
28609,0,0.16795893015140195,83,Medium
5233,0,0.5224834044744644,48,High
17636,0,0.06285931224325657,94,Low
6218,0,0.43456343371211353,57,High
22417,0,0.6815912506602375,32,High
1085,0,0.11039606132270842,89,Medium
22454,0,0.0886659688667291,91,Low
7150,0,0.15148727757264013,85,Medium
29868,0,0.12797586879224557,87,Medium
27916,1,0.5961282804801206,40,High
9934,1,0.11228738047880012,89,Medium
17999,0,0.2670647788258752,73,High
19087,0,0.06892993744534101,93,Low
16534,0,0.14342406522355602,86,Medium
7241,0,0.0767365166763092,92,Low
16246,0,0.1984785460380971,80,Medium
3414,1,0.5331338002031364,47,High
9802,1,0.053977839103577445,95,Low
23949,0,0.1188265139261766,88,Medium
23502,0,0.5116375400422198,49,High
2952,0,0.15827114706136222,84,Medium
8325,0,0.06483092641981301,94,Low
5287,1,0.05147614103968764,95,Low
21012,0,0.12337988748099926,88,Medium
23882,0,0.14962253390272195,85,Medium
11587,0,0.4061654979566655,59,High
12887,1,0.07218403712881702,93,Low
16344,1,0.3275683202856692,67,High
9287,1,0.7108900419221674,29,High
19339,0,0.05683369322999241,94,Low
343,0,0.3185435100565307,68,High
29259,0,0.3045928510696985,70,High
12696,0,0.24457333649792057,76,Medium
26839,0,0.057368182002344496,94,Low
18106,0,0.09525619029688843,90,Low
14032,0,0.21509403748814634,78,Medium
4373,1,0.06470443919732993,94,Low
7168,0,0.1347095796118614,87,Medium
29748,1,0.6680072757760284,33,High
23749,0,0.31676335341231726,68,High
16520,1,0.4358127910265875,56,High
2242,1,0.6201863595213929,38,High
13714,1,0.29870065258013967,70,High
5054,0,0.04703095609707784,95,Low
4690,0,0.4223861044364683,58,High
24321,0,0.048218557833781754,95,Low
6604,0,0.07428936570213933,93,Low
28395,0,0.08755696605634301,91,Low
25610,0,0.11836432679537011,88,Medium
27958,0,0.6865837809516481,31,High
986,1,0.10674874790786125,89,Medium
18048,1,0.47754875204460334,52,High
7194,1,0.17258126455992237,83,Medium
15807,0,0.09945309021128823,90,Low
7276,0,0.2479119562585498,75,Medium
10329,0,0.3511859128222534,65,High
1465,0,0.06168007736657929,94,Low
24733,0,0.3756012899940801,62,High
239,1,0.12398415243261006,88,Medium
19241,0,0.08888547399996778,91,Low
12874,1,0.1808164196687947,82,Medium
21901,1,0.6228491403268899,38,High
8809,1,0.5812773633662491,42,High
25882,0,0.08951646605924106,91,Low
15770,0,0.2999156306117751,70,High
28898,0,0.06579722871593581,93,Low
18510,0,0.2810319646298685,72,High
5315,0,0.1703662340522806,83,Medium
17307,0,0.34806282871906596,65,High
20356,0,0.21860794251426227,78,Medium
9447,0,0.2583282643457449,74,High
5288,0,0.06347203643948555,94,Low
12579,0,0.03973832047383005,96,Low
1541,1,0.4645688232293064,54,High
14337,0,0.053014922203826816,95,Low
16633,0,0.27300439495869533,73,High
3534,1,0.2971977671443217,70,High
10044,0,0.30787212551765414,69,High
25529,0,0.10323953758636877,90,Medium
8789,1,0.6306245339347205,37,High
19486,1,0.6859536410643177,31,High
4608,0,0.08953202670326608,91,Low
12931,1,0.4611473994493538,54,High
13131,0,0.17772020451446324,82,Medium
25186,0,0.6738883118800754,33,High
1271,0,0.13611771095641592,86,Medium
508,0,0.12802012254832004,87,Medium
22360,0,0.04658579276183319,95,Low
20746,0,0.16213804858741296,84,Medium
9131,1,0.644446176430085,36,High
2454,0,0.2000115852946157,80,Medium
3184,0,0.06971901159253054,93,Low
4071,0,0.06559995289113561,93,Low
9386,1,0.6267847383332844,37,High
8621,0,0.1167620140148758,88,Medium
707,0,0.3931414296471016,61,High
9500,0,0.28040528300473483,72,High
12053,0,0.11861412165397549,88,Medium
13021,1,0.674631477095951,33,High
12554,1,0.17391101937151965,83,Medium
22081,1,0.6984718079244697,30,High
9498,0,0.047680803759338725,95,Low
16250,0,0.15451832777230393,85,Medium
11227,0,0.056831639113840905,94,Low
26398,0,0.08632448615007687,91,Low
10722,0,0.22532955713986377,77,Medium
18809,0,0.06844505453606992,93,Low
4039,0,0.1592602752370181,84,Medium
28591,1,0.3852209935586746,61,High
2096,0,0.16086674134397572,84,Medium
24938,1,0.350001557119003,65,High
9329,1,0.6867280477738058,31,High
15259,0,0.32647762687132514,67,High
7314,1,0.22835249446601188,77,Medium
22306,0,0.06538500760472964,93,Low
13596,0,0.13759530995245817,86,Medium
25385,1,0.6815621859754303,32,High
24722,0,0.21450739189263665,79,Medium
11040,0,0.42312485944092315,58,High
13998,1,0.4462711075665942,55,High
15067,0,0.11939533555784178,88,Medium
28624,0,0.1826827900196044,82,Medium
16363,0,0.3882189355494816,61,High
6186,0,0.08494664187162249,92,Low
11950,0,0.2491106707679874,75,Medium
16278,0,0.06308824337329498,94,Low
25437,0,0.08793383754845661,91,Low
5878,0,0.06771547637329915,93,Low
10356,0,0.06558313995521987,93,Low
23100,1,0.5334690665453663,47,High
8072,0,0.2821733486913342,72,High
22367,0,0.1378991220498538,86,Medium
13079,0,0.13586815056101728,86,Medium
21779,1,0.11876261977597609,88,Medium
18761,0,0.13574108791545456,86,Medium
1247,1,0.6845224107776952,32,High
26875,0,0.05512867527490122,94,Low
24309,0,0.07794374727459889,92,Low
12223,1,0.5706599045108309,43,High
23519,0,0.11647684567124823,88,Medium
27697,1,0.5868972906198887,41,High
9749,0,0.16576736164382563,83,Medium
23914,0,0.27518080890696267,72,High
26295,1,0.2959612932381379,70,High
2566,0,0.13534684001646605,86,Medium
5585,0,0.19585752404241863,80,Medium
25666,0,0.19332847535314346,81,Medium
5356,0,0.14403166049681265,86,Medium
24796,0,0.059330355995283794,94,Low
21451,0,0.07380544468337984,93,Low
10488,1,0.1041875892666878,90,Medium
17296,0,0.06748135705047957,93,Low
11935,0,0.06915640679658273,93,Low
7154,0,0.2913238675511732,71,High
4778,1,0.32607707959289584,67,High
27766,0,0.28303262295153736,72,High
11989,0,0.21658984483277652,78,Medium
28364,0,0.41117827060785,59,High
4849,0,0.0886951325050618,91,Low
18888,0,0.10573877509279156,89,Medium
9496,0,0.1425966038897661,86,Medium
11978,0,0.684304697477793,32,High
24616,0,0.07935567380946519,92,Low
7007,0,0.17893533581349938,82,Medium
14937,1,0.08976332050149897,91,Low
20864,0,0.12845868130846144,87,Medium
674,1,0.71642009022982,28,High
27690,0,0.22439389984166588,78,Medium
20658,0,0.24194083131593702,76,Medium
23325,0,0.09424444938784593,91,Low
17768,0,0.1021502854892597,90,Medium
5969,0,0.076837353246696,92,Low
7095,1,0.15729455280750504,84,Medium
21046,0,0.08460693468203966,92,Low
20502,0,0.13765878957628983,86,Medium
23352,0,0.12419461874155192,88,Medium
2362,0,0.0688670725071841,93,Low
4661,0,0.11014296912711811,89,Medium
15465,0,0.06858765257503376,93,Low
13035,0,0.0975818676773496,90,Low
28915,0,0.11795713532478835,88,Medium
27153,0,0.05057507975164988,95,Low
23663,1,0.6965256162214826,30,High
21732,0,0.07290543635691837,93,Low
6199,0,0.383718225593962,62,High
17770,0,0.09562990255960403,90,Low
6719,0,0.09933078631960975,90,Low
15923,1,0.6542902515318594,35,High
20968,1,0.620850332779992,38,High
17175,1,0.6652177229254076,33,High
6014,0,0.16554191198664422,83,Medium
28989,1,0.4090081939726708,59,High
9527,0,0.0728430464849349,93,Low
22980,0,0.09036753595923491,91,Low
7334,0,0.19687747620157256,80,Medium
16883,0,0.0724916092123072,93,Low
13719,0,0.42060740759260584,58,High
12471,0,0.5369956172314883,46,High
9252,0,0.3537278696257311,65,High
25149,0,0.07628582335014068,92,Low
1483,0,0.05841087658625243,94,Low
3641,0,0.689273447128009,31,High
22197,0,0.0474126206020623,95,Low
21834,1,0.6772023690340193,32,High
25996,1,0.647933531740976,35,High
25061,0,0.08383312502210634,92,Low
20089,0,0.04752274656034258,95,Low
23385,1,0.5901223493180816,41,High
25623,0,0.46864563405667986,53,High
28227,0,0.055399199124318545,94,Low
7402,0,0.2051620360143046,79,Medium
24752,0,0.15378787268621733,85,Medium
17589,0,0.23163275151378063,77,Medium
18180,0,0.4028895857588561,60,High
29915,0,0.06001154380605533,94,Low
961,1,0.36036100196363763,64,High
588,1,0.17513521552071784,82,Medium
14221,1,0.703258957790097,30,High
27490,0,0.14684326728195726,85,Medium
2687,0,0.055417880834170596,94,Low
3556,0,0.10372676589230052,90,Medium
16328,0,0.3083830253273293,69,High
9023,0,0.24862830573702824,75,Medium
11696,0,0.18361753398590422,82,Medium
17231,1,0.6907873886652895,31,High
9924,0,0.13953153907557345,86,Medium
2501,1,0.04286270479746943,96,Low
12377,0,0.12744739653132645,87,Medium
28299,0,0.15855718948977646,84,Medium
20993,1,0.6810578532960115,32,High
14235,0,0.049567901485134125,95,Low
6733,0,0.08286308093325674,92,Low
23252,0,0.14073804476308352,86,Medium
16666,0,0.05324870850633614,95,Low
18358,0,0.5762693262564599,42,High
29599,1,0.11935220157838648,88,Medium
16263,0,0.049012037120654044,95,Low
12164,0,0.6091583890841649,39,High
17461,1,0.4607198959427658,54,High
11464,0,0.16515856028536513,83,Medium
2680,0,0.15008795583493248,85,Medium
23680,0,0.4224203055742933,58,High
24668,0,0.06956698335656382,93,Low
20419,0,0.08664548203558935,91,Low
1759,0,0.09633934650781285,90,Low
9210,0,0.10421579646690533,90,Medium
3838,0,0.11659730307356646,88,Medium
8749,0,0.08318704887927167,92,Low
24847,1,0.4237556277695374,58,High
2301,0,0.6769280406892144,32,High
13251,0,0.26376756278497043,74,High
24191,0,0.04806414684722376,95,Low
11445,0,0.1695640895250815,83,Medium
2689,1,0.12812105826183243,87,Medium
5671,0,0.38225731746247504,62,High
22010,0,0.08075092199460461,92,Low
17731,0,0.2123037717060147,79,Medium
105,0,0.6431251428924195,36,High
2455,0,0.045319328109967326,95,Low
24146,0,0.0491091731498115,95,Low
20170,0,0.05354257580943982,95,Low
6152,0,0.26258186953534984,74,High
22600,0,0.04217456051906257,96,Low
14447,1,0.694104976368601,31,High
28207,1,0.416159988630667,58,High
20837,0,0.08048801741752178,92,Low
11287,0,0.2576847082887919,74,High
18166,0,0.15769460238249697,84,Medium
27463,0,0.039553036201686965,96,Low
3841,0,0.15160361435848071,85,Medium
13340,0,0.04279790710074203,96,Low
21807,0,0.13738775244089732,86,Medium
6065,0,0.16687892492381273,83,Medium
22397,0,0.10358408748792819,90,Medium
23897,0,0.07710449664818803,92,Low
17775,1,0.6683288808636427,33,High
250,0,0.10778864136008558,89,Medium
29409,1,0.5358428283139234,46,High
2726,0,0.41598568116738727,58,High
23227,0,0.10001214231089887,90,Medium
15862,1,0.7023433753588805,30,High
25851,1,0.34641926569959475,65,High
24265,0,0.1632312355061544,84,Medium
6947,1,0.555526521867086,44,High
20144,0,0.03888818082565824,96,Low
22753,0,0.10110917994882113,90,Medium
20573,1,0.4084420076741692,59,High
10140,1,0.05890580341156613,94,Low
23144,0,0.12057135862888657,88,Medium
8357,0,0.1478778957488855,85,Medium
1990,1,0.160152981734304,84,Medium
3077,1,0.08885531600542919,91,Low
11895,0,0.14410214656443457,86,Medium
10466,0,0.044740260171199676,96,Low
29769,0,0.12650808130163416,87,Medium
29453,1,0.3250923509263459,67,High
20913,0,0.3083830253273293,69,High
26767,0,0.1728166085977408,83,Medium
29652,1,0.556629531552933,44,High
27871,0,0.20524764908724488,79,Medium
11317,0,0.08247776037307213,92,Low
5676,0,0.2564995333562185,74,High
23434,0,0.12220018337001715,88,Medium
23337,0,0.08956121208695465,91,Low
24647,1,0.11072966525178007,89,Medium
20738,0,0.5396911295352026,46,High
15498,1,0.5289675384691258,47,High
29261,0,0.3344288112223592,67,High
20084,0,0.4224203055742933,58,High
12375,1,0.6779689022264409,32,High
17686,1,0.5826246337270712,42,High
5678,0,0.19111522621609164,81,Medium
22808,0,0.0803059658361051,92,Low
28528,0,0.05724594933611349,94,Low
18264,1,0.08045646279618647,92,Low
8246,0,0.1439905689438179,86,Medium
10036,0,0.09811751655445346,90,Low
10444,0,0.047641118594472814,95,Low
1417,0,0.1881419840847305,81,Medium
327,1,0.48604353328976896,51,High
7996,0,0.06859773422438438,93,Low
7440,1,0.4424617348575406,56,High
23884,0,0.26230738448492197,74,High
21033,0,0.18090323337213976,82,Medium
19547,0,0.18011465313707586,82,Medium
9336,0,0.051742783841546215,95,Low
22627,0,0.07407050836541881,93,Low
7099,0,0.10076115542673986,90,Medium
17178,0,0.19205075697780125,81,Medium
27475,0,0.05001555640980335,95,Low
21204,1,0.39673717186474144,60,High
25940,0,0.07441061350512794,93,Low
29928,0,0.06535848067128723,93,Low
4731,0,0.04764519654475378,95,Low
14090,0,0.07654841465188657,92,Low
21559,0,0.2704136356912513,73,High
10593,0,0.20078407167259105,80,Medium
23273,0,0.2794464706909763,72,High
14663,0,0.04656835627283191,95,Low
27957,0,0.08009684782867131,92,Low
15900,0,0.11296667022000317,89,Medium
22494,0,0.11210346186850419,89,Medium
23177,0,0.0691967066496419,93,Low
2300,0,0.13928180736277407,86,Medium
353,1,0.462440121535749,54,High
17837,1,0.7110137517521343,29,High
3506,0,0.0969758027385758,90,Low
15025,0,0.3327847915907544,67,High
21709,0,0.5031907712184398,50,High
26656,0,0.3708816214823651,63,High
2616,0,0.06072671171179309,94,Low
27606,0,0.26604686732442956,73,High
9695,1,0.6940580998764281,31,High
24275,0,0.043477689182064794,96,Low
27706,0,0.08096057450399662,92,Low
21271,0,0.08943944398832114,91,Low
247,0,0.06388347252425429,94,Low
28077,1,0.5925281386855351,41,High
25175,1,0.39774114859964776,60,High
9589,0,0.062190033045464006,94,Low
7300,0,0.07736138491851055,92,Low
19080,0,0.07876985452665347,92,Low
7799,0,0.28786918591528055,71,High
21961,1,0.7152002457430311,28,High
12198,1,0.274652308899769,73,High
13705,0,0.04629521352874216,95,Low
12797,1,0.49590657442207814,50,High
10863,0,0.22029512084771327,78,Medium
7322,0,0.041818757262847256,96,Low
18884,0,0.4237556277695374,58,High
7061,0,0.33652658016861864,66,High
20255,1,0.7186187497385538,28,High
23435,0,0.10333879107295557,90,Medium
9211,1,0.19659106520347394,80,Medium
11349,0,0.07659851545259275,92,Low
15178,0,0.34202060412968277,66,High
6398,0,0.06743830793380527,93,Low
17149,0,0.6079517594115993,39,High
1096,0,0.07746701132332275,92,Low
15946,0,0.05425470781142292,95,Low
4895,0,0.2965640028055703,70,High
22844,1,0.16585678740294652,83,Medium
13671,0,0.20470843748381182,80,Medium
16104,0,0.5633331163299063,44,High
11555,1,0.5382019793721443,46,High
19668,0,0.6316597892502891,37,High
19832,1,0.4348741438129622,57,High
2445,0,0.24490545839685093,76,Medium
4058,0,0.26735977217848855,73,High
391,0,0.4571571885863126,54,High
17507,0,0.21713461071430493,78,Medium
27946,0,0.25987961658629655,74,High
4311,0,0.20344775216455693,80,Medium
22312,0,0.1447329571547276,86,Medium
27363,0,0.1305363098449576,87,Medium
578,0,0.26146815797732326,74,High
16365,0,0.12105465416013957,88,Medium
485,0,0.17714970201930638,82,Medium
2897,0,0.41443727977143147,59,High
21212,0,0.0605191027820717,94,Low
20547,0,0.0623787992581108,94,Low
18472,0,0.24757074651092129,75,Medium
18751,0,0.06796960329394246,93,Low
24380,0,0.0816103415932452,92,Low
24891,0,0.28636807973251094,71,High
4263,1,0.5907580132343698,41,High
3708,0,0.1391801325160589,86,Medium
17870,0,0.05623909303402518,94,Low
5177,0,0.04857986470273424,95,Low
12199,0,0.07647563173717285,92,Low
18041,0,0.14621768310625272,85,Medium
27450,0,0.1785545955075544,82,Medium
5091,0,0.1507151662933603,85,Medium
8724,0,0.6976692449932336,30,High
1329,0,0.08025075372909196,92,Low
7892,0,0.07050005753124196,93,Low
9334,0,0.045013796202119476,95,Low
1402,0,0.6201667963041945,38,High
25421,1,0.5254085337714802,47,High
23255,0,0.08164121153225129,92,Low
13120,0,0.05975247737500635,94,Low
17621,0,0.12922588484683542,87,Medium
26476,1,0.2598767372524263,74,High
15100,0,0.10692970766468414,89,Medium
29632,0,0.14519102830432698,85,Medium
2582,0,0.2888674432322551,71,High
29571,1,0.7122577699705922,29,High
29959,0,0.09962860524064858,90,Low
23777,0,0.10156379525168217,90,Medium
19616,0,0.13248103258060837,87,Medium
5353,0,0.496572982292701,50,High
13034,0,0.08642747393618194,91,Low
25301,0,0.12690022248430555,87,Medium
15285,0,0.05340786926543928,95,Low
6228,0,0.19104088957436116,81,Medium
6827,0,0.25619691919525417,74,High
3333,1,0.13602581795407118,86,Medium
5666,1,0.11342075131532998,89,Medium
15235,1,0.17283178972520596,83,Medium
11782,0,0.07095359985859401,93,Low
24729,0,0.07516616953371119,92,Low
25811,0,0.050307750295605747,95,Low
6090,0,0.4356197374952717,56,High
3591,0,0.2841718907348322,72,High
15202,1,0.7005412873817766,30,High
1023,0,0.10521569020853123,89,Medium
14823,1,0.229999502786688,77,Medium
2932,0,0.2368251596710739,76,Medium
706,1,0.12533618845754838,87,Medium
18255,0,0.12778001894431246,87,Medium
13933,0,0.5970332569038245,40,High
13798,0,0.48581293355232197,51,High
23590,0,0.07799234218803329,92,Low
20699,1,0.10314449809633519,90,Medium
14693,1,0.45495506328955354,55,High
19310,0,0.05516010486742864,94,Low
22103,0,0.08310550584669923,92,Low
10076,1,0.1818795022105233,82,Medium
11043,0,0.08420862943310024,92,Low
285,0,0.061726299975250885,94,Low
17797,0,0.11774614223176509,88,Medium
21449,0,0.07337543388922327,93,Low
6929,0,0.08253082505916154,92,Low
21791,0,0.12712932433982496,87,Medium
22440,0,0.06945092247963792,93,Low
12525,0,0.6931645614801129,31,High
8209,1,0.07390080166408618,93,Low
10521,0,0.35091011364593866,65,High
28894,0,0.2987826530098941,70,High
18366,0,0.18050387687701142,82,Medium
3304,0,0.04407402800747451,96,Low
5021,0,0.04697996785801745,95,Low
9016,0,0.08148481124144126,92,Low
13084,1,0.6945414744292538,31,High
6921,1,0.1770207853416348,82,Medium
21995,0,0.0657314136193578,93,Low
6229,1,0.5887762353927993,41,High
12751,1,0.6164877370551864,38,High
22353,0,0.19485619872707463,81,Medium
3116,0,0.22468217898072895,78,Medium
14960,0,0.3059666783791574,69,High
12568,0,0.06696757550829491,93,Low
2643,0,0.2707036862061865,73,High
7207,0,0.2612395115784851,74,High
29727,1,0.7158595077762734,28,High
8775,0,0.13284319630280186,87,Medium
525,0,0.054183800268747,95,Low
3492,0,0.047521538071543856,95,Low
22901,1,0.7021999722742857,30,High
15532,1,0.5470138333855774,45,High
9426,0,0.43848092037784947,56,High
16456,0,0.6650900814543564,33,High
9400,1,0.12550654884931378,87,Medium
17937,0,0.15381490105115622,85,Medium
21840,0,0.0810403153279071,92,Low
18559,0,0.06369757271043092,94,Low
22125,1,0.7090507898997358,29,High
25520,0,0.14254817606275796,86,Medium
1139,0,0.23631222571055321,76,Medium
17994,0,0.04812249876046748,95,Low
13616,0,0.24268785674915816,76,Medium
6354,0,0.2063122467153133,79,Medium
8225,0,0.5391323118306038,46,High
306,0,0.14716859817545536,85,Medium
19009,0,0.04026436888906907,96,Low
8530,0,0.06072599143463544,94,Low
27545,0,0.5114978081832856,49,High
5593,0,0.6853373540629976,31,High
6216,0,0.3693254576608867,63,High
18435,0,0.0820258092862846,92,Low
7411,0,0.24632257610854713,75,Medium
12217,1,0.6975426389870903,30,High
22756,1,0.08171459610119552,92,Low
27461,0,0.10432813765460373,90,Medium
10236,0,0.07918700962730489,92,Low
13005,0,0.1572507110894916,84,Medium
7792,0,0.20229078293512592,80,Medium
29970,0,0.05547880609091486,94,Low
28242,0,0.1498618930136735,85,Medium
21144,1,0.11628402177706519,88,Medium
15550,0,0.04452501751317995,96,Low
27186,0,0.19606262283244003,80,Medium
12635,0,0.04365317358797564,96,Low
23630,0,0.101657224954995,90,Medium
5547,0,0.17824167458005366,82,Medium
9002,0,0.0826349366125248,92,Low
29117,0,0.17783083407919276,82,Medium
15254,0,0.043958405562998855,96,Low
15226,1,0.4697521280759509,53,High
22518,0,0.1770939385257304,82,Medium
11066,0,0.18594512568922028,81,Medium
19878,0,0.16360922771673905,84,Medium
18198,0,0.05731457105942639,94,Low
4857,0,0.14652841823342425,85,Medium
3913,0,0.12232868903380854,88,Medium
21250,0,0.1021368313135409,90,Medium
27500,1,0.7174465656672325,28,High
10517,0,0.08016267296503177,92,Low
4805,0,0.0894334505250148,91,Low
26736,0,0.10113555490711007,90,Medium
729,0,0.06023419429340112,94,Low
28993,0,0.10403648887192408,90,Medium
23506,1,0.5726227558376132,43,High
19331,0,0.05727605924398743,94,Low
217,1,0.23802268676883523,76,Medium
18497,0,0.060385282495134696,94,Low
23221,0,0.43304360487618804,57,High
11280,0,0.20661101970682302,79,Medium
224,0,0.04062936755425143,96,Low
17912,1,0.23393550589391207,77,Medium
25532,0,0.33037513995850143,67,High
19343,0,0.4150307974580751,58,High
21398,0,0.11619858027328651,88,Medium
22386,1,0.07860471578455584,92,Low
11550,1,0.11800377336026087,88,Medium
21790,1,0.6792937886753613,32,High
29142,0,0.043937743310655863,96,Low
5517,0,0.6335075530625334,37,High
20191,0,0.04973324242183161,95,Low
3129,0,0.3754191726421694,62,High
27859,1,0.6038274317646358,40,High
13113,0,0.10048729332306812,90,Medium
7157,0,0.16469650792982807,84,Medium
22062,0,0.0902750512074077,91,Low
17435,0,0.20384293467603862,80,Medium
8852,0,0.1271403940401337,87,Medium
6503,0,0.11065457115370148,89,Medium
7984,0,0.09652848618881514,90,Low
1066,0,0.08047836186064039,92,Low
17988,0,0.04608868276251906,95,Low
9465,0,0.08747165436579322,91,Low
28188,1,0.32592186194076583,67,High
21684,0,0.16321104477459636,84,Medium
29642,0,0.07110762267090852,93,Low
5370,0,0.07452420466299925,93,Low
15989,1,0.10087842428556197,90,Medium
2318,0,0.13308050761084267,87,Medium
4008,0,0.27375421432021135,73,High
16842,0,0.13866767176576342,86,Medium
1504,0,0.18357164750447316,82,Medium
10456,0,0.11258206629772793,89,Medium
9767,0,0.22215479681113917,78,Medium
7059,0,0.10119820784192107,90,Medium
29614,0,0.07076734850292674,93,Low
4977,0,0.3333158730028187,67,High
2748,0,0.07589944721386412,92,Low
28481,0,0.2808817952393816,72,High
14533,0,0.0805758879476471,92,Low
2172,0,0.06193496196363338,94,Low
14304,0,0.3453190230017044,65,High
27694,0,0.3148645785704782,69,High
12628,1,0.1880621049368056,81,Medium
4878,0,0.08864636763166105,91,Low
14922,0,0.07494846479819098,93,Low
5947,1,0.05587048241005955,94,Low
4382,0,0.23042763265929866,77,Medium
13652,0,0.23318591889602847,77,Medium
9478,1,0.13676570853820105,86,Medium
8188,1,0.13655160217716164,86,Medium
12278,0,0.06679918813140918,93,Low
26881,0,0.6544273343108826,35,High
3585,0,0.05566855877983395,94,Low
14197,0,0.06268207870444856,94,Low
24989,1,0.5513599151250645,45,High
10233,1,0.3279911151687492,67,High
11216,0,0.08478765375671986,92,Low
9591,0,0.1490874627106479,85,Medium
7464,0,0.0903026597221082,91,Low
16388,0,0.04980380402765655,95,Low
20932,0,0.059133218195436016,94,Low
13484,0,0.09951749265122563,90,Low
3702,0,0.07208967984102771,93,Low
572,0,0.14874853167482244,85,Medium
14874,1,0.4832821306154264,52,High
17276,0,0.16332017745744012,84,Medium
10463,0,0.046168481208763885,95,Low
26622,0,0.16136495690470345,84,Medium
5840,0,0.15069537910059286,85,Medium
21102,0,0.39747907052866643,60,High
25855,0,0.11868425131172743,88,Medium
2752,0,0.3405498034620756,66,High
5750,0,0.19424158202179917,81,Medium
4104,0,0.09776967206162605,90,Low
338,0,0.14647168945078473,85,Medium
9570,0,0.4122695618959569,59,High
13539,0,0.15632957431859054,84,Medium
18747,0,0.20035104638469647,80,Medium
1036,1,0.5782567771281104,42,High
7925,0,0.10808164128137514,89,Medium
2334,0,0.36791487854813737,63,High
16907,0,0.08706843481138381,91,Low
3697,0,0.1147566823355816,89,Medium
17061,1,0.19411220111832075,81,Medium
9898,1,0.20470344973427243,80,Medium
668,0,0.21950515946363047,78,Medium
25176,0,0.4045549013356819,60,High
26679,0,0.1448083582024607,86,Medium
12140,0,0.12162528749488667,88,Medium
16472,0,0.05596923642200435,94,Low
852,0,0.4584995497305897,54,High
26221,0,0.3211478663469502,68,High
27496,1,0.14975954968539817,85,Medium
25455,0,0.11184727954777941,89,Medium
6986,0,0.12263312441931158,88,Medium
23388,1,0.09751364248980177,90,Low
29392,1,0.3925212281145456,61,High
1295,0,0.14457567001285068,86,Medium
10644,0,0.27829784397222523,72,High
15152,1,0.6284576862873023,37,High
3046,0,0.2962948233565157,70,High
22699,0,0.11247788452332126,89,Medium
11210,0,0.12293867451070871,88,Medium
13750,0,0.16034158277263813,84,Medium
13819,0,0.043749906738260576,96,Low
28267,0,0.13914778136666137,86,Medium
22733,0,0.0465519554407861,95,Low
26822,0,0.09142880100603239,91,Low
6609,0,0.4086517448251106,59,High
24155,1,0.6390734009879772,36,High
11749,0,0.6051797320757264,39,High
12702,0,0.1635778828696364,84,Medium
3952,0,0.10269145159920173,90,Medium
21113,0,0.32338029385624883,68,High
10634,0,0.0949017753576018,91,Low
19334,0,0.1552675074534022,84,Medium
15199,0,0.057914220494499326,94,Low
27473,0,0.09503455400723715,90,Low
1092,0,0.0910478442429943,91,Low
11403,0,0.1063124124126757,89,Medium
16623,1,0.680315366376659,32,High
1507,0,0.29507179175471354,70,High
14645,0,0.22916283012010644,77,Medium
6038,0,0.09396397684580292,91,Low
2562,0,0.21619967004656923,78,Medium
25643,0,0.33435310706317356,67,High
18519,1,0.6853919542281579,31,High
11406,0,0.053498513814306974,95,Low
12195,1,0.20619721745193575,79,Medium
2794,0,0.09395846950887417,91,Low
10281,0,0.05841380076024,94,Low
25943,0,0.43268502944219694,57,High
17978,0,0.06385517210518059,94,Low
25108,0,0.14873117845898565,85,Medium
6107,0,0.39533044768125936,60,High
11329,0,0.06749302361595776,93,Low
630,0,0.10473147943546972,90,Medium
27001,0,0.32085628861679893,68,High
2661,1,0.18437541613429545,82,Medium
1475,1,0.07973182999023458,92,Low
12416,0,0.10758996847250502,89,Medium
25664,0,0.08099157525818688,92,Low
6464,0,0.05840977389794067,94,Low
15626,0,0.14556362832859296,85,Medium
7716,0,0.11770491540646066,88,Medium
14629,1,0.15179161240315578,85,Medium
19546,0,0.6443465801440919,36,High
18192,0,0.14212534778947225,86,Medium
27532,0,0.052270981575309294,95,Low
24449,1,0.5996449658279036,40,High
22253,0,0.04612310826318359,95,Low
7669,0,0.16622172056655304,83,Medium
17012,0,0.33669792584804786,66,High
4632,0,0.1722784445025065,83,Medium
17241,0,0.33284539828928755,67,High
8439,0,0.0818487446317457,92,Low
13305,0,0.044586217475149154,96,Low
28309,0,0.13612584710006057,86,Medium
28833,0,0.07032397544129398,93,Low
5532,0,0.23970063549548706,76,Medium
3917,1,0.6214214988336021,38,High
10065,1,0.16386982234796146,84,Medium
24289,0,0.059056192289619204,94,Low
28172,0,0.10586819291474255,89,Medium
6674,0,0.4828993156514443,52,High
22586,0,0.27731212837296954,72,High
25345,0,0.1563470743722277,84,Medium
23197,0,0.05224381843630151,95,Low
1177,0,0.16731833787852202,83,Medium
4607,1,0.19263898139801705,81,Medium
15888,0,0.05991579610812365,94,Low
3695,1,0.6739231821831485,33,High
17196,0,0.07128886905469874,93,Low
7104,0,0.035938247587090306,96,Low
28813,0,0.07629019328500823,92,Low
9394,0,0.07808019872423116,92,Low
25221,0,0.6297601335006471,37,High
27591,0,0.06765720182607649,93,Low
7923,1,0.42260050145945854,58,High
11099,0,0.6265092229943064,37,High
23410,0,0.06480886522707245,94,Low
1217,0,0.07086323578819943,93,Low
679,0,0.10838493453880448,89,Medium
7039,0,0.11778907512452146,88,Medium
25747,0,0.16721675457563992,83,Medium
1403,1,0.12829450224452732,87,Medium
22239,0,0.09571619975934008,90,Low
21718,0,0.17021298802935225,83,Medium
26172,0,0.13606826278003656,86,Medium
1430,0,0.1051060037113587,89,Medium
21445,0,0.078754050436606,92,Low
22951,1,0.44448999972013326,56,High
1950,0,0.04944831134332714,95,Low
757,0,0.07203549664071818,93,Low
1560,1,0.12420130230764743,88,Medium
29316,0,0.06358094529664632,94,Low
13247,0,0.05091634781888426,95,Low
23754,0,0.13387679267866623,87,Medium
27767,1,0.4019432882256834,60,High
14072,1,0.4796481222739775,52,High
15300,0,0.054460640323824,95,Low
17663,0,0.05750198751762651,94,Low
12273,0,0.050497252348588074,95,Low
14683,0,0.4764346163964685,52,High
18389,0,0.08670802782612645,91,Low
29484,1,0.052292921380155725,95,Low
18572,0,0.23663270598293354,76,Medium
5108,1,0.2567025514313382,74,High
18140,0,0.05899399821448506,94,Low
7575,0,0.20598673376811938,79,Medium
11821,0,0.18196303246077375,82,Medium
15303,1,0.13099611614505663,87,Medium
12619,0,0.12066129053896284,88,Medium
9553,0,0.15578677648990905,84,Medium
4503,1,0.36163989039615907,64,High
14932,0,0.1581620379778822,84,Medium
23099,0,0.05626211201311206,94,Low
17779,0,0.6175828385182204,38,High
14282,0,0.35546367878137364,64,High
25620,1,0.4027525845815168,60,High
14900,0,0.044790901842453296,96,Low
20413,0,0.04882204711053015,95,Low
10677,0,0.0627982194374458,94,Low
12517,1,0.19087401940918194,81,Medium
26428,0,0.10012204363878989,90,Medium
6854,1,0.0468041339944903,95,Low
5221,0,0.17991264649588187,82,Medium
16916,0,0.06207339361416181,94,Low
17206,0,0.19710971622415074,80,Medium
2684,0,0.05628892411654852,94,Low
10531,0,0.17439444026388493,83,Medium
8841,0,0.16965746311682647,83,Medium
5018,0,0.3657263798904236,63,High
22856,1,0.4333547874752963,57,High
2828,0,0.07082989588252607,93,Low
1841,0,0.12448048834807925,88,Medium
13513,1,0.1190457266288321,88,Medium
581,1,0.3333466647999868,67,High
29738,1,0.6358941856863551,36,High
15652,0,0.5432823324039456,46,High
26176,0,0.06405932600879607,94,Low
2841,0,0.12569710999754027,87,Medium
9541,0,0.10926286957005697,89,Medium
23953,1,0.357127016375867,64,High
29095,0,0.19347058469133196,81,Medium
5344,0,0.2728268513613454,73,High
27185,1,0.3870634543948667,61,High
2908,1,0.12980156877135432,87,Medium
17006,0,0.10671795654217099,89,Medium
10740,1,0.608524511677555,39,High
13784,1,0.6548264033005623,35,High
24996,0,0.04496225432513202,96,Low
29737,0,0.07088976819955396,93,Low
29017,0,0.20702180662885664,79,Medium
74,0,0.29739037059442025,70,High
5823,0,0.10962130028356061,89,Medium
18234,0,0.03874907044823786,96,Low
14205,1,0.33811466349278674,66,High
8898,0,0.28557651449889676,71,High
25626,0,0.07932974103512784,92,Low
26524,0,0.05227002577872103,95,Low
14998,0,0.0740531588361986,93,Low
11105,0,0.657833888408963,34,High
16371,0,0.11861687608909215,88,Medium
21490,0,0.17931561883825087,82,Medium
18650,0,0.06405017602786194,94,Low
2490,0,0.4150707926740684,58,High
4983,0,0.2010516878042419,80,Medium
25907,0,0.1553906226875825,84,Medium
6998,0,0.29789694860149946,70,High
17943,0,0.0538353603430014,95,Low
291,1,0.1480238782265545,85,Medium
21750,0,0.11884113351935156,88,Medium
13771,0,0.1469392376007471,85,Medium
67,1,0.6766806498657125,32,High
17488,0,0.08703612936700889,91,Low
10265,0,0.41856911999390317,58,High
7198,0,0.09137862795727221,91,Low
18070,0,0.22109841701444402,78,Medium
23284,0,0.10512687294688274,89,Medium
18613,0,0.05157409408834607,95,Low
781,0,0.2330720568892113,77,Medium
19729,0,0.10351675940102532,90,Medium
26624,0,0.1396373596701825,86,Medium
4056,0,0.11715851813475579,88,Medium
16914,0,0.16177121161364308,84,Medium
17763,0,0.34809281662716063,65,High
14600,0,0.08951295872665836,91,Low
312,0,0.0741058146352274,93,Low
19336,0,0.04798105783638951,95,Low
28124,1,0.2084612110077391,79,Medium
1143,0,0.08096481028796179,92,Low
17511,1,0.3476341299150309,65,High
14280,1,0.18785262212639195,81,Medium
4277,0,0.11150204163706386,89,Medium
25154,1,0.5589933082019497,44,High
2977,1,0.13588174458372893,86,Medium
29863,1,0.20658331303585817,79,Medium
29668,1,0.65587534878375,34,High
19332,0,0.19342665197867392,81,Medium
6024,0,0.17769767320784544,82,Medium
18484,0,0.15700753045744598,84,Medium
3521,0,0.30559850187398313,69,High
17595,0,0.32224090841585146,68,High
2857,0,0.30252923759073463,70,High
27282,0,0.462440121535749,54,High
14374,1,0.13382088757807395,87,Medium
13133,0,0.33037513995850143,67,High
5769,0,0.0890220365894291,91,Low
6509,0,0.05936755440243863,94,Low
9246,0,0.0933388682661576,91,Low
2817,0,0.1536393271011477,85,Medium
14812,0,0.136592336317814,86,Medium
10168,1,0.35927429869296956,64,High
23715,0,0.1335246841282659,87,Medium
25827,0,0.060072550180244925,94,Low
10405,0,0.29492458210688977,71,High
21440,1,0.21932308856298813,78,Medium
18511,0,0.14447870382038944,86,Medium
26682,0,0.1297330150922072,87,Medium
17342,0,0.08167502162684319,92,Low
5723,0,0.1486336311304043,85,Medium
7747,0,0.3948859119515576,61,High
25468,1,0.6912952856580826,31,High
5438,0,0.07009864373570149,93,Low
17626,0,0.588871031864678,41,High
15562,0,0.050851736008793426,95,Low
22249,0,0.06331145446679393,94,Low
27182,0,0.06728522248738711,93,Low
25477,0,0.0740495838340079,93,Low
670,1,0.7056722018020354,29,High
4416,0,0.2641338705144343,74,High
23296,0,0.11295833509317958,89,Medium
24003,0,0.058646104648670545,94,Low
8284,0,0.16146614085790034,84,Medium
20491,0,0.39592590786692167,60,High
22257,1,0.08799340760755879,91,Low
2720,0,0.10894361979666467,89,Medium
4944,0,0.11992950281334246,88,Medium
17078,0,0.29643881042544734,70,High
17136,0,0.1259883611501768,87,Medium
3091,0,0.1651789429534595,83,Medium
14467,0,0.05305874346708569,95,Low
3804,0,0.3621175578834548,64,High
21989,0,0.08903456597412139,91,Low
28927,1,0.3909878825326365,61,High
7233,0,0.3775957472210783,62,High
2091,0,0.4094666631541107,59,High
15181,1,0.6243940727292746,38,High
8086,0,0.040180758154180464,96,Low
26830,1,0.13743144052977535,86,Medium
2229,0,0.1436449556547601,86,Medium
19484,0,0.08402302478973844,92,Low
14906,0,0.08214896064406002,92,Low
18377,0,0.07863833673646495,92,Low
10195,1,0.5920261420183415,41,High
11860,0,0.04650450515535403,95,Low
13345,1,0.3448655108886411,66,High
23287,0,0.46392189462821926,54,High
22102,1,0.14464178694168386,86,Medium
15192,0,0.1017392775289957,90,Medium
16008,0,0.6391983846098866,36,High
28167,1,0.1315105684926684,87,Medium
6059,0,0.06647411216847986,93,Low
11656,0,0.14427976944615237,86,Medium
7255,0,0.17695658623148533,82,Medium
19300,0,0.08323244297940864,92,Low
10790,0,0.257943762907023,74,High
22650,0,0.07996900967285303,92,Low
21925,0,0.12259120639170547,88,Medium
2382,0,0.04767023168701426,95,Low
4319,0,0.07443459814223595,93,Low
9731,0,0.5459065824344703,45,High
34,0,0.05042453568109833,95,Low
25341,0,0.07231669271346221,93,Low
16431,0,0.03961822301634942,96,Low
3853,1,0.2983777308935875,70,High
13877,0,0.5581421310992241,44,High
23187,1,0.13626990750644574,86,Medium
10286,0,0.04638842272092125,95,Low
19198,0,0.04624234106508882,95,Low
29528,0,0.09284742419492326,91,Low
17207,0,0.11203014333441269,89,Medium
4880,1,0.09738830137400235,90,Low
28631,0,0.050508223964218064,95,Low
15591,0,0.12255032726982767,88,Medium
5554,0,0.18911976157936664,81,Medium
29997,0,0.11228463434474478,89,Medium
11266,0,0.2517466586737643,75,High
20944,1,0.6686836495721126,33,High
9003,1,0.3368786426027797,66,High
20352,0,0.12926020743464686,87,Medium
9828,0,0.11626616587838108,88,Medium
19157,0,0.1332502150441334,87,Medium
12441,0,0.05419785566760051,95,Low
9390,0,0.5526195679452017,45,High
17725,1,0.5866660573315082,41,High
23782,1,0.6556561661799711,34,High
18410,1,0.6906994825606821,31,High
20273,1,0.6977058360452356,30,High
17030,0,0.14837632046956648,85,Medium
18931,0,0.3102555853904889,69,High
874,0,0.0898702675428582,91,Low
13391,1,0.6282545474791222,37,High
10533,0,0.08806477812719232,91,Low
362,0,0.05700191337506111,94,Low
18817,0,0.048969292154526424,95,Low
3052,0,0.07186417559857206,93,Low
7165,1,0.1771516924786465,82,Medium
693,1,0.5841681652231744,42,High
7430,1,0.19205338215094114,81,Medium
19714,0,0.09815928996358425,90,Low
24871,1,0.1017757066566732,90,Medium
11736,0,0.14789753572722186,85,Medium
6873,0,0.07973994367057827,92,Low
9316,0,0.24316662487112647,76,Medium
92,0,0.13577290392791683,86,Medium
3392,0,0.12847155731574253,87,Medium
6456,0,0.582409305036199,42,High
7501,0,0.15669869354031338,84,Medium
12526,1,0.2899788018593621,71,High
21771,0,0.07468272591597641,93,Low
26336,1,0.0769795778260892,92,Low
28424,0,0.06965717881964495,93,Low
13975,0,0.28938796346909257,71,High
380,1,0.08944846715812899,91,Low
19454,1,0.3009983652584864,70,High
18469,0,0.08365419014172541,92,Low
13921,0,0.08686429780029213,91,Low
12083,0,0.12213677191222329,88,Medium
19887,0,0.07461042858187446,93,Low
656,1,0.07266944976512997,93,Low
15453,0,0.21002792133528692,79,Medium
2953,0,0.3955347641733516,60,High
19123,0,0.0929314653994615,91,Low
23636,1,0.44743888821170374,55,High
1601,0,0.17044110743385874,83,Medium
10523,0,0.10393729014279311,90,Medium
25755,0,0.04650908627496126,95,Low
646,0,0.39313529059625546,61,High
24098,0,0.1212090615499574,88,Medium
3439,0,0.08191653936987768,92,Low
21619,0,0.34376136171382504,66,High
8634,0,0.07767387367379698,92,Low
352,0,0.04940841606687857,95,Low
28216,0,0.22988329590071452,77,Medium
26687,0,0.5925739221140115,41,High
18163,0,0.298064195827556,70,High
17243,0,0.23676716306680193,76,Medium
28825,0,0.059684341665058094,94,Low
19750,0,0.11584409297072858,88,Medium
15684,0,0.4950032363164123,50,High
19429,0,0.37726549338158,62,High
28667,1,0.13495297061670383,87,Medium
23785,0,0.06914827213989144,93,Low
22199,0,0.11284746471711438,89,Medium
91,1,0.679004462946151,32,High
10834,1,0.11158126696766697,89,Medium
1298,0,0.10336109577972935,90,Medium
3721,1,0.25533128884134243,74,High
24750,0,0.2139929862337208,79,Medium
5319,0,0.0668391825342094,93,Low
19682,0,0.11663938648068055,88,Medium
14108,0,0.06140315430508821,94,Low
20357,0,0.11697833935276837,88,Medium
5023,0,0.20200318600201592,80,Medium
21325,0,0.2714441730775819,73,High
17393,0,0.10396715585216836,90,Medium
25638,0,0.055747609015941245,94,Low
7978,1,0.125867914110687,87,Medium
13916,0,0.12424803908076194,88,Medium
6086,1,0.3737342608646364,63,High
17842,0,0.3416841180250487,66,High
21346,0,0.05827678790596408,94,Low
24745,0,0.06348565520127236,94,Low
1774,1,0.6882057543993523,31,High
6386,0,0.11954591584468001,88,Medium
17121,0,0.2990776542763148,70,High
12712,0,0.04933166493287675,95,Low
12553,1,0.13073313569824424,87,Medium
22898,1,0.7131564290899979,29,High
9505,0,0.06988330763866428,93,Low
7746,0,0.07124231842072587,93,Low
20220,0,0.05587634503504529,94,Low
8663,0,0.06280185652468309,94,Low
5350,1,0.5155800064993904,48,High
6130,1,0.6357882364089923,36,High
27894,0,0.07564487372599027,92,Low
983,1,0.045345044854956086,95,Low
22530,0,0.1543286707970287,85,Medium
11402,0,0.0669476285114536,93,Low
16272,0,0.08015187888324425,92,Low
9191,1,0.6410279763011352,36,High
21146,0,0.09331185145282432,91,Low
10613,0,0.10712761266135871,89,Medium
10095,0,0.1740709044082488,83,Medium
18546,0,0.13283772939664423,87,Medium
7243,0,0.12741733237758546,87,Medium
17405,0,0.07586016814320161,92,Low
16703,0,0.13657673991638422,86,Medium
6323,0,0.08242820509227945,92,Low
2611,0,0.04930577546070176,95,Low
9021,0,0.06528473771458718,93,Low
18545,0,0.08491477838254684,92,Low
20995,0,0.08919778452578749,91,Low
24576,0,0.11615060209139626,88,Medium
4655,0,0.180693301995742,82,Medium
25568,0,0.040997009117822995,96,Low
11893,0,0.34751108661276303,65,High
13193,0,0.08941848242750945,91,Low
8148,1,0.2849686357601733,72,High
14682,0,0.04789207710119462,95,Low
22453,0,0.13881429649733099,86,Medium
15363,0,0.05823931907834485,94,Low
11774,0,0.18585421552498071,81,Medium
15189,0,0.05670558219756478,94,Low
305,0,0.14113105581903854,86,Medium
2702,0,0.25946773881609314,74,High
28716,0,0.04267259158954889,96,Low
6564,0,0.0884318771900593,91,Low
21416,0,0.21818064430540718,78,Medium
13853,0,0.074755938096613,93,Low
28093,0,0.07568616221789459,92,Low
8083,1,0.5973493087677647,40,High
1643,1,0.19093525699084588,81,Medium
6859,0,0.18028470809642896,82,Medium
10151,0,0.0989706533843534,90,Low
1771,0,0.16849443659983795,83,Medium
22361,0,0.12797641380607747,87,Medium
24208,0,0.058091477228298466,94,Low
12321,0,0.25710525284016106,74,High
27761,0,0.1244192090853445,88,Medium
29171,1,0.5210626803467956,48,High
23330,0,0.06908942555781959,93,Low
29492,1,0.14617172158416322,85,Medium
23477,0,0.038471529405873596,96,Low
6273,0,0.14039277074178158,86,Medium
17570,1,0.6704549022399687,33,High
19153,0,0.05861978080702571,94,Low
27352,0,0.16493728273673738,84,Medium
13190,0,0.11302196004049649,89,Medium
7544,0,0.05105115816873614,95,Low
5262,0,0.1060976473017969,89,Medium
18301,0,0.18096277114638082,82,Medium
10937,1,0.6957989304030393,30,High
10697,1,0.40625388258007716,59,High
17506,0,0.04249431259979488,96,Low
21223,0,0.126544013244132,87,Medium
13479,1,0.698744403048063,30,High
12179,0,0.052766765374241825,95,Low
1106,0,0.10864984629357126,89,Medium
14418,0,0.08866619972800781,91,Low
8215,0,0.3403997273335902,66,High
3010,1,0.6857115585496132,31,High
9521,0,0.1306799818009913,87,Medium
5717,0,0.05190937825829997,95,Low
13731,1,0.31569209934889503,68,High
20794,0,0.537362372993709,46,High
12820,0,0.6797654320776818,32,High
28938,0,0.13156643565330875,87,Medium
26408,0,0.15946424116751876,84,Medium
20564,0,0.2026904852475808,80,Medium
10617,0,0.050256233898511464,95,Low
19014,1,0.1748520048823142,83,Medium
5544,0,0.2794721217837328,72,High
17584,1,0.07253290324479478,93,Low
8615,0,0.0923309067379235,91,Low
22169,1,0.6447164098812491,36,High
7619,0,0.1824919501761213,82,Medium
24402,0,0.09761406692290935,90,Low
17238,0,0.0537220988322079,95,Low
7290,0,0.15983706420952778,84,Medium
27777,0,0.05369922211888833,95,Low
16576,0,0.22844252373430063,77,Medium
8092,0,0.4213409779038755,58,High
21166,1,0.6911700458871227,31,High
5012,1,0.13883062836691593,86,Medium
2093,0,0.22246718065532678,78,Medium
18390,0,0.052220762129592556,95,Low
21716,1,0.5681501153485353,43,High
27944,0,0.16444045215487058,84,Medium
22553,0,0.10093660825246988,90,Medium
27691,0,0.10991815339987748,89,Medium
10794,1,0.09688328834402272,90,Low
3642,0,0.05545777532704519,94,Low
18803,0,0.06430745761141761,94,Low
16761,0,0.07176766286843066,93,Low
27590,1,0.4213882524452681,58,High
5460,0,0.041520112670573935,96,Low
24199,0,0.4426767944699758,56,High
18688,0,0.6948767210725638,31,High
25231,0,0.1928772742308742,81,Medium
25847,0,0.09147423501889473,91,Low
19860,0,0.07567578410557751,92,Low
24612,0,0.11311089418023419,89,Medium
21598,0,0.276294009767249,72,High
13634,0,0.1904950456398482,81,Medium
7974,0,0.4849626944281053,52,High
20011,1,0.39825543550604564,60,High
951,1,0.14652183560683138,85,Medium
26456,0,0.06737539936205696,93,Low
5949,0,0.08061833503401378,92,Low
27874,0,0.050436030133394295,95,Low
20757,1,0.7030504784490764,30,High
20667,0,0.12237271741246127,88,Medium
2539,0,0.10264962184634226,90,Medium
16082,0,0.1732388530067546,83,Medium
3243,1,0.6795507335481266,32,High
5764,0,0.1386097786157302,86,Medium
5001,0,0.24741866168688575,75,Medium
11976,0,0.15989272681144676,84,Medium
12742,0,0.08407128821857428,92,Low
3332,0,0.20718885598196915,79,Medium
13880,0,0.1308007872251208,87,Medium
